Run_Name,Trial_Number,Val_Acc_Best,Status,dropout,weight_decay,lr
daily_2644t_risk_off_ridge,0,,FAILED,0.1958440110134681,6.726096969885274,0.006909108577070346
daily_2644t_risk_off_ridge,1,,FAILED,0.033890689217364545,0.00023504298010588827,0.0015303398832399366
daily_2644t_risk_off_ridge,2,,FAILED,0.11195669511751394,4.258357642745133,0.0010567684038061348
daily_2644t_risk_off_ridge,3,,FAILED,0.20790592523938362,0.0007991253715745608,0.0012612427586685456
daily_2644t_risk_off_ridge,4,,FAILED,0.4944658181366194,0.0035961741871834017,0.007660050492125047
daily_2644t_risk_off_ridge,5,,FAILED,0.10239457460299467,5.884105052078459,0.0034562531180332276
daily_2644t_risk_off_ridge,6,,FAILED,0.38100306848444226,0.015343171981668355,0.015016576133249368
daily_2644t_risk_off_ridge,7,,FAILED,0.25197009939902787,0.0009359117007507933,0.003619114813983691
daily_2644t_risk_off_ridge,8,,FAILED,0.39056268752939144,0.009732316712434868,0.0004366470039445087
daily_2644t_risk_off_ridge,9,,FAILED,0.04854158194997055,0.00012503740423202997,0.0014717779427644534
daily_2644t_risk_off_ridge,10,,FAILED,0.22952679160265985,0.29483731634034527,5.5331486817666754e-05
daily_2644t_risk_off_ridge,11,,FAILED,0.006681647246303272,0.16962376457790107,0.047524367477057704
daily_2644t_risk_off_ridge,12,,FAILED,0.14058830449295195,0.23120681735029597,0.00015374776002651452
daily_2644t_risk_off_ridge,13,,FAILED,0.31186578825917244,0.00010379563577348878,0.020542168883957476
daily_2644t_risk_off_ridge,14,,FAILED,0.18420574715372395,1.3898228850960928,0.00045468597432994087
daily_2644t_risk_off_ridge,15,,FAILED,0.06794099681822996,0.059643089831139334,0.004266100136063931
daily_2644t_risk_off_ridge,16,,FAILED,0.009821194926211557,1.2162928455506052,0.009222466764109137
daily_2644t_risk_off_ridge,17,,FAILED,0.3045993575252688,0.0007045776757948132,0.00033093474146855237
daily_2644t_risk_off_ridge,18,,FAILED,0.15641166738864398,0.05146391503387676,0.0024259308663649786
daily_2644t_risk_off_ridge,19,,FAILED,0.2923371475018378,0.0025234952852858372,0.028337291101439187
daily_2644t_risk_off_ridge,20,,FAILED,0.36806072241775656,1.8359767079388687,0.007342752512503294
daily_2644t_risk_off_ridge,21,,FAILED,0.11394558861441205,2.856859183793732,0.0009033989008131756
daily_2644t_risk_off_ridge,22,,FAILED,0.08269952956663278,8.815794833756197,0.0008538873445340238
daily_2644t_risk_off_ridge,23,,FAILED,0.15791308262524908,0.5655186047156414,0.002492216109310435
daily_2644t_risk_off_ridge,24,,FAILED,0.059699381685714294,4.208679235723035,0.0002156857532217453
daily_2644t_risk_off_ridge,25,,FAILED,0.11520098050167277,0.6185597440429758,0.0008263823742973655
daily_2644t_risk_off_ridge,26,,FAILED,0.03253929930441572,0.0003340387519892857,0.0021897042971955705
daily_2644t_risk_off_ridge,27,,FAILED,0.18739807149581802,0.08563342439418362,0.005267853525281019
daily_2644t_risk_off_ridge,28,,FAILED,0.25923862960875577,0.02468633967222806,0.010760779260267379
daily_2644t_risk_off_ridge,29,,FAILED,0.18909449018980473,8.805437327496154,0.0013218538679992322
daily_2644t_risk_off_ridge,30,,FAILED,0.21435224858499916,0.006621359708645622,0.000585843148891323
daily_2644t_risk_off_ridge,31,,FAILED,0.14439670534019788,0.0022491004610369395,0.0013395060354675057
daily_2644t_risk_off_ridge,32,,FAILED,0.09188178867535532,0.0002553798659431144,0.0020615459384219622
daily_2644t_risk_off_ridge,33,,FAILED,0.4569368872573445,0.0011600252982198926,0.001052444089979194
daily_2644t_risk_off_ridge,34,,FAILED,0.12325511566204908,0.00037355208324753926,0.0054729574434828725
daily_2644t_risk_off_ridge,35,,FAILED,0.2121820132007843,0.005500867899478826,0.003177740916879122
daily_2644t_risk_off_ridge,36,,FAILED,0.26925521345687287,3.9229853429027073,0.0017724289087333075
daily_2644t_risk_off_ridge,37,,FAILED,0.030531421974617667,0.00017604618536179713,0.0005773274424225748
daily_2644t_risk_off_ridge,38,,FAILED,0.09229465348502529,0.0006700988926910062,0.0002269984014320574
daily_2644t_risk_off_ridge,39,,FAILED,0.1698381306785109,0.001458119106061954,0.013964388367170648
daily_2644t_risk_off_ridge,40,,FAILED,0.21812282900562674,0.687956816904113,0.00011287899175794625
daily_2644t_risk_off_ridge,41,,FAILED,0.46147999640136467,0.014263054899390507,0.0065913679612885035
daily_2644t_risk_off_ridge,42,,FAILED,0.43050695487115603,0.0024638781350026224,0.00401440590771265
daily_2644t_risk_off_ridge,43,,FAILED,0.3251627611964093,0.0006036626475251596,0.04737340672688374
daily_2644t_risk_off_ridge,44,,FAILED,0.24742653447003274,0.0001787036202653474,0.003173604912394621
daily_2644t_risk_off_ridge,45,,FAILED,0.4968686539779339,0.006034351533638888,0.0015179884605362923
daily_2644t_risk_off_ridge,46,,FAILED,0.3655668637644974,0.000411582689452588,0.01689975863616122
daily_2644t_risk_off_ridge,47,,FAILED,0.33473405639440046,0.00010105239714572185,0.0006239375614818256
daily_2644t_risk_off_ridge,48,,FAILED,0.281914225904061,0.13206821371180513,0.023437984154122134
daily_2644t_risk_off_ridge,49,,FAILED,0.12664950104181733,0.001582167069334126,0.00041873555430161497
daily_2644t_risk_off_ridge,50,,FAILED,0.03739022641311228,2.1073441393384265,0.010712246918304892
daily_2644t_risk_off_ridge,51,,FAILED,0.006431932404668727,5.7610019130373695,0.008303073526936083
daily_2644t_risk_off_ridge,52,,FAILED,0.06498503075822948,1.2026551855472403,0.0028356796493090707
daily_2644t_risk_off_ridge,53,,FAILED,0.09649156723578316,6.769003891951454,0.0046160450702628
daily_2644t_risk_off_ridge,54,,FAILED,0.2384508820516216,3.1233671130390857,0.0010547148152568445
daily_2644t_risk_off_ridge,55,,FAILED,0.16713070286273468,0.35376745158544626,0.006464303758099643
daily_2644t_risk_off_ridge,56,,FAILED,0.14061891654955397,0.02979564716070452,0.0017924657474510225
daily_2644t_risk_off_ridge,57,,FAILED,0.05523211957393423,0.0042986925751106785,0.012643694108666767
daily_2644t_risk_off_ridge,58,,FAILED,0.07366754428791575,4.777187360535058,0.003322906325302971
daily_2644t_risk_off_ridge,59,,FAILED,0.20416937023186355,1.958905042329233,0.0011338158289766927
daily_2644t_risk_off_ridge,60,,FAILED,0.022245370992459643,0.0009113253804632462,0.0025757411676388823
daily_2644t_risk_off_ridge,61,,FAILED,0.4139680021865608,0.0130478495269122,0.028519858588146273
daily_2644t_risk_off_ridge,62,,FAILED,0.48648435423945346,0.0038056059294177087,0.0007374326480888476
daily_2644t_risk_off_ridge,63,,FAILED,0.3805248239655007,0.015694176320591554,0.0046179120368998626
daily_2644t_risk_off_ridge,64,,FAILED,0.17889482924099645,0.06346470636478943,0.00894924839558298
daily_2644t_risk_off_ridge,65,,FAILED,0.10504082799887045,8.326605763517325,0.01766140928344037
daily_2644t_risk_off_ridge,66,,FAILED,0.1979110208752453,0.007753678799654026,0.005807052711845501
daily_2644t_risk_off_ridge,67,,FAILED,0.34608960676381145,1.0408239273985451,0.0020684577795314044
daily_2644t_risk_off_ridge,68,,FAILED,0.29895274271750294,0.02266780265861757,0.007623379928625031
daily_2644t_risk_off_ridge,69,,FAILED,0.4273281248345648,0.0001962428711755617,0.001237192181029578
daily_2644t_risk_off_ridge,70,,FAILED,0.40434944397924466,0.00046361924910837316,0.0015739727081231162
daily_2644t_risk_off_ridge,71,,FAILED,0.23181107429876976,0.0009748027586602775,0.003825855742228055
daily_2644t_risk_off_ridge,72,,FAILED,0.04573035561600067,0.003371259834871212,0.010142267179775797
daily_2644t_risk_off_ridge,73,,FAILED,0.15194451058778735,0.0018287297008934401,0.012826644737865767
daily_2644t_risk_off_ridge,74,,FAILED,0.2587946749106451,0.0003193058960558982,0.0009191758026413737
daily_2644t_risk_off_ridge,75,,FAILED,0.4677721631441954,3.0860767427816365,0.0022375965689392613
daily_2644t_risk_off_ridge,76,,FAILED,0.12543630280944418,0.0006630267439443069,0.003640662610157342
daily_2644t_risk_off_ridge,77,,FAILED,0.2830356509114955,0.0002667651554708647,0.004943115393278736
daily_2644t_risk_off_ridge,78,,FAILED,0.08472569867219726,5.779178665496767,0.001877584219688321
daily_2644t_risk_off_ridge,79,,FAILED,0.22300394868286755,0.0011124374274498682,0.0007101735002564697
daily_2644t_risk_off_ridge,80,,FAILED,0.4461813962703745,0.04090026796215467,0.00624939913530624
daily_2644t_risk_off_ridge,81,,FAILED,0.3145899593234174,0.010170511073113585,0.0002628694164907753
daily_2644t_risk_off_ridge,82,,FAILED,0.38888067346459876,0.021325916038647873,0.00011792805801455015
daily_2644t_risk_off_ridge,83,,FAILED,0.021533394521265473,0.0001434467435413833,0.0005035619358613561
daily_2644t_risk_off_ridge,84,,FAILED,0.3606448361043139,9.949798921984335,0.0003361171891791965
daily_2644t_risk_off_ridge,85,,FAILED,0.1772763435096481,0.009321482830506293,0.0014047093435250212
daily_2644t_risk_off_ridge,86,,FAILED,0.4776063716644164,0.0004845353764610083,7.140804120811062e-05
daily_2644t_risk_off_ridge,87,,FAILED,0.15898792137997503,0.002484552067868931,0.000908561525179946
daily_2644t_risk_off_ridge,88,,FAILED,0.11084346500306767,2.480584111958616,0.002922513733001569
daily_2644t_risk_off_ridge,89,,FAILED,0.19233479515713395,0.004678009128516771,0.0026045022092810815
daily_2644t_risk_off_ridge,90,,FAILED,0.44417514229912797,0.0014028279538680767,0.00039881090658360136
daily_2644t_risk_off_ridge,91,,FAILED,0.07990130195286538,0.00022605474829419942,0.0016294053541146718
daily_2644t_risk_off_ridge,92,,FAILED,0.05091107161126339,0.00010874343166111867,0.0011073140496992752
daily_2644t_risk_off_ridge,93,,FAILED,0.0006365120909759825,0.017507122495010394,0.03270645851366391
daily_2644t_risk_off_ridge,94,,FAILED,0.04181891557214676,3.806594526591531,0.01445919712534524
daily_2644t_risk_off_ridge,95,,FAILED,0.20932680875439255,0.00013313872023391058,0.007311070623077178
daily_2644t_risk_off_ridge,96,,FAILED,0.018775880447043113,0.1963692721365557,0.0012694864258040125
daily_2644t_risk_off_ridge,97,,FAILED,0.13191088249383323,0.002918153894981497,0.0019131481192253682
daily_2644t_risk_off_ridge,98,,FAILED,0.06476555397074596,0.010510936534638688,0.0007985164872804654
daily_2644t_risk_off_ridge,99,,FAILED,0.3286668956550001,0.1132634162223965,0.021287736217382825
daily_2644t_risk_off_ridge,100,,FAILED,0.24764622615295584,0.0019137713533779362,0.0006684342024087916
daily_2644t_risk_off_ridge,101,,FAILED,0.2279633625086626,0.42296315550116115,5.334061538623806e-05
daily_2644t_risk_off_ridge,102,,FAILED,0.2610589852797647,6.600836842570315,0.0023707062891800113
daily_2644t_risk_off_ridge,103,,FAILED,0.2721672159439263,0.8251699568638454,0.004156030112626997
daily_2644t_risk_off_ridge,104,,FAILED,0.17054663563070696,1.564044489743491,0.000151157584993168
daily_2644t_risk_off_ridge,105,,FAILED,0.23833796962384401,0.033439291072031155,0.005273079033867429
daily_2644t_risk_off_ridge,106,,FAILED,0.09845953934933781,0.000808683218092162,0.000980844013447656
daily_2644t_risk_off_ridge,107,,FAILED,0.35402057761036343,0.007453432517684416,0.010206311017759932
daily_2644t_risk_off_ridge,108,,FAILED,0.37810763525069024,5.246582521696548,0.001687143416185083
daily_2644t_risk_off_ridge,109,,FAILED,0.4994384941351931,0.00029498832001972794,0.0005298089989730441
daily_2644t_risk_off_ridge,110,,FAILED,0.20114876419803163,4.024626780658329,0.003512629313795041
daily_2644t_risk_off_ridge,111,,FAILED,0.029241377114400762,0.0648473246533576,0.048609366416217686
daily_2644t_risk_off_ridge,112,,FAILED,0.008919702512907718,7.239569099865413,0.01631633848450103
daily_2644t_risk_off_ridge,113,,FAILED,0.07318646449832354,0.21948027916123872,0.03028560157991225
daily_2644t_risk_off_ridge,114,,FAILED,0.03225190332557059,0.2749320283277702,0.038107287888825864
daily_2644t_risk_off_ridge,115,,FAILED,0.05749190973557357,0.0005353585383284135,0.0014194276586819053
daily_2644t_risk_off_ridge,116,,FAILED,0.4122834160136135,0.005463225659613585,0.008088021958414609
daily_2644t_risk_off_ridge,117,,FAILED,0.21335156351223802,0.00014195234174552474,0.00017398758286571897
daily_2644t_risk_off_ridge,118,,FAILED,0.01815283191399228,0.00036624090830098715,0.0029570049350622594
daily_2644t_risk_off_ridge,119,,FAILED,0.1857944393342719,0.042487394866101376,0.023153760222434285
daily_2644t_risk_off_ridge,120,,FAILED,0.3135526853541213,0.012234933723978655,0.01181784382742247
daily_2644t_risk_off_ridge,121,,FAILED,0.11513991125434454,0.4580137814459308,6.539325839557145e-05
daily_2644t_risk_off_ridge,122,,FAILED,0.14671622001291662,0.20950486898466147,9.577550202323931e-05
daily_2644t_risk_off_ridge,123,,FAILED,0.13809858436977762,0.12020751224946881,0.00023666801870850796
daily_2644t_risk_off_ridge,124,,FAILED,0.099538650275521,2.3816955253648673,0.00030820334028814716
daily_2644t_risk_off_ridge,125,,FAILED,0.08182374542197829,0.2865869631602501,0.00010261365286481919
daily_2644t_risk_off_ridge,126,,FAILED,0.16490146196425368,0.14534090811371367,0.0011973216309112858
daily_2644t_risk_off_ridge,127,,FAILED,0.22018350581003646,0.0001862686769012885,0.00014978138792897088
daily_2644t_risk_off_ridge,128,,FAILED,0.04084634380493935,0.8699117073439508,0.041160785997874254
daily_2644t_risk_off_ridge,129,,FAILED,0.2894768644732629,0.07529551469033,0.002143011075921808
daily_2644t_risk_off_ridge,130,,FAILED,0.00195957140629327,0.5826477118009141,0.01878937691257212
daily_2644t_risk_off_ridge,131,,FAILED,0.33599291130759085,0.00022621411371012167,0.025938579769098743
daily_2644t_risk_off_ridge,132,,FAILED,0.2389729603787979,0.019734484673747242,7.375174943122065e-05
daily_2644t_risk_off_ridge,133,,FAILED,0.4283501937327033,0.00011372601618741309,0.014519505803389473
daily_2644t_risk_off_ridge,134,,FAILED,0.27154677661586135,8.236220741304987,0.009390554194066484
daily_2644t_risk_off_ridge,135,,FAILED,0.29981572242615045,0.02583907584228723,0.00018223174665378875
daily_2644t_risk_off_ridge,136,,FAILED,0.3878533883536999,0.00013023462463730235,0.0068511787203004975
daily_2644t_risk_off_ridge,137,,FAILED,0.2550518542166253,0.0034071270333683444,0.0015154989862854015
daily_2644t_risk_off_ridge,138,,FAILED,0.19184917298909587,0.0001671595366859442,0.004710775965059545
daily_2644t_risk_off_ridge,139,,FAILED,0.39508657900833494,0.0012667773761860495,0.0008002802001257562
daily_2644t_risk_off_ridge,140,,FAILED,0.45368040576822644,3.2978463773314997,0.01963486754479061
daily_2644t_risk_off_ridge,141,,FAILED,0.199408107106865,1.3562450534692836,0.00027382901036043865
daily_2644t_risk_off_ridge,142,,FAILED,0.1824417666053662,4.667796349249208,0.03670988015521295
daily_2644t_risk_off_ridge,143,,FAILED,0.16012931910379857,1.7363204913239578,5.076392398453746e-05
daily_2644t_risk_off_ridge,144,,FAILED,0.10981525969489421,6.0676052816895965,0.001053447626859324
daily_2644t_risk_off_ridge,145,,FAILED,0.2328479279600738,0.00010176136678790676,0.0004696155753929974
daily_2644t_risk_off_ridge,146,,FAILED,0.1235437631539517,0.16544847057270612,0.0005752398042631043
daily_2644t_risk_off_ridge,147,,FAILED,0.1480802681850268,0.10361409011309741,0.0018223912913672184
daily_2644t_risk_off_ridge,148,,FAILED,0.20476440069125668,0.0007119375707262013,0.0059865379247978955
daily_2644t_risk_off_ridge,149,,FAILED,0.17416021370685925,0.3750588353972762,8.379653098649167e-05
daily_2644t_risk_off_ridge,150,,FAILED,0.13642988016545943,0.0003151636350054759,0.00036569966026724895
daily_2644t_risk_off_ridge,151,,FAILED,0.0655162442063789,0.3115987015464982,0.004026522129001904
daily_2644t_risk_off_ridge,152,,FAILED,0.013446622547912904,0.0537715980639549,0.005429471364926301
daily_2644t_risk_off_ridge,153,,FAILED,0.07280105522537848,0.09380026138135407,0.011738935653961608
daily_2644t_risk_off_ridge,154,,FAILED,0.0861824415658351,0.036810290416202644,0.004213565164458834
daily_2644t_risk_off_ridge,155,,FAILED,0.048610163107117944,0.01692480412080782,0.0026604409384129485
daily_2644t_risk_off_ridge,156,,FAILED,0.033424923165456664,0.008127617110458753,0.0013220248135143908
daily_2644t_risk_off_ridge,157,,FAILED,0.2170036722420296,9.901300581777221,0.003446237667071762
daily_2644t_risk_off_ridge,158,,FAILED,0.4710811344991895,0.00016958550595364973,0.00012460601531655912
daily_2644t_risk_off_ridge,159,,FAILED,0.37246830360957145,0.0019530364392216248,0.00019429264325024524
daily_2644t_risk_off_ridge,160,,FAILED,0.051659754765511136,3.4580013629962933,0.0023356687966223995
daily_2644t_risk_off_ridge,161,,FAILED,0.02525944584992848,0.17738433179359359,0.007907333369828193
daily_2644t_risk_off_ridge,162,,FAILED,0.3467069724316202,0.24446024602204636,0.008671613388813539
daily_2644t_risk_off_ridge,163,,FAILED,0.01437018019360831,0.8060767086323914,0.015390888579871849
daily_2644t_risk_off_ridge,164,,FAILED,0.3144083949525562,1.269591894564894,0.010141108671458909
daily_2644t_risk_off_ridge,165,,FAILED,0.03457639408855867,0.45074820137051297,0.012343114904737931
daily_2644t_risk_off_ridge,166,,FAILED,0.2433455953086719,0.0002536341626318923,0.007012678665098028
daily_2644t_risk_off_ridge,167,,FAILED,0.001039566492961234,2.108161247151434,0.0060825922392137
daily_2644t_risk_off_ridge,168,,FAILED,0.4838198205010641,4.770745467572832,0.0009664408463554282
daily_2644t_risk_off_ridge,169,,FAILED,0.22323635083629012,0.012660541240112434,0.0019727769135742526
daily_2644t_risk_off_ridge,170,,FAILED,0.05927447420283098,0.005454675616777916,0.0014320646547250177
daily_2644t_risk_off_ridge,171,,FAILED,0.30194017861298206,0.0007104216462740431,0.0002925007755629557
daily_2644t_risk_off_ridge,172,,FAILED,0.2636248087803973,0.0004962720338268812,0.00041657374282973983
daily_2644t_risk_off_ridge,173,,FAILED,0.09425003586596967,0.0009132871020266286,0.0011653794614349467
daily_2644t_risk_off_ridge,174,,FAILED,0.2785522075686526,0.00038618293917955975,0.00048275047978390114
daily_2644t_risk_off_ridge,175,,FAILED,0.20779558715009894,2.6213891565896112,0.00024094148379547305
daily_2644t_risk_off_ridge,176,,FAILED,0.35988545727404186,0.0011051238416292652,0.0005916168996790836
daily_2644t_risk_off_ridge,177,,FAILED,0.43810251792899735,6.62605130036905,0.004740776997835494
daily_2644t_risk_off_ridge,178,,FAILED,0.3392522495323671,0.0015429135977966285,0.0007269316273252732
daily_2644t_risk_off_ridge,179,,FAILED,0.021401913723249746,0.5384015789339902,0.00037314978445476533
daily_2644t_risk_off_ridge,180,,FAILED,0.11875515260996806,7.841579784622056,0.003104048202907803
daily_2644t_risk_off_ridge,181,,FAILED,0.19122609319736683,0.0481280080707827,0.001584987603552743
daily_2644t_risk_off_ridge,182,,FAILED,0.18001715127690185,0.02966383180662627,0.025606302074206014
daily_2644t_risk_off_ridge,183,,FAILED,0.15984375612331764,0.14267986264549623,0.003812252819997405
daily_2644t_risk_off_ridge,184,,FAILED,0.4062169682004337,0.00014451383905168412,0.002401888352932207
daily_2644t_risk_off_ridge,185,,FAILED,0.1280335005026686,0.07202049463801237,0.0028298302708655485
daily_2644t_risk_off_ridge,186,,FAILED,0.1527198562233998,5.2279088660629975,0.00032506786150064796
daily_2644t_risk_off_ridge,187,,FAILED,0.10459267391938189,1.005928072055517,0.0017614978106427002
daily_2644t_risk_off_ridge,188,,FAILED,0.16968326537873804,0.0005891594452163905,0.0032162456852177
daily_2644t_risk_off_ridge,189,,FAILED,0.2290785911537846,0.06047700479688206,0.005341180427244625
daily_2644t_risk_off_ridge,190,,FAILED,0.3217710377056624,0.002427080289794633,0.0001365728725824081
daily_2644t_risk_off_ridge,191,,FAILED,0.24961548554614027,0.006611416157850403,0.028409842175038804
daily_2644t_risk_off_ridge,192,,FAILED,0.2902455985094113,0.004697477492030995,0.022183138600576115
daily_2644t_risk_off_ridge,193,,FAILED,0.3223825029068725,0.0029387265889965356,0.04508902481104258
daily_2644t_risk_off_ridge,194,,FAILED,0.19920424689045296,0.08788306706516824,0.017834121138305927
daily_2644t_risk_off_ridge,195,,FAILED,0.30156047718168255,0.00019867642518507165,0.03566890107240495
daily_2644t_risk_off_ridge,196,,FAILED,0.03932313429485505,0.00010286754407868791,0.0013140216199019664
daily_2644t_risk_off_ridge,197,,FAILED,0.14226085747575637,0.6242574577602621,0.02059809503822727
daily_2644t_risk_off_ridge,198,,FAILED,0.287780784357697,0.0012847124994951331,0.032688728405024445
daily_2644t_risk_off_ridge,199,,FAILED,0.1879817509154329,0.02598915061837284,0.0020661047934856774
daily_2644t_risk_off_ridge,200,,FAILED,0.008216797431930371,3.9414735798333935,0.0008585165607581851
daily_2644t_risk_off_ridge,201,,FAILED,0.38789555315565566,1.3808366388984645,0.009024346139230094
daily_2644t_risk_off_ridge,202,,FAILED,0.3678220692939319,0.0008586062702720548,0.007120474716329695
daily_2644t_risk_off_ridge,203,,FAILED,0.31046997578264784,2.110628617267613,0.0043425347208235375
daily_2644t_risk_off_ridge,204,,FAILED,0.3958851073698193,1.7030886076202314,0.013508235036731136
daily_2644t_risk_off_ridge,205,,FAILED,0.4212232263421881,1.0748764266022601,0.010843030776378085
daily_2644t_risk_off_ridge,206,,FAILED,0.20838477443099984,0.044576978117145984,0.008055421202298905
daily_2644t_risk_off_ridge,207,,FAILED,0.35031623543291096,0.00042748797559307404,0.0037677965904438808
daily_2644t_risk_off_ridge,208,,FAILED,0.38119643941485004,2.9115822794517996,0.006223155456485184
daily_2644t_risk_off_ridge,209,,FAILED,0.3329248652658371,0.00013015997736549127,0.00045017752950084525
daily_2644t_risk_off_ridge,210,,FAILED,0.04355520712861724,0.004060507154089177,5.863216773275679e-05
daily_2644t_risk_off_ridge,211,,FAILED,0.11582858148803625,3.2426051312920996,0.0010640727930995354
daily_2644t_risk_off_ridge,212,,FAILED,0.087862117621126,4.181364510527998,0.0013835681968738906
daily_2644t_risk_off_ridge,213,,FAILED,0.13539495825083275,2.710959248117623,0.0011249951225906247
daily_2644t_risk_off_ridge,214,,FAILED,0.10419164970628686,0.009677992701498685,0.0016339555385304018
daily_2644t_risk_off_ridge,215,,FAILED,0.06817839868433262,1.7507796601117225,0.0006501717314702278
daily_2644t_risk_off_ridge,216,,FAILED,0.028723245426106922,6.54700593076675,0.0008372155883801308
daily_2644t_risk_off_ridge,217,,FAILED,0.21581836989728742,0.0010512366983413156,0.0002134442901516699
daily_2644t_risk_off_ridge,218,,FAILED,0.019696796678042215,4.974309509209296,8.733442103757086e-05
daily_2644t_risk_off_ridge,219,,FAILED,0.12536626037081325,0.0019402657960143478,0.02576151822538088
daily_2644t_risk_off_ridge,220,,FAILED,0.27219537365514646,2.049764651231056,0.0005581748443423248
daily_2644t_risk_off_ridge,221,,FAILED,0.058332851125514285,9.05495108971294,0.000978016189406673
daily_2644t_risk_off_ridge,222,,FAILED,0.07599793173332565,7.368240326460333,0.0011671942441259596
daily_2644t_risk_off_ridge,223,,FAILED,0.08688950599895696,0.015153672582671933,0.0007941148624374528
daily_2644t_risk_off_ridge,224,,FAILED,0.112779234960173,0.3279806592248656,0.0009088743101981259
daily_2644t_risk_off_ridge,225,,FAILED,0.09031820920388489,5.964056151636546,0.0012783984377729661
daily_2644t_risk_off_ridge,226,,FAILED,0.10072732614345409,0.22649801107925246,0.016783452555941148
daily_2644t_risk_off_ridge,227,,FAILED,0.07345050872955348,0.0007405497691190531,0.005020000243121227
daily_2644t_risk_off_ridge,228,,FAILED,0.23302599619666778,9.714647070143661,0.009425047783402474
daily_2644t_risk_off_ridge,229,,FAILED,0.29702510256013515,0.019999977815690878,0.006823837241653739
daily_2644t_risk_off_ridge,230,,FAILED,0.372675661019326,0.0005846676146860931,0.0014693710507301045
daily_2644t_risk_off_ridge,231,,FAILED,0.15408542562367603,0.7811422813780399,0.0025236114331814844
daily_2644t_risk_off_ridge,232,,FAILED,0.16596255940835367,0.3975260727869616,0.0028748438891577806
daily_2644t_risk_off_ridge,233,,FAILED,0.17575259950779276,0.27020743482618476,0.043029390979202976
daily_2644t_risk_off_ridge,234,,FAILED,0.1484021096485287,0.18925688810552718,0.0018341465403691908
daily_2644t_risk_off_ridge,235,,FAILED,0.05218266180832098,0.11791516376359402,0.003436197348562648
daily_2644t_risk_off_ridge,236,,FAILED,0.13150918111059826,1.3812590740274577,0.0021799153865320183
daily_2644t_risk_off_ridge,237,,FAILED,0.010543249207223951,1.109753759088751,0.00038707830863718743
daily_2644t_risk_off_ridge,238,,FAILED,0.19711051654102835,0.528662373416135,0.0006634059446217153
daily_2644t_risk_off_ridge,239,,FAILED,0.2542674007393415,4.610787291352453,0.02926065390141536
daily_2644t_risk_off_ridge,240,,FAILED,0.18092269957451576,0.0001582377475460624,0.0003389893722188937
daily_2644t_risk_off_ridge,241,,FAILED,0.06254068150737138,3.6013542868299666,0.04897492112787804
daily_2644t_risk_off_ridge,242,,FAILED,0.45925866142962424,5.412627076267727,0.00016389845416622727
daily_2644t_risk_off_ridge,243,,FAILED,0.0467313414371464,7.229286812559894,0.0004770348252991021
daily_2644t_risk_off_ridge,244,,FAILED,0.09804967906344103,0.0015498146970485303,0.0002656973420821378
daily_2644t_risk_off_ridge,245,,FAILED,0.3101452791072843,2.7726504234710223,0.00019882037941810387
daily_2644t_risk_off_ridge,246,,FAILED,0.06820368350226273,0.03576735089111615,0.00030041117132521817
daily_2644t_risk_off_ridge,247,,FAILED,0.08050780044116208,4.327535175171996,0.00010883976234017081
daily_2644t_risk_off_ridge,248,,FAILED,0.11938701714990903,1.5458031880793375,0.007633771940427765
daily_2644t_risk_off_ridge,249,,FAILED,0.3995053563083023,0.0030198488718764455,0.005758960639515797
daily_2644t_risk_off_ridge,250,,FAILED,0.2204001442685378,0.000262292327026054,0.004365986729529858
daily_2644t_risk_off_ridge,251,,FAILED,0.14197269216755862,3.5461915416142733,0.0016071620972878818
daily_2644t_risk_off_ridge,252,,FAILED,0.36291514870973357,0.1560235293969004,0.00024840455206896495
daily_2644t_risk_off_ridge,253,,FAILED,0.15883369831580385,6.398721843506135,0.001218795763610613
daily_2644t_risk_off_ridge,254,,FAILED,0.0007169560920558277,0.0023254858335791883,0.0010300950414414464
daily_2644t_risk_off_ridge,255,,FAILED,0.033380751287311945,2.435325513908779,0.023432700393965885
daily_2644t_risk_off_ridge,256,,FAILED,0.05902516489017081,0.00010154559343288038,0.0035074034193228326
daily_2644t_risk_off_ridge,257,,FAILED,0.19138097785616914,0.011973399095053603,0.008803750955044515
daily_2644t_risk_off_ridge,258,,FAILED,0.09296479304769543,0.000205708988775511,0.00041252164472997216
daily_2644t_risk_off_ridge,259,,FAILED,0.10569243567097499,0.005725566176044135,0.011273908660584803
daily_2644t_risk_off_ridge,260,,FAILED,0.41354230771292244,0.6919521319761921,0.002707957286357762
daily_2644t_risk_off_ridge,261,,FAILED,0.28282168489138204,0.9947901437815645,0.014502336232419448
daily_2644t_risk_off_ridge,262,,FAILED,0.3848846343565048,0.33356318611377217,0.0013916428822667549
daily_2644t_risk_off_ridge,263,,FAILED,0.3224688522961803,0.05984961889674075,0.0031821739255386925
daily_2644t_risk_off_ridge,264,,FAILED,0.07981617075830288,0.00013159428105022832,0.01818593017935917
daily_2644t_risk_off_ridge,265,,FAILED,0.21084615984970426,1.8681901726348122,0.0005343595943663037
daily_2644t_risk_off_ridge,266,,FAILED,0.04505229179945038,5.512131520968645,0.00013380924953356897
daily_2644t_risk_off_ridge,267,,FAILED,0.014172144701718643,0.007541961383195014,0.006536696593535441
daily_2644t_risk_off_ridge,268,,FAILED,0.4879854700397304,0.00033151625937908675,0.0009106343167035636
daily_2644t_risk_off_ridge,269,,FAILED,0.23944506965572127,0.001270510712148614,0.0007354204428372753
daily_2644t_risk_off_ridge,270,,FAILED,0.2635581081768106,7.942223348816477,0.00200017619126765
daily_2644t_risk_off_ridge,271,,FAILED,0.024506296933196413,0.2484668726707626,0.02067142885127068
daily_2644t_risk_off_ridge,272,,FAILED,0.18567110891782118,4.063431010866584,0.00021698070910613563
daily_2644t_risk_off_ridge,273,,FAILED,0.19988191274386888,0.000877703916844602,0.005051624743561932
daily_2644t_risk_off_ridge,274,,FAILED,0.11523518373403027,3.1659548560032773,0.00035718687716683163
daily_2644t_risk_off_ridge,275,,FAILED,0.16515290733970195,0.026348350380316816,0.0010711123307590108
daily_2644t_risk_off_ridge,276,,FAILED,0.17632916847606528,0.0004758315713542631,0.032481174012330756
daily_2644t_risk_off_ridge,277,,FAILED,0.3411364525123767,2.1631701206525538,0.038179913337724476
daily_2644t_risk_off_ridge,278,,FAILED,0.2950205266230773,0.0766944796775785,0.0016553775789288445
daily_2644t_risk_off_ridge,279,,FAILED,0.30477018465950967,0.0006248937806431833,0.003873606837918612
daily_2644t_risk_off_ridge,280,,FAILED,0.12767694758638595,5.453406373458574,0.0022994139558950716
daily_2644t_risk_off_ridge,281,,FAILED,0.4471981437214033,0.45775384539882646,0.0076451248750125005
daily_2644t_risk_off_ridge,282,,FAILED,0.05525139655006797,0.004455679726353108,0.0012542325138903533
daily_2644t_risk_off_ridge,283,,FAILED,0.06962342623771867,0.04411805045298215,0.0014558635993038205
daily_2644t_risk_off_ridge,284,,FAILED,0.1488168444864099,0.00018208722976938873,0.009317288820052373
daily_2644t_risk_off_ridge,285,,FAILED,0.22922162193098328,0.00012307163274381458,0.00044343559098126913
daily_2644t_risk_off_ridge,286,,FAILED,0.10796850968248477,8.527707197432063,0.000167746183629034
daily_2644t_risk_off_ridge,287,,FAILED,0.033345991981918996,1.6325381815202233,7.400030476252935e-05
daily_2644t_risk_off_ridge,288,,FAILED,0.3590330817378324,0.19125646850985206,0.0129447527321994
daily_2644t_risk_off_ridge,289,,FAILED,0.37602350423883324,2.56682849814926,0.002920626560970099
daily_2644t_risk_off_ridge,290,,FAILED,0.24686407627125148,0.009764803472680626,0.0002968787471367615
daily_2644t_risk_off_ridge,291,,FAILED,0.13849691158295654,0.0009782041867203311,0.0006185305543719886
daily_2644t_risk_off_ridge,292,,FAILED,0.08313665454151409,1.3015300039453237,0.006603507385586899
daily_2644t_risk_off_ridge,293,,FAILED,0.2797749441084781,0.0017791585737449058,0.0017895746697991987
daily_2644t_risk_off_ridge,294,,FAILED,0.20751800294072417,0.016412094316922556,0.015845264706343218
daily_2644t_risk_off_ridge,295,,FAILED,0.012624789694727658,0.12532765101080795,0.010602290034099933
daily_2644t_risk_off_ridge,296,,FAILED,0.09537259755437036,0.03138337275757224,0.004505633375382376
daily_2644t_risk_off_ridge,297,,FAILED,0.04172210616199755,4.8412858850770455,0.000968686512866746
daily_2644t_risk_off_ridge,298,,FAILED,0.22035934607155988,0.9448070353890652,0.026378268300754276
daily_2644t_risk_off_ridge,299,,FAILED,0.33053322195299073,0.09034861858364744,0.0053450866354125305
daily_2644t_risk_off_ridge,300,,FAILED,0.06478400983963231,3.7241831316658285,0.0036233760757651374
daily_2644t_risk_off_ridge,301,,FAILED,0.17194537168596263,0.6353708476801444,0.002538822470216401
daily_2644t_risk_off_ridge,302,,FAILED,0.1613979763290601,0.27866267185014054,0.0007818073006646296
daily_2644t_risk_off_ridge,303,,FAILED,0.4302396946774898,6.5692418732000855,0.0011316923844530838
daily_2644t_risk_off_ridge,304,,FAILED,0.31783136266733,0.05203227823068199,0.0073951200251022005
daily_2644t_risk_off_ridge,305,,FAILED,0.02130715119893229,0.003713268759610302,0.005957217739697117
daily_2644t_risk_off_ridge,306,,FAILED,0.04924449928989522,0.0026444213327083453,0.002011285721167352
daily_2644t_risk_off_ridge,307,,FAILED,0.11949460658699863,7.252039312363733,6.17869707885054e-05
daily_2644t_risk_off_ridge,308,,FAILED,0.19064624535718494,9.876070465316895,0.00014672609225296608
daily_2644t_risk_off_ridge,309,,FAILED,0.1529148597485245,0.37638898891861494,0.001273562254755245
daily_2644t_risk_off_ridge,310,,FAILED,0.40523749438145606,0.0218080794743447,0.003097868243885252
daily_2644t_risk_off_ridge,311,,FAILED,0.07476562629391137,0.00038073316738523487,0.00023971346230683055
daily_2644t_risk_off_ridge,312,,FAILED,0.3531837262900226,3.0610027621333624,0.008482114591164403
daily_2644t_risk_off_ridge,313,,FAILED,0.39352083141662697,0.00011577981193841829,0.00039809997589441515
daily_2644t_risk_off_ridge,314,,FAILED,0.13280027379994958,4.013237733043473,0.0004933567779955972
daily_2644t_risk_off_ridge,315,,FAILED,0.30628196447865896,0.0002468612942516227,0.00033596441885372797
daily_2644t_risk_off_ridge,316,,FAILED,0.26883310051625486,2.239358118242232,0.0015621091277159124
daily_2644t_risk_off_ridge,317,,FAILED,0.007119708821529482,0.0007129798062398667,9.111039946535495e-05
daily_2644t_risk_off_ridge,318,,FAILED,0.05813742063030912,0.00016161441516879065,0.00407197321016349
daily_2644t_risk_off_ridge,319,,FAILED,0.2029911513756557,0.0012736442718707687,0.02006445613936924
daily_2644t_risk_off_ridge,320,,FAILED,0.0896284791900403,0.2082511714612571,0.0009974057668806645
daily_2644t_risk_off_ridge,321,,FAILED,0.10083280117403506,1.1771451959731105,0.00019528919202625668
daily_2644t_risk_off_ridge,322,,FAILED,0.23098011662242052,0.006849096472728903,0.002344751729944938
daily_2644t_risk_off_ridge,323,,FAILED,0.037486532448048684,0.013059314093291665,0.041300262281322615
daily_2644t_risk_off_ridge,324,,FAILED,0.290101778595626,5.110710951632893,0.0008684615089758241
daily_2644t_risk_off_ridge,325,,FAILED,0.3683971015244864,0.517085570937872,0.02322853659855907
daily_2644t_risk_off_ridge,326,,FAILED,0.21627612449875633,0.16269378051174443,0.0002771798664342728
daily_2644t_risk_off_ridge,327,,FAILED,0.18277991511511377,0.00010186396324063395,0.009737194366249539
daily_2644t_risk_off_ridge,328,,FAILED,0.41823882766836096,0.0005171512196272577,0.0013964910910417903
daily_2644t_risk_off_ridge,329,,FAILED,0.13970868728012395,1.670364928179054,0.0006867334480508951
daily_2644t_risk_off_ridge,330,,FAILED,0.25806029988401874,0.7948259969434153,0.03461906924548025
daily_2644t_risk_off_ridge,331,,FAILED,0.46635402870195375,6.502197722006594,0.011899068209032195
daily_2644t_risk_off_ridge,332,,FAILED,0.10994925310921397,0.0008945163877514323,0.0001145320617919763
daily_2644t_risk_off_ridge,333,,FAILED,0.025880789448564017,0.06301228091961804,0.004707347548683387
daily_2644t_risk_off_ridge,334,,FAILED,0.24274900421747742,4.4271435734319375,0.0017953359016958867
daily_2644t_risk_off_ridge,335,,FAILED,0.38103004654427663,0.039426635695449186,0.0011707631922890961
daily_2644t_risk_off_ridge,336,,FAILED,0.07898892959292267,0.00539856570066421,0.0005595936284768621
daily_2644t_risk_off_ridge,337,,FAILED,0.05100964752510112,0.0016029501942657614,0.017363721628108664
daily_2644t_risk_off_ridge,338,,FAILED,0.06770902715216277,0.008569767621435994,0.027832066816625717
daily_2644t_risk_off_ridge,339,,FAILED,0.1709826012870227,0.3354507357199331,0.007605611246976436
daily_2644t_risk_off_ridge,340,,FAILED,0.0006199825733874589,0.002202557209976226,0.0031631958398165615
daily_2644t_risk_off_ridge,341,,FAILED,0.19592633656717354,0.00013958305921788885,0.013332613093796356
daily_2644t_risk_off_ridge,342,,FAILED,0.12187057184754686,3.219890547192236,0.002605159845294134
daily_2644t_risk_off_ridge,343,,FAILED,0.4985818154857449,7.871814710128216,0.006218860415974757
daily_2644t_risk_off_ridge,344,,FAILED,0.34443517168191007,0.09995165732618175,0.003897110354167368
daily_2644t_risk_off_ridge,345,,FAILED,0.15535325383034707,0.00030297805219901125,0.0014165702709783214
daily_2644t_risk_off_ridge,346,,FAILED,0.09408362809975668,1.8579247223333486,0.0020248604306232717
daily_2644t_risk_off_ridge,347,,FAILED,0.43874492677357424,0.0002108888196409959,0.005420341273445163
daily_2644t_risk_off_ridge,348,,FAILED,0.013854026286897352,2.648736211668997,0.001083712482821835
daily_2644t_risk_off_ridge,349,,FAILED,0.22418844608636188,0.25842896611545746,0.008483623833333074
daily_2644t_risk_off_ridge,350,,FAILED,0.276237485773112,1.2077834599273252,0.00044178377935449485
daily_2644t_risk_off_ridge,351,,FAILED,0.028381199552222604,0.1400075860653129,0.001680153923045294
daily_2644t_risk_off_ridge,352,,FAILED,0.31219464025804394,5.783014671809203,0.048956650276187126
daily_2644t_risk_off_ridge,353,,FAILED,0.327593239314937,1.486774049253634,0.00017905221630736237
daily_2644t_risk_off_ridge,354,,FAILED,0.05979689097598295,0.0011757833585344447,0.0003579555812937817
daily_2644t_risk_off_ridge,355,,FAILED,0.14737309825218728,0.0006736048943825327,0.0007777993748474957
daily_2644t_risk_off_ridge,356,,FAILED,0.21103273481449164,0.018902408341942362,0.0013132620876836244
daily_2644t_risk_off_ridge,357,,FAILED,0.16508385827615601,5.39881728750861,7.536034683593447e-05
daily_2644t_risk_off_ridge,358,,FAILED,0.1085710119141993,0.0035713820398356956,0.00021769297596474073
daily_2644t_risk_off_ridge,359,,FAILED,0.13108773457068595,3.6791337774629285,5.356219222022756e-05
daily_2644t_risk_off_ridge,360,,FAILED,0.2915563352084592,2.2497192252990743,0.0008987060356706008
daily_2644t_risk_off_ridge,361,,FAILED,0.04200341274520311,8.304261978542609,0.02330431365337998
daily_2644t_risk_off_ridge,362,,FAILED,0.1830246950533005,0.4246212045570465,0.003603931896670039
daily_2644t_risk_off_ridge,363,,FAILED,0.2018580289138814,0.07621234869566186,0.010986651445857183
daily_2644t_risk_off_ridge,364,,FAILED,0.08336073971871309,0.03187649265048759,0.006897781810416524
daily_2644t_risk_off_ridge,365,,FAILED,0.2384592162250425,0.00015150050029396914,0.030121013504800755
daily_2644t_risk_off_ridge,366,,FAILED,0.07143573255301945,0.7150816428881797,0.002845683934913635
daily_2644t_risk_off_ridge,367,,FAILED,0.2521734661993095,0.00040312722816500314,0.000311574468417723
daily_2644t_risk_off_ridge,368,,FAILED,0.12288750412783832,4.098121083268893,0.014645704417580764
daily_2644t_risk_off_ridge,369,,FAILED,0.0164252951454276,0.9633531311622336,0.00225747991725987
daily_2644t_risk_off_ridge,370,,FAILED,0.2973127673651394,0.024469994947909048,0.004876540060239281
daily_2644t_risk_off_ridge,371,,FAILED,0.10255275437886047,0.19401373941654382,0.0015112068643947962
daily_2644t_risk_off_ridge,372,,FAILED,0.04923293957824194,9.966858550971274,0.0011716486844950056
daily_2644t_risk_off_ridge,373,,FAILED,0.39142692970855075,0.01046160603422842,0.0006291553012565806
daily_2644t_risk_off_ridge,374,,FAILED,0.19020806400415652,2.829201068624716,0.0004916737001395196
daily_2644t_risk_off_ridge,375,,FAILED,0.1428614682795375,0.05320464368726826,0.00024958192180337107
daily_2644t_risk_off_ridge,376,,FAILED,0.17416690713404537,0.0008297839667360603,0.004305069545503179
daily_2644t_risk_off_ridge,377,,FAILED,0.03472487248230408,6.8735006390837325,0.01943244197039925
daily_2644t_risk_off_ridge,378,,FAILED,0.40451406378378074,0.31536545540992217,0.006042296219224015
daily_2644t_risk_off_ridge,379,,FAILED,0.3682291785055182,0.0005722888209163831,0.0033259744823866165
daily_2644t_risk_off_ridge,380,,FAILED,0.09067420410483829,4.739179097434929,0.008646051967961999
daily_2644t_risk_off_ridge,381,,FAILED,0.11558854640751763,0.00010060185206030662,0.000966531469442006
daily_2644t_risk_off_ridge,382,,FAILED,0.26567524208237264,0.001063821994087265,0.0018375081764338654
daily_2644t_risk_off_ridge,383,,FAILED,0.3341493562160287,2.0759839460328857,0.00013137902941293448
daily_2644t_risk_off_ridge,384,,FAILED,0.0065750059224625665,0.002960839429704071,0.037240044086182957
daily_2644t_risk_off_ridge,385,,FAILED,0.3156695380957342,0.013987469676558598,0.0003948154583739932
daily_2644t_risk_off_ridge,386,,FAILED,0.06802988058800521,0.0021074368288709743,0.00010465937249905943
daily_2644t_risk_off_ridge,387,,FAILED,0.4790282221845403,0.0014443747509123373,0.009621607152109232
daily_2644t_risk_off_ridge,388,,FAILED,0.05665948095492853,0.004700636748773475,0.016045590017454304
daily_2644t_risk_off_ridge,389,,FAILED,0.22189607281009074,0.2439455430147153,0.00015757582013526094
daily_2644t_risk_off_ridge,390,,FAILED,0.3786982504328796,0.5307527151270087,0.0013085347223387117
daily_2644t_risk_off_ridge,391,,FAILED,0.023408697150111304,1.4499009579147024,0.0016204894845069692
daily_2644t_risk_off_ridge,392,,FAILED,0.452269727525392,0.00017351438625686036,0.0010597236585163853
daily_2644t_risk_off_ridge,393,,FAILED,0.3555915412627684,6.006702828401394,0.007231439248771998
daily_2644t_risk_off_ridge,394,,FAILED,0.19887923873211025,0.00024145240786967287,0.0007324419229552906
daily_2644t_risk_off_ridge,395,,FAILED,0.30325214555347374,3.201776054388269,0.002180519341071545
daily_2644t_risk_off_ridge,396,,FAILED,0.1544777704812001,0.10822777817452285,0.0027849744784773324
daily_2644t_risk_off_ridge,397,,FAILED,0.0782074830374027,0.0004532665210155893,0.0005656814807517105
daily_2644t_risk_off_ridge,398,,FAILED,0.21088298363939273,0.006703895947147065,0.0002860321425915979
daily_2644t_risk_off_ridge,399,,FAILED,0.2801827495193669,0.042177438271298724,0.0008559190538770525
daily_2644t_risk_off_ridge,400,,FAILED,0.1327518319885142,0.0003047247853797292,0.004079982415816308
daily_2644t_risk_off_ridge,401,,FAILED,0.09974871289288734,0.00013135709958740784,0.0035424874157145405
daily_2644t_risk_off_ridge,402,,FAILED,0.1683464400441272,5.099990399074127,0.005466832444657845
daily_2644t_risk_off_ridge,403,,FAILED,0.03673166107282172,0.1705468351204812,0.026290526858586797
daily_2644t_risk_off_ridge,404,,FAILED,0.06062034067105084,7.2946738647551665,0.0011628729223379006
daily_2644t_risk_off_ridge,405,,FAILED,0.22898344935888215,1.2398388598646621,0.00761588442013431
daily_2644t_risk_off_ridge,406,,FAILED,0.18648183169098917,1.8457881624824282,0.0024311902579739896
daily_2644t_risk_off_ridge,407,,FAILED,0.11452250576159723,3.3666221879067626,0.01268932250771034
daily_2644t_risk_off_ridge,408,,FAILED,0.046268076424538465,0.0007665542762739622,0.04149533645595654
daily_2644t_risk_off_ridge,409,,FAILED,0.08783753878602586,2.5842614760612537,0.00036925529881644845
daily_2644t_risk_off_ridge,410,,FAILED,0.3211870255857552,0.017140473532695162,0.0014695773906261292
daily_2644t_risk_off_ridge,411,,FAILED,0.01034363599455711,0.8533138105988358,0.0004330633947656467
daily_2644t_risk_off_ridge,412,,FAILED,0.1764123128613593,4.398652732390745,0.02112921885494
daily_2644t_risk_off_ridge,413,,FAILED,0.20675150526268607,0.00019118947040363814,0.032164376857167505
daily_2644t_risk_off_ridge,414,,FAILED,0.422690019545505,0.06461503571671512,0.003153790774597676
daily_2644t_risk_off_ridge,415,,FAILED,0.16199871982898514,0.0018612552906193127,0.0064338992660233655
daily_2644t_risk_off_ridge,416,,FAILED,0.24701399950527042,0.21937431595703302,0.01049766849798296
daily_2644t_risk_off_ridge,417,,FAILED,0.14228802793379203,0.37584169916612203,0.0012588456928245282
daily_2644t_risk_off_ridge,418,,FAILED,0.12643989668342673,8.320159266989316,0.00018179191022597616
daily_2644t_risk_off_ridge,419,,FAILED,0.023586860037931888,6.329249179523957,0.0018210361181865624
daily_2644t_risk_off_ridge,420,,FAILED,0.07683246969718435,0.12820933905999754,0.0010327890531114249
daily_2644t_risk_off_ridge,421,,FAILED,0.38702485333944314,0.290509393117677,0.00022635434125488962
daily_2644t_risk_off_ridge,422,,FAILED,0.10970716137924999,0.0010295646212347875,0.00826955171422424
daily_2644t_risk_off_ridge,423,,FAILED,0.0021630406168356544,0.00013028659607218143,0.002015736335908712
daily_2644t_risk_off_ridge,424,,FAILED,0.051067737873000146,0.03379944225782374,0.01821689432472502
daily_2644t_risk_off_ridge,425,,FAILED,0.34073622274456705,2.3089242899043523,0.0015230159626079323
daily_2644t_risk_off_ridge,426,,FAILED,0.06857997603002988,0.0006371506543026359,0.005069849361269864
daily_2644t_risk_off_ridge,427,,FAILED,0.1954385553000134,0.003510077639632356,0.000816846051596403
daily_2644t_risk_off_ridge,428,,FAILED,0.2159612581711299,0.009053235392678145,0.0003106282172087355
daily_2644t_risk_off_ridge,429,,FAILED,0.15085199058405122,4.139491061554242,0.004338415965910477
daily_2644t_risk_off_ridge,430,,FAILED,0.09383725657101247,0.6345993605634075,0.0006471383823416175
daily_2644t_risk_off_ridge,431,,FAILED,0.2591341943856154,0.08345337619418598,0.000530528333508094
daily_2644t_risk_off_ridge,432,,FAILED,0.3988889464266292,1.7971275573044418,6.59318405797926e-05
daily_2644t_risk_off_ridge,433,,FAILED,0.30625316565002586,0.012103754170893715,0.002849090136600045
daily_2644t_risk_off_ridge,434,,FAILED,0.28988801897950506,0.00010137751326798686,0.0002614027292366879
daily_2644t_risk_off_ridge,435,,FAILED,0.029972197879926644,0.022728372346162803,0.014504518598595029
daily_2644t_risk_off_ridge,436,,FAILED,0.3768170405090318,1.384119103461857,0.0012678867115973192
daily_2644t_risk_off_ridge,437,,FAILED,0.4364650397447,1.0039711558188409,0.006953908735231638
daily_2644t_risk_off_ridge,438,,FAILED,0.23862123145626368,5.142085415228798,0.023706305229972007
daily_2644t_risk_off_ridge,439,,FAILED,0.06157482571424466,0.002664098126656315,0.00094308647758431
daily_2644t_risk_off_ridge,440,,FAILED,0.18228447729528693,9.980879562513142,0.003395016897579943
daily_2644t_risk_off_ridge,441,,FAILED,0.08532935622116873,0.00015974693240005205,0.0026125391770730616
daily_2644t_risk_off_ridge,442,,FAILED,0.2716265346672626,0.4365300770153789,0.00034638210859239636
daily_2644t_risk_off_ridge,443,,FAILED,0.01885025977063555,5.979419451942021,0.005934432465861467
daily_2644t_risk_off_ridge,444,,FAILED,0.12361884485170017,2.967034992511746,0.009135832773721986
daily_2644t_risk_off_ridge,445,,FAILED,0.364490383073018,0.045307855211221194,0.003971202605161634
daily_2644t_risk_off_ridge,446,,FAILED,0.10068158135873932,0.004208068686853169,0.0004617144551429777
daily_2644t_risk_off_ridge,447,,FAILED,0.04212024097162359,0.006191735353749425,0.04955253484341374
daily_2644t_risk_off_ridge,448,,FAILED,0.34917213547132425,3.7540236969705103,0.0017142681767876894
daily_2644t_risk_off_ridge,449,,FAILED,0.1655757081537394,0.0016451634727879857,0.0011138670520029063
daily_2644t_risk_off_ridge,450,,FAILED,0.1348838815190174,0.00033484471427716746,8.774400590955069e-05
daily_2644t_risk_off_ridge,451,,FAILED,0.22903018534406386,0.0005241981094202913,0.004801036488759967
daily_2644t_risk_off_ridge,452,,FAILED,0.40962199466561866,0.16752661387028606,0.0014636938196559758
daily_2644t_risk_off_ridge,453,,FAILED,0.19193185491170967,0.00024696856072544445,0.016362739991179168
daily_2644t_risk_off_ridge,454,,FAILED,0.47009303243429884,0.001289486508908055,0.007983555199037208
daily_2644t_risk_off_ridge,455,,FAILED,0.32822113132477776,7.42561101532998,0.029424510649891905
daily_2644t_risk_off_ridge,456,,FAILED,0.0540730088278516,0.028516689199065092,0.010807287534230235
daily_2644t_risk_off_ridge,457,,FAILED,0.11564962160275274,0.00012829939885133134,0.00014197199229692745
daily_2644t_risk_off_ridge,458,,FAILED,0.29835293550139447,0.0008955612409943469,0.00019706303972118742
daily_2644t_risk_off_ridge,459,,FAILED,0.20712231443737605,1.1310962933963662,0.0021160887175376525
daily_2644t_risk_off_ridge,460,,FAILED,0.1581943299664923,0.2381708525002439,0.0009514218200235642
daily_2644t_risk_off_ridge,461,,FAILED,0.07300309444141985,4.7832761207047705,0.0007496725469616158
daily_2644t_risk_off_ridge,462,,FAILED,0.000630452347014661,0.7666640192130484,0.00011928571585492863
daily_2644t_risk_off_ridge,463,,FAILED,0.14556433020040038,2.387649602364632,0.03540605780036525
daily_2644t_risk_off_ridge,464,,FAILED,0.2197021145560911,1.5540199413830331,0.00038099512039897564
daily_2644t_risk_off_ridge,465,,FAILED,0.28287577776643236,0.004987242909765378,0.00134644239028889
daily_2644t_risk_off_ridge,466,,FAILED,0.038618547648731794,3.1747496719669153,0.0035906464591834897
daily_2644t_risk_off_ridge,467,,FAILED,0.4876556024302521,0.36112400009092505,0.0024370035868640514
daily_2644t_risk_off_ridge,468,,FAILED,0.014267372834744978,0.5704341452478807,0.003081847445197142
daily_2644t_risk_off_ridge,469,,FAILED,0.3104172558643961,6.401079728608435,0.02199355765575145
daily_2644t_risk_off_ridge,470,,FAILED,0.1027377834038749,0.06780622314778277,0.0016645845017623936
daily_2644t_risk_off_ridge,471,,FAILED,0.08589265403979733,0.014875565228478169,5.029687565557885e-05
daily_2644t_risk_off_ridge,472,,FAILED,0.06702113394125699,0.00019828487354628973,0.007095859880104354
daily_2644t_risk_off_ridge,473,,FAILED,0.17552384702345925,7.984248518461548,0.012227578278585722
daily_2644t_risk_off_ridge,474,,FAILED,0.25012772056858407,0.00043216954865457077,0.0011289654463678656
daily_2644t_risk_off_ridge,475,,FAILED,0.1095663354644305,0.055530467518127805,0.010020766711659202
daily_2644t_risk_off_ridge,476,,FAILED,0.028274142448111498,0.0006844516179816523,0.0006047138336165396
daily_2644t_risk_off_ridge,477,,FAILED,0.20158654311585397,0.13546121165598957,0.0004283981078594715
daily_2644t_risk_off_ridge,478,,FAILED,0.23661117594333841,0.2947336058091646,0.005556289091203887
daily_2644t_risk_off_ridge,479,,FAILED,0.049089274866537094,0.007957876932467816,0.00023820756525760685
daily_2644t_risk_off_ridge,480,,FAILED,0.32083323986199985,3.769657364549987,0.019099433184968668
daily_2644t_risk_off_ridge,481,,FAILED,0.07614019171065621,5.608612422659601,0.001883835710605205
daily_2644t_risk_off_ridge,482,,FAILED,0.13411887560860358,1.838215389027845,0.026454040284782595
daily_2644t_risk_off_ridge,483,,FAILED,0.37271148124293274,0.00012249710619551045,0.00032164689558829637
daily_2644t_risk_off_ridge,484,,FAILED,0.12282098710664305,0.10334061713763674,0.04073664465722799
daily_2644t_risk_off_ridge,485,,FAILED,0.1862033941123665,0.002224178061282646,0.00016340564034625325
daily_2644t_risk_off_ridge,486,,FAILED,0.3915762003776767,2.569000149609163,0.0005290428423606895
daily_2644t_risk_off_ridge,487,,FAILED,0.3583857495565902,0.021510377880725833,0.0012281731615917258
daily_2644t_risk_off_ridge,488,,FAILED,0.15104676823814867,0.001045541569166132,0.006403536711961839
daily_2644t_risk_off_ridge,489,,FAILED,0.26572047751430483,0.21081846907067062,0.004444419977797055
daily_2644t_risk_off_ridge,490,,FAILED,0.06302974261644807,4.125213956429156,0.0009056338905329204
daily_2644t_risk_off_ridge,491,,FAILED,0.09409679420317547,1.2371907241196571,9.858411150920052e-05
daily_2644t_risk_off_ridge,492,,FAILED,0.0087702404463032,0.03440020068453056,7.779498975843765e-05
daily_2644t_risk_off_ridge,493,,FAILED,0.21477128504736337,0.011182074255116905,0.008170505053082632
daily_2644t_risk_off_ridge,494,,FAILED,0.4572950750382179,0.00015979921472572827,0.002780966890808811
daily_2644t_risk_off_ridge,495,,FAILED,0.1702722512291672,0.0008126613600509453,0.0014141012306924153
daily_2644t_risk_off_ridge,496,,FAILED,0.03456274960025568,0.8706199995494013,0.0006958269085245454
daily_2644t_risk_off_ridge,497,,FAILED,0.15864991659802546,0.0013863215669602058,0.00028322998299947015
daily_2644t_risk_off_ridge,498,,FAILED,0.2936500167660822,7.528371535885412,0.003995667562289752
daily_2644t_risk_off_ridge,499,,FAILED,0.019403651735420732,2.147843063875154,0.0023081724133215452
daily_2644t_risk_off_ridge,500,,FAILED,0.0841351952832227,0.0003609615637528394,0.0008394546473597253
daily_2644t_risk_off_ridge,501,,FAILED,0.33618304877527067,0.003642874327612706,0.013267912394167221
daily_2644t_risk_off_ridge,502,,FAILED,0.13936468151915518,5.7628929825949955,0.015661235474267426
daily_2644t_risk_off_ridge,503,,FAILED,0.05451665564011463,0.49848674224983003,0.0010492744463148338
daily_2644t_risk_off_ridge,504,,FAILED,0.3848128320437341,9.676079371597073,0.009014632109440462
daily_2644t_risk_off_ridge,505,,FAILED,0.2031892210928957,4.579069466244996,0.003452442521432427
daily_2644t_risk_off_ridge,506,,FAILED,0.22698732608124875,0.0005657258654749317,0.0016099111402763703
daily_2644t_risk_off_ridge,507,,FAILED,0.10667901806657623,1.6604615636422142,0.00513165028410242
daily_2644t_risk_off_ridge,508,,FAILED,0.2808762523840034,2.9729969891891823,0.03156046123880628
daily_2644t_risk_off_ridge,509,,FAILED,0.1901940374991102,0.00010861429145856053,0.0005028008497159535
daily_2644t_risk_off_ridge,510,,FAILED,0.3112057255715966,0.1679083674602746,0.0012488686076084752
daily_2644t_risk_off_ridge,511,,FAILED,0.17799319441772518,0.284426520030878,0.001841107860278713
daily_2644t_risk_off_ridge,512,,FAILED,0.11722531741242807,0.6872236969267167,0.0030707103260716718
daily_2644t_risk_off_ridge,513,,FAILED,0.42874653946721264,0.00019655777496922238,0.024498154346870193
daily_2644t_risk_off_ridge,514,,FAILED,0.4156162554683699,0.04084637170779018,0.00019648309069291345
daily_2644t_risk_off_ridge,515,,FAILED,0.04567724147519653,0.0002736696875775127,5.853317388180245e-05
daily_2644t_risk_off_ridge,516,,FAILED,0.24443136159922277,0.018036032432417234,0.0004021025053789463
daily_2644t_risk_off_ridge,517,,FAILED,0.09490672723712373,0.0065553848603710175,0.007024999029574226
daily_2644t_risk_off_ridge,518,,FAILED,0.06614904329418793,7.003786813410155,0.0010337345572347144
daily_2644t_risk_off_ridge,519,,FAILED,0.4453036400176457,0.08116292197299677,0.02058922304841588
daily_2644t_risk_off_ridge,520,,FAILED,0.1295677737625882,0.002693922681801156,0.006112491905894607
daily_2644t_risk_off_ridge,521,,FAILED,0.3023053387658985,0.001842403495062239,0.002135847738794316
daily_2644t_risk_off_ridge,522,,FAILED,0.08050458084364029,0.3970058759953535,0.017842802216316997
daily_2644t_risk_off_ridge,523,,FAILED,0.03027494362064821,0.026603211356832333,0.0014294128759069313
daily_2644t_risk_off_ridge,524,,FAILED,0.34700679793474454,3.2842947680704198,0.044675379755174514
daily_2644t_risk_off_ridge,525,,FAILED,0.25524365278048344,1.0491693952198757,0.00021789714199937771
daily_2644t_risk_off_ridge,526,,FAILED,0.3987709139736104,5.238529842993307,0.004497977545144055
daily_2644t_risk_off_ridge,527,,FAILED,0.14703575973015456,0.05171015694400874,0.011533122068258087
daily_2644t_risk_off_ridge,528,,FAILED,0.16392877121105795,0.00013372083179557948,0.0025377892995959183
daily_2644t_risk_off_ridge,529,,FAILED,0.19753995353379078,0.0010971272536579614,0.00027367379703627324
daily_2644t_risk_off_ridge,530,,FAILED,0.2116062500772,2.019165568456793,0.007796255306882
daily_2644t_risk_off_ridge,531,,FAILED,0.04019066645539031,0.20959103090597941,0.0008120715314266766
daily_2644t_risk_off_ridge,532,,FAILED,0.05340340283400914,0.00010111484728068272,0.003987550255177756
daily_2644t_risk_off_ridge,533,,FAILED,0.32410029716072614,4.394254931604667,0.00932287612516709
daily_2644t_risk_off_ridge,534,,FAILED,0.36357266873945976,0.008156757110369508,0.0015385985769649467
daily_2644t_risk_off_ridge,535,,FAILED,0.015283030143866299,2.545949910533627,0.0011863727104200247
daily_2644t_risk_off_ridge,536,,FAILED,0.2196621987308044,0.0007639037003715562,0.00012304901014257894
daily_2644t_risk_off_ridge,537,,FAILED,0.07642097461148023,1.386560873765988,0.00046759582627479035
daily_2644t_risk_off_ridge,538,,FAILED,0.10779349517610899,7.848391663039404,0.000690722244243256
daily_2644t_risk_off_ridge,539,,FAILED,0.2868372555425371,0.1410879315579152,0.00032054509112043757
daily_2644t_risk_off_ridge,540,,FAILED,0.37631798484847445,5.737892231506662,0.00015436408872046003
daily_2644t_risk_off_ridge,541,,FAILED,0.23355602209609105,3.935165083664443,0.005480634607253101
daily_2644t_risk_off_ridge,542,,FAILED,0.2726440448913313,0.0014716637954769783,0.003131363562457571
daily_2644t_risk_off_ridge,543,,FAILED,0.0038028667229270683,0.01409817590949162,0.0010134202375669977
daily_2644t_risk_off_ridge,544,,FAILED,0.18375871521914572,0.10139864377701265,0.028520516110825466
daily_2644t_risk_off_ridge,545,,FAILED,0.022799461102232854,0.0005070527548578306,0.0005800309066771217
daily_2644t_risk_off_ridge,546,,FAILED,0.05962945479798023,0.004947723454310647,0.001882231413544525
daily_2644t_risk_off_ridge,547,,FAILED,0.09549689015650197,0.00021687165596726552,0.003599715372049506
daily_2644t_risk_off_ridge,548,,FAILED,0.12436825409622237,0.000148475036587477,0.037703511563069524
daily_2644t_risk_off_ridge,549,,FAILED,0.13937867323384642,0.010395287771305594,0.001323785109311213
daily_2644t_risk_off_ridge,550,,FAILED,0.15856381507843306,0.0031774469424082855,0.01432589923093176
daily_2644t_risk_off_ridge,551,,FAILED,0.175482952930402,9.665830472332598,0.000350778483648865
daily_2644t_risk_off_ridge,552,,FAILED,0.04287785264576245,0.3603922268313644,0.006685011914011643
daily_2644t_risk_off_ridge,553,,FAILED,0.3161592318866082,1.5106246337580977,0.000940539598592956
daily_2644t_risk_off_ridge,554,,FAILED,0.19907542012615248,0.2576066028416904,0.0016985850670938984
daily_2644t_risk_off_ridge,555,,FAILED,0.06401723016426922,3.3446333757310573,0.0025435662601440896
daily_2644t_risk_off_ridge,556,,FAILED,0.08692060999063457,0.4881455641667584,0.01081495580295751
daily_2644t_risk_off_ridge,557,,FAILED,0.4753533786498002,0.0009448167062578863,0.007875278994724877
daily_2644t_risk_off_ridge,558,,FAILED,0.2964199137207282,0.892671435449517,0.0002560138074685862
daily_2644t_risk_off_ridge,559,,FAILED,0.10047372660775833,4.985646967101724,0.0010745328764365644
daily_2644t_risk_off_ridge,560,,FAILED,0.0771312377618022,0.000622974190410856,0.00040518000923899986
daily_2644t_risk_off_ridge,561,,FAILED,0.38354695797944216,0.0003430099816542802,0.02221432801306731
daily_2644t_risk_off_ridge,562,,FAILED,0.11603953696283684,6.294235570103648,0.004908197846575129
daily_2644t_risk_off_ridge,563,,FAILED,0.009216385670952041,1.8593390512121146,0.03407994261798145
daily_2644t_risk_off_ridge,564,,FAILED,0.33352026563390763,0.06837268510204514,0.002137512036141807
daily_2644t_risk_off_ridge,565,,FAILED,0.4907835341967339,0.037319910325217885,0.0028035237438386765
daily_2644t_risk_off_ridge,566,,FAILED,0.14975381175029928,0.0023563501399222566,0.001359647713979647
daily_2644t_risk_off_ridge,567,,FAILED,0.22266468226566205,3.5323521675963567,0.008983475355029916
daily_2644t_risk_off_ridge,568,,FAILED,0.4091673424534776,2.5942792571391435,0.01752588517161304
daily_2644t_risk_off_ridge,569,,FAILED,0.16645536360844404,7.6429188607520135,0.0037346799043476283
daily_2644t_risk_off_ridge,570,,FAILED,0.032889438886892164,1.184425775929933,0.0008029073488825023
daily_2644t_risk_off_ridge,571,,FAILED,0.2128450524382061,0.17771261026375074,0.0015221850847606634
daily_2644t_risk_off_ridge,572,,FAILED,0.1294136501730085,0.0004617556790379812,0.005761922410009545
daily_2644t_risk_off_ridge,573,,FAILED,0.18937519710264022,0.0011801645851654949,0.0012134735997552067
daily_2644t_risk_off_ridge,574,,FAILED,0.2610006029301125,0.004150953595745653,0.00018159636606630654
daily_2644t_risk_off_ridge,575,,FAILED,0.242168313438052,4.680550820468497,0.0032594836063897224
daily_2644t_risk_off_ridge,576,,FAILED,0.049930645389297756,0.6113999193590743,0.000636167555482188
daily_2644t_risk_off_ridge,577,,FAILED,0.35350948215774275,0.0002508592046671314,0.007037118253863256
daily_2644t_risk_off_ridge,578,,FAILED,0.02059876718396321,6.384658179185957,0.0004976027553610003
daily_2644t_risk_off_ridge,579,,FAILED,0.11147844673333336,0.00014429265964368228,0.004150535118385193
daily_2644t_risk_off_ridge,580,,FAILED,0.30439029484012714,0.05283564842253352,0.024339249150022068
daily_2644t_risk_off_ridge,581,,FAILED,0.07018413991117074,0.005860622938535622,0.013247024554206411
daily_2644t_risk_off_ridge,582,,FAILED,0.20781836682021734,0.0001785636330793496,0.0009010826758930931
daily_2644t_risk_off_ridge,583,,FAILED,0.09036193807056611,0.029063159092942614,6.35368116840908e-05
daily_2644t_risk_off_ridge,584,,FAILED,0.19404401271181848,0.3316020514781694,0.0019785490443468474
daily_2644t_risk_off_ridge,585,,FAILED,0.13922830635155195,0.019838787793168985,0.00013668154915195656
daily_2644t_risk_off_ridge,586,,FAILED,0.1779135277329828,0.12581142620448138,0.0003609261352332935
daily_2644t_risk_off_ridge,587,,FAILED,0.3965123049754336,2.10236780732682,0.001669780139885625
daily_2644t_risk_off_ridge,588,,FAILED,0.1558119511665587,0.0008263253611747598,0.008231071307038288
daily_2644t_risk_off_ridge,589,,FAILED,0.2284285033154137,2.8996276679760484,0.01001249604227196
daily_2644t_risk_off_ridge,590,,FAILED,0.06336784538065891,0.0018937696469909474,0.00022670037903910165
daily_2644t_risk_off_ridge,591,,FAILED,0.3737107608869392,3.784611635725512,0.0047710033004846825
daily_2644t_risk_off_ridge,592,,FAILED,0.2861547838376968,0.00010344300792272178,0.001142661192483021
daily_2644t_risk_off_ridge,593,,FAILED,0.1001448724534475,7.946123548075203,9.482270389977231e-05
daily_2644t_risk_off_ridge,594,,FAILED,0.030940514858992765,1.489332680622003,0.019593866032801388
daily_2644t_risk_off_ridge,595,,FAILED,0.0012825337059471226,0.08657081598516746,0.02850629734474615
daily_2644t_risk_off_ridge,596,,FAILED,0.013529711238530973,0.2139565485419734,0.04521904307218275
daily_2644t_risk_off_ridge,597,,FAILED,0.05253410617934681,0.7251146268525237,0.0004418950737205007
daily_2644t_risk_off_ridge,598,,FAILED,0.12556383147813388,0.012358787789004112,0.0065560934705483544
daily_2644t_risk_off_ridge,599,,FAILED,0.3151054417881562,1.0297230210164436,0.002240384609015732
daily_2644t_risk_off_ridge,600,,FAILED,0.08251115041979815,4.587927232352166,0.002846711450230205
daily_2644t_risk_off_ridge,601,,FAILED,0.04114081227887549,0.2603375456234829,0.00011119326884986908
daily_2644t_risk_off_ridge,602,,FAILED,0.16864245268822395,0.44928366733171177,0.0015123285008147723
daily_2644t_risk_off_ridge,603,,FAILED,0.2743661492918735,0.00012026522629391007,0.0002936865346361279
daily_2644t_risk_off_ridge,604,,FAILED,0.24744181481421504,6.2177566156553485,0.0007311880217871622
daily_2644t_risk_off_ridge,605,,FAILED,0.366724788579988,0.00039325740849965093,0.011377022556805878
daily_2644t_risk_off_ridge,606,,FAILED,0.34168547578558517,0.007723241307296016,0.0013085050988624217
daily_2644t_risk_off_ridge,607,,FAILED,0.07391922777301266,0.0006097341914773374,0.0033781785063200227
daily_2644t_risk_off_ridge,608,,FAILED,0.20055664741804988,2.3665268732231626,0.005949873678973292
daily_2644t_risk_off_ridge,609,,FAILED,0.43697629352656553,0.041157344224079954,8.222717628722822e-05
daily_2644t_risk_off_ridge,610,,FAILED,0.1145073316618352,0.0014862884492475817,0.0008734114735496772
daily_2644t_risk_off_ridge,611,,FAILED,0.4993810359347956,0.0032033532754331064,0.0010222425760513893
daily_2644t_risk_off_ridge,612,,FAILED,0.3903174267626177,0.00015672926967078292,0.000537267583760685
daily_2644t_risk_off_ridge,613,,FAILED,0.3253211499120346,0.015615434726857294,0.0017758898446971374
daily_2644t_risk_off_ridge,614,,FAILED,0.4235920785926219,1.8679724424440267,0.015652811028559747
daily_2644t_risk_off_ridge,615,,FAILED,0.14389874562699081,9.08530964180443,0.03295188465673644
daily_2644t_risk_off_ridge,616,,FAILED,0.02338006372036614,0.0009490586223640351,0.0026048016103212834
daily_2644t_risk_off_ridge,617,,FAILED,0.18097970952792988,5.598030859765948,0.0003383967460366856
daily_2644t_risk_off_ridge,618,,FAILED,0.060575281327719936,0.15892488829012413,0.007818800152286608
daily_2644t_risk_off_ridge,619,,FAILED,0.2966035063795466,0.02418464524343425,0.003952936070737424
daily_2644t_risk_off_ridge,620,,FAILED,0.46357552404547003,0.0002794302144267803,0.009745087255962159
daily_2644t_risk_off_ridge,621,,FAILED,0.2209117595831767,3.1480621712480428,0.00019957079216302166
daily_2644t_risk_off_ridge,622,,FAILED,0.15263502403219115,1.2881915687793766,0.00016235605042632775
daily_2644t_risk_off_ridge,623,,FAILED,0.10325818019299231,0.8747012914688655,0.004395588813508987
daily_2644t_risk_off_ridge,624,,FAILED,0.20735764352779468,0.0007120841438971696,0.03884851702570867
daily_2644t_risk_off_ridge,625,,FAILED,0.011237723179574152,4.190758429566556,0.0011993269070567033
daily_2644t_risk_off_ridge,626,,FAILED,0.09086436978340134,0.06301041172605508,0.005232761543087355
daily_2644t_risk_off_ridge,627,,FAILED,0.2594774775972193,0.28676896659994344,0.0002607773607834184
daily_2644t_risk_off_ridge,628,,FAILED,0.0005065255833875308,6.9301639925013205,0.0014007159231375374
daily_2644t_risk_off_ridge,629,,FAILED,0.2382683315294449,0.00019171353618549855,0.0255730850856539
daily_2644t_risk_off_ridge,630,,FAILED,0.04114251933923169,0.04833197463097402,0.019290506463809445
daily_2644t_risk_off_ridge,631,,FAILED,0.18932097590685187,4.826361100788003,0.0022573710532912843
daily_2644t_risk_off_ridge,632,,FAILED,0.13402935762818152,1.6326986024593355,0.0003954050584609926
daily_2644t_risk_off_ridge,633,,FAILED,0.1619027943767481,0.0011356597380470321,0.0006273613145791755
daily_2644t_risk_off_ridge,634,,FAILED,0.07314434245299357,0.00987355588766069,0.0019087339791934905
daily_2644t_risk_off_ridge,635,,FAILED,0.30548151459887285,0.0024632751565824723,0.012324570677457231
daily_2644t_risk_off_ridge,636,,FAILED,0.05575593189838611,0.1068950992601575,0.003099437809236355
daily_2644t_risk_off_ridge,637,,FAILED,0.12395653422652553,0.00013333984089735742,0.007385471682891813
daily_2644t_risk_off_ridge,638,,FAILED,0.10687702083425049,2.149553057042693,0.001004282359574113
daily_2644t_risk_off_ridge,639,,FAILED,0.027696184216387136,2.6740174857730534,6.840059843318744e-05
daily_2644t_risk_off_ridge,640,,FAILED,0.17289389014569556,0.03442027440518081,0.000759079438420779
daily_2644t_risk_off_ridge,641,,FAILED,0.22849658922723282,0.1990595994743189,0.009032915891654556
daily_2644t_risk_off_ridge,642,,FAILED,0.28727208862202186,0.6065760303218014,0.005895579484120884
daily_2644t_risk_off_ridge,643,,FAILED,0.38220864400770205,0.005668400451514801,0.001525280597978944
daily_2644t_risk_off_ridge,644,,FAILED,0.3603492868558983,0.00010132204716666766,0.014315863149472927
daily_2644t_risk_off_ridge,645,,FAILED,0.21210584865134377,0.3919898485798531,0.0004604007231286441
daily_2644t_risk_off_ridge,646,,FAILED,0.4025062770083934,3.581229013312164,0.0035002630336156792
daily_2644t_risk_off_ridge,647,,FAILED,0.04662568441644403,5.856910340313491,0.022123016769909232
daily_2644t_risk_off_ridge,648,,FAILED,0.08501842646943174,9.116611590971445,0.0011029071075958044
daily_2644t_risk_off_ridge,649,,FAILED,0.1962940070080345,0.0017610425625527843,0.004734774722229843
daily_2644t_risk_off_ridge,650,,FAILED,0.14463112215938503,1.294575507112613,0.002913678285173517
daily_2644t_risk_off_ridge,651,,FAILED,0.11817366411460731,0.0002261072814106738,0.016938186006530638
daily_2644t_risk_off_ridge,652,,FAILED,0.017483047103639054,7.5897464571210955,0.0013122663549824905
daily_2644t_risk_off_ridge,653,,FAILED,0.05919958755894797,0.22349350695184816,0.006615471934444918
daily_2644t_risk_off_ridge,654,,FAILED,0.2532293259874094,0.0005199340130169355,0.001672804073909684
daily_2644t_risk_off_ridge,655,,FAILED,0.33312603015397696,0.0007516823368791658,0.00029411173240201984
daily_2644t_risk_off_ridge,656,,FAILED,0.035895806790577287,0.01923532032804322,0.04844607729852537
daily_2644t_risk_off_ridge,657,,FAILED,0.265046402298566,0.00033753776577684244,0.0005717173886705611
daily_2644t_risk_off_ridge,658,,FAILED,0.10072934865754112,3.943779370352502,0.002441172171387318
daily_2644t_risk_off_ridge,659,,FAILED,0.31382940114966584,1.0821289866197208,0.0008684942563376503
daily_2644t_risk_off_ridge,660,,FAILED,0.3506558899257248,0.004117021854341497,0.0002106400140660147
daily_2644t_risk_off_ridge,661,,FAILED,0.06833389152990908,2.7645910244352487,0.0019397023589659249
daily_2644t_risk_off_ridge,662,,FAILED,0.18291970180583145,0.07483458774184357,0.0038240479680219258
daily_2644t_risk_off_ridge,663,,FAILED,0.15473765947677834,0.0012596445617473217,0.0003668419607786842
daily_2644t_risk_off_ridge,664,,FAILED,0.275720116083822,5.588864251024066,0.03139001641140001
daily_2644t_risk_off_ridge,665,,FAILED,0.3729535890656388,0.3328517561103985,0.00023901300124883063
daily_2644t_risk_off_ridge,666,,FAILED,0.09419887360250472,0.00016510975675523265,0.008453707658520208
daily_2644t_risk_off_ridge,667,,FAILED,0.16928640775717077,0.48445955935174784,0.010263780495978592
daily_2644t_risk_off_ridge,668,,FAILED,0.13272105018544,1.6987799076782615,0.0001327027499580064
daily_2644t_risk_off_ridge,669,,FAILED,0.45435975391590017,0.00043670789918188503,0.0012869727230438784
daily_2644t_risk_off_ridge,670,,FAILED,0.23718089808422438,0.1529378390088497,0.0011285264354624577
daily_2644t_risk_off_ridge,671,,FAILED,0.0787461265108231,0.007931351943510554,0.00534444417652209
daily_2644t_risk_off_ridge,672,,FAILED,0.11124396626475423,4.735070995070125,0.0015170582790487005
daily_2644t_risk_off_ridge,673,,FAILED,0.2996493344457045,7.378021441036115,0.000968208780094632
daily_2644t_risk_off_ridge,674,,FAILED,0.05002696524724122,0.0026965303343098185,0.0070333961311143944
daily_2644t_risk_off_ridge,675,,FAILED,0.022818848015921205,0.00011750041372234169,0.000326614288541279
daily_2644t_risk_off_ridge,676,,FAILED,0.01003576396208783,0.7242464569466074,5.5581912882723694e-05
daily_2644t_risk_off_ridge,677,,FAILED,0.4157221757655722,3.5388113994483623,0.027424719629281103
daily_2644t_risk_off_ridge,678,,FAILED,0.2136668163765475,0.029493269798563905,0.00017417501206453214
daily_2644t_risk_off_ridge,679,,FAILED,0.19737084616354095,0.0009976524793954243,0.0007291027259492553
daily_2644t_risk_off_ridge,680,,FAILED,0.06961745637908004,0.01342268372023177,0.003391682390830355
daily_2644t_risk_off_ridge,681,,FAILED,0.32411887401407485,2.4157787284091485,0.0004228824467184408
daily_2644t_risk_off_ridge,682,,FAILED,0.03336881807317849,0.25420418655596355,0.040717577317795815
daily_2644t_risk_off_ridge,683,,FAILED,0.2248015988805066,0.05735452124083417,0.0042770752670345915
daily_2644t_risk_off_ridge,684,,FAILED,0.1899714852499438,5.978083782971913,0.002706061394362655
daily_2644t_risk_off_ridge,685,,FAILED,0.15920260897194577,0.0006184737804883803,0.0023134859436814404
daily_2644t_risk_off_ridge,686,,FAILED,0.38862285736266183,1.4805580171356665,0.02133093486822358
daily_2644t_risk_off_ridge,687,,FAILED,0.1179766656015602,0.1201095093918312,0.012122020488529226
daily_2644t_risk_off_ridge,688,,FAILED,0.13913585913274965,0.9734553060061308,0.0017542005269384144
daily_2644t_risk_off_ridge,689,,FAILED,0.2044290976946442,0.00517698098791714,0.00010174262798897823
daily_2644t_risk_off_ridge,690,,FAILED,0.058620255490280625,0.0014528892282486814,0.0005134450058458702
daily_2644t_risk_off_ridge,691,,FAILED,0.08506184603210779,0.00010020586758548743,0.01634597010431994
daily_2644t_risk_off_ridge,692,,FAILED,0.04433584724878867,9.121666187031265,0.001178429659299051
daily_2644t_risk_off_ridge,693,,FAILED,0.3066305873313492,0.0021402612210210323,0.005991638242820655
daily_2644t_risk_off_ridge,694,,FAILED,0.2845336274534093,0.09447879817290478,0.0009299181435111412
daily_2644t_risk_off_ridge,695,,FAILED,0.10398595900630643,0.00027710388185042467,0.0014609696076781664
daily_2644t_risk_off_ridge,696,,FAILED,0.18167905080117022,0.04636043694374977,0.008702240970108336
daily_2644t_risk_off_ridge,697,,FAILED,0.013472221978152616,4.204451515030508,0.007791141284116732
daily_2644t_risk_off_ridge,698,,FAILED,0.12801155113992854,1.9508884401877717,0.002118008023771093
daily_2644t_risk_off_ridge,699,,FAILED,0.3444299951010293,9.978389104127688,0.0031973002808187733
daily_2644t_risk_off_ridge,700,,FAILED,0.16893878773140197,0.022355477890742662,0.0008190775017189758
daily_2644t_risk_off_ridge,701,,FAILED,0.0012852581294571248,0.0001388606891099049,0.000644736183907334
daily_2644t_risk_off_ridge,702,,FAILED,0.14513676415447038,0.00018934136443719726,0.0037378631581360938
daily_2644t_risk_off_ridge,703,,FAILED,0.3652541909659181,0.009836061712469485,0.035861438023427526
daily_2644t_risk_off_ridge,704,,FAILED,0.09605880275371588,3.075916675499019,0.00025933461655227246
daily_2644t_risk_off_ridge,705,,FAILED,0.24661875313990625,0.0035669385861441592,0.013670132189451779
daily_2644t_risk_off_ridge,706,,FAILED,0.07697288996757407,0.17965763942549764,0.023697092453443987
daily_2644t_risk_off_ridge,707,,FAILED,0.21548815690052886,0.0008165004737741497,0.010342769428248863
daily_2644t_risk_off_ridge,708,,FAILED,0.026053233488295597,0.5502511404345963,0.005000172848279554
daily_2644t_risk_off_ridge,709,,FAILED,0.4039941535284082,0.3176464753036203,0.0181021193838561
daily_2644t_risk_off_ridge,710,,FAILED,0.2670115548364597,5.22170017987136,0.0012639841962604208
daily_2644t_risk_off_ridge,711,,FAILED,0.2926716858870233,6.972327714255271,0.0001543678988296571
daily_2644t_risk_off_ridge,712,,FAILED,0.48471237041575754,0.4268398857108959,0.00039674046669197177
daily_2644t_risk_off_ridge,713,,FAILED,0.05406930918208129,3.847247944370853,0.002861447174037178
daily_2644t_risk_off_ridge,714,,FAILED,0.23287742879562132,0.01604502249277064,0.0010863853731857664
daily_2644t_risk_off_ridge,715,,FAILED,0.37780620363008793,2.291616805906733,0.001722570673045273
daily_2644t_risk_off_ridge,716,,FAILED,0.06625430775035317,0.7808107863699565,0.006076236305990005
daily_2644t_risk_off_ridge,717,,FAILED,0.20320517442560176,0.006259056415466335,0.0070953379091485145
daily_2644t_risk_off_ridge,718,,FAILED,0.44394860479136566,0.0016716624451957446,0.004387667924954738
daily_2644t_risk_off_ridge,719,,FAILED,0.1103747078019494,1.2684246856234593,0.0013727023783155004
daily_2644t_risk_off_ridge,720,,FAILED,0.31928089125156073,0.0004013904414466063,0.00011889390809098491
daily_2644t_risk_off_ridge,721,,FAILED,0.1512824224468316,3.032891606082465,0.00048339257360683745
daily_2644t_risk_off_ridge,722,,FAILED,0.12115318218711207,0.034735585302805155,0.00033480915415745296
daily_2644t_risk_off_ridge,723,,FAILED,0.03440151054733559,6.404379440009556,0.030222099050129375
daily_2644t_risk_off_ridge,724,,FAILED,0.1738360397902554,1.6768022116506327,8.441343930894886e-05
daily_2644t_risk_off_ridge,725,,FAILED,0.08979122198624134,0.0005138943431807125,0.002484329413465646
daily_2644t_risk_off_ridge,726,,FAILED,0.1622315640471854,0.23696246123603,0.000289697774559212
daily_2644t_risk_off_ridge,727,,FAILED,0.18931035541162203,5.045931781794009,0.0019019591254798868
daily_2644t_risk_off_ridge,728,,FAILED,0.3352593254779971,0.00013803160825901617,0.0001866989248165055
daily_2644t_risk_off_ridge,729,,FAILED,0.13461110052149772,0.001056832288601082,0.000993725311575831
daily_2644t_risk_off_ridge,730,,FAILED,0.35639332062071294,0.0029397711077994385,0.0015841670155667224
daily_2644t_risk_off_ridge,731,,FAILED,0.22200392984093295,0.00020342705823248432,0.007598125546908127
daily_2644t_risk_off_ridge,732,,FAILED,0.4739784302400173,0.01081715497903224,0.0007008215397601896
daily_2644t_risk_off_ridge,733,,FAILED,0.017140894023558662,0.0007320900701475882,0.019794155505011683
daily_2644t_risk_off_ridge,734,,FAILED,0.044104542642339956,0.0673222905679807,0.00022919615682548045
daily_2644t_risk_off_ridge,735,,FAILED,0.06463388963940292,7.776096570541344,0.0040271924197619905
daily_2644t_risk_off_ridge,736,,FAILED,0.2544669298336172,4.447060081629343,0.026065336516699445
daily_2644t_risk_off_ridge,737,,FAILED,0.08647826586067703,0.0003021471335650979,0.009358243598331253
daily_2644t_risk_off_ridge,738,,FAILED,0.07800631281861763,0.007200342487990741,0.0011763692800695758
daily_2644t_risk_off_ridge,739,,FAILED,0.38769487543210973,0.15001643475430496,0.00310080473312836
daily_2644t_risk_off_ridge,740,,FAILED,0.009309674085064727,2.0664852224129806,0.043533748162089346
daily_2644t_risk_off_ridge,741,,FAILED,0.42771351232802696,0.30775106099308347,7.324525363508863e-05
daily_2644t_risk_off_ridge,742,,FAILED,0.3069963163600386,0.027049396571587406,0.0005571316186138618
daily_2644t_risk_off_ridge,743,,FAILED,0.2787189623487347,0.004516891122123798,0.0008930783671534065
daily_2644t_risk_off_ridge,744,,FAILED,0.056092224116021175,1.1645569449906858,0.005349881805398116
daily_2644t_risk_off_ridge,745,,FAILED,0.10815759105701722,6.509302181533784,0.0020438752403850497
daily_2644t_risk_off_ridge,746,,FAILED,0.2066498517187153,3.493530859490368,0.011450567795826285
daily_2644t_risk_off_ridge,747,,FAILED,0.3978970675774043,0.0001680190246661227,0.014540829820504359
daily_2644t_risk_off_ridge,748,,FAILED,0.23465085368057992,0.002037322132765276,0.0013969622433507723
daily_2644t_risk_off_ridge,749,,FAILED,0.2959310064350868,0.36938158510647595,0.0035683051347515484
daily_2644t_risk_off_ridge,750,,FAILED,0.09951987849462511,0.00012185991663327442,0.006723482170066445
daily_2644t_risk_off_ridge,751,,FAILED,0.1832459817142277,0.8549005913477107,0.0004335562621181019
daily_2644t_risk_off_ridge,752,,FAILED,0.025577993778394655,0.0013348171784974435,0.00866873949775245
daily_2644t_risk_off_ridge,753,,FAILED,0.12434771467550189,1.5356436240735365,0.0010611844464832468
daily_2644t_risk_off_ridge,754,,FAILED,0.14800381132891294,2.6491446888715116,0.0003549049847308389
daily_2644t_risk_off_ridge,755,,FAILED,0.19903694718331033,0.07814960690616932,0.004753046521306702
daily_2644t_risk_off_ridge,756,,FAILED,0.03661996732204875,0.0009031095732044931,0.0025422527670416776
daily_2644t_risk_off_ridge,757,,FAILED,0.16025570722022778,0.0005991691195181923,0.0007679891032485701
daily_2644t_risk_off_ridge,758,,FAILED,0.3140559315493921,0.20915793247526618,0.00014562585129033348
daily_2644t_risk_off_ridge,759,,FAILED,0.000985688416307049,0.04723786444927076,0.0015812513806605969
daily_2644t_risk_off_ridge,760,,FAILED,0.048779297426727014,0.6077709087618522,0.01649800044273652
daily_2644t_risk_off_ridge,761,,FAILED,0.21972939525585994,4.835494349282514,0.036606278916518985
daily_2644t_risk_off_ridge,762,,FAILED,0.3678279604369808,7.9748533062824984,0.0031205348870913946
daily_2644t_risk_off_ridge,763,,FAILED,0.07336083481897138,0.12284567819119387,0.00030459534024028094
daily_2644t_risk_off_ridge,764,,FAILED,0.11614309680014581,5.68780183085578,0.001226817736741779
daily_2644t_risk_off_ridge,765,,FAILED,0.24421906250895864,0.00010111577060953366,0.0005878966947894765
daily_2644t_risk_off_ridge,766,,FAILED,0.32944071084010357,3.9399362826776545,0.0022292487226800483
daily_2644t_risk_off_ridge,767,,FAILED,0.13234706909191254,9.913867366732584,0.005640687964977149
daily_2644t_risk_off_ridge,768,,FAILED,0.1763826921942241,1.9908041604835334,0.022358690750214072
daily_2644t_risk_off_ridge,769,,FAILED,0.018369763294754454,2.744332800867294,0.000478954046252644
daily_2644t_risk_off_ridge,770,,FAILED,0.46216472771617234,0.00022169192129334393,0.00020583865069503834
daily_2644t_risk_off_ridge,771,,FAILED,0.09336875811630818,0.00015213659668325574,0.0037833298790101153
daily_2644t_risk_off_ridge,772,,FAILED,0.3482145398700063,0.03840266826536327,0.0009612292502555209
daily_2644t_risk_off_ridge,773,,FAILED,0.21291453279431716,0.2576070558929162,0.0013610208585249101
daily_2644t_risk_off_ridge,774,,FAILED,0.19524935801427204,0.01928401299685502,0.049856399129621747
daily_2644t_risk_off_ridge,775,,FAILED,0.1667840996160214,6.477463143966907,0.001849490172626204
daily_2644t_risk_off_ridge,776,,FAILED,0.0610033438003032,0.47229352957018716,0.008253608357023228
daily_2644t_risk_off_ridge,777,,FAILED,0.415780811003189,0.012162689436957334,0.004427439522489781
daily_2644t_risk_off_ridge,778,,FAILED,0.14348050736524637,0.0581298833724323,0.0015452543646855893
daily_2644t_risk_off_ridge,779,,FAILED,0.28931490206629695,0.00039083611005718015,0.010264440774439275
daily_2644t_risk_off_ridge,780,,FAILED,0.3766542815876575,1.1199276680580708,0.0008075641026302491
daily_2644t_risk_off_ridge,781,,FAILED,0.08334521623675387,0.003315585648113932,0.013040034409833794
daily_2644t_risk_off_ridge,782,,FAILED,0.2667385070844258,1.4355564976908446,0.0029065322149752497
daily_2644t_risk_off_ridge,783,,FAILED,0.02917115740784992,0.1916390120593377,0.006432901915994201
daily_2644t_risk_off_ridge,784,,FAILED,0.06940001089013663,0.0010791546510192924,0.00040090730081089197
daily_2644t_risk_off_ridge,785,,FAILED,0.1043743679806675,4.63448328343928,0.00026205714337072653
daily_2644t_risk_off_ridge,786,,FAILED,0.1887485348425876,0.0006578602362291271,0.027374999502788964
daily_2644t_risk_off_ridge,787,,FAILED,0.046806591128293704,0.0024072533706952217,0.007648158164192587
daily_2644t_risk_off_ridge,788,,FAILED,0.010158750809878906,0.10270868896678423,0.0006379550154043483
daily_2644t_risk_off_ridge,789,,FAILED,0.3048770505522927,2.8743947930312572,0.0010752883122755917
daily_2644t_risk_off_ridge,790,,FAILED,0.15513252383661588,3.5973634585365404,0.00011096546229429057
daily_2644t_risk_off_ridge,791,,FAILED,0.11731183194116065,0.01467490775052939,0.03116747034189704
daily_2644t_risk_off_ridge,792,,FAILED,0.39289186129848575,0.0016479210593821556,0.0026039878963925833
daily_2644t_risk_off_ridge,793,,FAILED,0.13723464992733803,2.211855442721734,0.0011935842622358291
daily_2644t_risk_off_ridge,794,,FAILED,0.035406641777692496,0.00012400413738252003,0.0033788762012917596
daily_2644t_risk_off_ridge,795,,FAILED,0.27692896584034116,0.009169060584681362,0.000173001040742886
daily_2644t_risk_off_ridge,796,,FAILED,0.05614369149470895,0.9327040647453361,0.0016809666343116161
daily_2644t_risk_off_ridge,797,,FAILED,0.2301983664444424,0.02491244358018816,0.006503883325477502
daily_2644t_risk_off_ridge,798,,FAILED,0.3226519907031774,0.004263345672182332,0.023966520698048503
daily_2644t_risk_off_ridge,799,,FAILED,0.17854775622610014,0.00028042122652379385,0.020385546868285285
daily_2644t_risk_off_ridge,800,,FAILED,0.20376857813304516,0.000832588317868642,5.2074775515738836e-05
daily_2644t_risk_off_ridge,801,,FAILED,0.09817605628566495,7.191615744510725,0.0021260853845451056
daily_2644t_risk_off_ridge,802,,FAILED,0.08130495099111087,0.0005122010673643376,0.008976133352635288
daily_2644t_risk_off_ridge,803,,FAILED,0.4362907154772454,0.3932641913526458,0.0008965891691396259
daily_2644t_risk_off_ridge,804,,FAILED,0.2207696361934609,5.347074501503873,0.005413604300706023
daily_2644t_risk_off_ridge,805,,FAILED,0.25407241197097974,1.727380794614675,0.0013407602003202965
daily_2644t_risk_off_ridge,806,,FAILED,0.12397567416302155,0.1563702824810183,0.015320570302121578
daily_2644t_risk_off_ridge,807,,FAILED,0.1572000866263819,8.422919355806583,0.003791431769063186
daily_2644t_risk_off_ridge,808,,FAILED,0.00028412403491111585,0.6424565281580538,0.01185752324884568
daily_2644t_risk_off_ridge,809,,FAILED,0.06162285212476513,0.006062609962642966,0.00023002691492902665
daily_2644t_risk_off_ridge,810,,FAILED,0.019336009128654227,0.08420737151119685,9.19277749647035e-05
daily_2644t_risk_off_ridge,811,,FAILED,0.381152286049325,0.31011833061912675,0.0003146195911757395
daily_2644t_risk_off_ridge,812,,FAILED,0.3602320641555924,3.3832010565202344,6.219269016892013e-05
daily_2644t_risk_off_ridge,813,,FAILED,0.24019681755588373,0.00023637545531059146,0.0005314167554084505
daily_2644t_risk_off_ridge,814,,FAILED,0.11055414398945558,4.556255862930168,0.004355106022048796
daily_2644t_risk_off_ridge,815,,FAILED,0.04192739277410726,0.00017034635935967463,0.00041605316661671586
daily_2644t_risk_off_ridge,816,,FAILED,0.170229384097422,0.04453574439875339,0.017635958681969887
daily_2644t_risk_off_ridge,817,,FAILED,0.19461896842272622,0.24867268635858303,0.00069144370868841
daily_2644t_risk_off_ridge,818,,FAILED,0.09107597881546728,2.4013969785243483,0.03416880644026531
daily_2644t_risk_off_ridge,819,,FAILED,0.4075942214410615,0.0012564062037226948,0.007134554990387777
daily_2644t_risk_off_ridge,820,,FAILED,0.29534142176362305,5.811961719563316,0.0018326068210774563
daily_2644t_risk_off_ridge,821,,FAILED,0.07700036490198979,0.00010111278774051591,0.04012665876999744
daily_2644t_risk_off_ridge,822,,FAILED,0.14673293819648103,1.2489934788363142,0.0023560175636540433
daily_2644t_risk_off_ridge,823,,FAILED,0.21242133329059015,0.00012844107708110734,0.0003606848034449456
daily_2644t_risk_off_ridge,824,,FAILED,0.0707556346148551,0.00034531510097195374,0.0010512141264886492
daily_2644t_risk_off_ridge,825,,FAILED,0.3119169128430905,9.971125538696752,0.0014769754654922187
daily_2644t_risk_off_ridge,826,,FAILED,0.34098738548151547,0.01714470661434343,0.0004725336784972888
daily_2644t_risk_off_ridge,827,,FAILED,0.12783086019802425,0.189020655062651,0.0012719023820633483
daily_2644t_risk_off_ridge,828,,FAILED,0.051799642196822204,3.9685877610919205,0.0008602245141614289
daily_2644t_risk_off_ridge,829,,FAILED,0.021706704620688286,0.007641321267288486,0.00013243623034420046
daily_2644t_risk_off_ridge,830,,FAILED,0.28413296823122625,1.804524367059338,0.0029839170492076393
daily_2644t_risk_off_ridge,831,,FAILED,0.18286080771750807,0.12322680545944642,0.010066343015055917
daily_2644t_risk_off_ridge,832,,FAILED,0.10301362047094237,0.03240566865984051,0.008444321781433136
daily_2644t_risk_off_ridge,833,,FAILED,0.26168169557483495,7.056084054823019,0.005069312605569522
daily_2644t_risk_off_ridge,834,,FAILED,0.03737066966998409,0.0020228991083201153,0.000277222594202661
daily_2644t_risk_off_ridge,835,,FAILED,0.45353268447275624,0.7746325369522518,0.0016328246574065927
daily_2644t_risk_off_ridge,836,,FAILED,0.162408794124817,5.317603293723045,0.003615507363683547
daily_2644t_risk_off_ridge,837,,FAILED,0.22760333756937526,0.062308884053958964,0.0011577519018730466
daily_2644t_risk_off_ridge,838,,FAILED,0.30176878715100125,0.5380875826860634,0.002750407183846769
daily_2644t_risk_off_ridge,839,,FAILED,0.011520033264593086,0.0008742860433138272,0.005945921488727634
daily_2644t_risk_off_ridge,840,,FAILED,0.08972583040487364,3.0263586992601974,0.0019964973051755596
daily_2644t_risk_off_ridge,841,,FAILED,0.02956560920608732,0.00015774536018384633,0.0187944302281041
daily_2644t_risk_off_ridge,842,,FAILED,0.2076128855992033,0.0037570701477535606,0.001374910102158335
daily_2644t_risk_off_ridge,843,,FAILED,0.13849054141879463,0.0006970981061831465,0.00020008082695576067
daily_2644t_risk_off_ridge,844,,FAILED,0.368055393193124,0.2979015567207125,0.0074171505949635124
daily_2644t_risk_off_ridge,845,,FAILED,0.3307100252164434,0.0005008248840489323,0.02447949590401924
daily_2644t_risk_off_ridge,846,,FAILED,0.3179425299782365,0.02231304536280242,0.000918961806512517
daily_2644t_risk_off_ridge,847,,FAILED,0.06890556614533248,1.2851149539880073,0.0007592780845124185
daily_2644t_risk_off_ridge,848,,FAILED,0.4905485922393371,0.0012833529445945295,0.004545882530640065
daily_2644t_risk_off_ridge,849,,FAILED,0.19661792069679893,0.005252370991969053,0.0010810746967112354
daily_2644t_risk_off_ridge,850,,FAILED,0.24912746457812748,7.0645442464510575,0.013635336393528987
daily_2644t_risk_off_ridge,851,,FAILED,0.3878497141873039,0.002912605654056308,0.0034432046143595425
daily_2644t_risk_off_ridge,852,,FAILED,0.12593221811240682,2.1737144931293932,0.0024107687689381247
daily_2644t_risk_off_ridge,853,,FAILED,0.05201933761673498,0.9145617236100186,0.027984666306068887
daily_2644t_risk_off_ridge,854,,FAILED,0.27238290559801426,4.453889070056862,7.47095925512869e-05
daily_2644t_risk_off_ridge,855,,FAILED,0.11288235946143166,0.011353313412105713,0.011564198504435099
daily_2644t_risk_off_ridge,856,,FAILED,0.35310597829992113,3.330070696592593,0.00024999383235209795
daily_2644t_risk_off_ridge,857,,FAILED,0.058111807435728066,0.3875440629054058,0.04378573983424442
daily_2644t_risk_off_ridge,858,,FAILED,0.15061066593993586,1.5287465306207755,0.00037982968481608767
daily_2644t_risk_off_ridge,859,,FAILED,0.18761517005284356,0.0002241408395944523,0.021273293914501983
daily_2644t_risk_off_ridge,860,,FAILED,0.1771100473604409,0.0532592839633661,0.0016483147205583891
daily_2644t_risk_off_ridge,861,,FAILED,0.10128917572209967,7.976015396473747,0.004020068995505154
daily_2644t_risk_off_ridge,862,,FAILED,0.3983808965037647,0.008910479383815104,0.0001581302668678785
daily_2644t_risk_off_ridge,863,,FAILED,0.009813455513185926,5.101798435436684,0.00940454700621749
daily_2644t_risk_off_ridge,864,,FAILED,0.23402386647360673,0.0015578752778533879,0.00045817578875294654
daily_2644t_risk_off_ridge,865,,FAILED,0.1671227112740131,0.0001231178369865307,0.006501404374236661
daily_2644t_risk_off_ridge,866,,FAILED,0.04316066162641787,2.568419326089728,0.0006109474401604818
daily_2644t_risk_off_ridge,867,,FAILED,0.08384723414665651,0.14483541736505168,0.0014252533803965795
daily_2644t_risk_off_ridge,868,,FAILED,0.22158365231392807,0.21971514589273938,0.00032332050111865876
daily_2644t_risk_off_ridge,869,,FAILED,0.4252156813072404,0.0009850785306899992,0.0012201471449487275
daily_2644t_risk_off_ridge,870,,FAILED,0.063887557982757,0.03804664043616021,0.0031738305825046
daily_2644t_risk_off_ridge,871,,FAILED,0.139476394624868,0.09193635217226945,0.015872676583381592
daily_2644t_risk_off_ridge,872,,FAILED,0.2088163749026335,6.08474167349153,0.001026803779224004
daily_2644t_risk_off_ridge,873,,FAILED,0.02395049534591677,0.0006031379366271442,0.007515162746479739
daily_2644t_risk_off_ridge,874,,FAILED,0.11954459268005634,0.00043998820024053985,0.0018950360074111376
daily_2644t_risk_off_ridge,875,,FAILED,0.1542422607385135,0.48322977124172656,0.00502846461964694
daily_2644t_risk_off_ridge,876,,FAILED,0.07465101226761832,0.028254262376744717,0.0005276229262076282
daily_2644t_risk_off_ridge,877,,FAILED,0.09555985059348543,4.097094796407833,0.0008009635915867129
daily_2644t_risk_off_ridge,878,,FAILED,0.19218019948530604,0.002429502226479171,0.0021817243165555243
daily_2644t_risk_off_ridge,879,,FAILED,0.28300681862340843,3.15208095692549,0.03349860742121855
daily_2644t_risk_off_ridge,880,,FAILED,0.29910331768031434,1.7821880595694708,0.00018927416150410023
daily_2644t_risk_off_ridge,881,,FAILED,0.3822279852429116,1.14523106894714,0.0026687198448447254
daily_2644t_risk_off_ridge,882,,FAILED,0.1077287633102648,0.00018573865969798343,0.008610971055149361
daily_2644t_risk_off_ridge,883,,FAILED,0.3729193560695376,0.18748367115422804,0.010617287171493609
daily_2644t_risk_off_ridge,884,,FAILED,0.24248898618534667,0.07375612694038798,0.000982973407664792
daily_2644t_risk_off_ridge,885,,FAILED,0.008408952042847147,0.6926773500067668,0.0059426542821889436
daily_2644t_risk_off_ridge,886,,FAILED,0.34207531346019504,0.00014311208590669323,0.0014943022404840262
daily_2644t_risk_off_ridge,887,,FAILED,0.04358730765729502,0.00010006630477886584,0.000685833088205324
daily_2644t_risk_off_ridge,888,,FAILED,0.16798951408172652,5.7029852846367595,0.004144043448414366
daily_2644t_risk_off_ridge,889,,FAILED,0.13223766352901348,0.006650106035330347,0.00028111997659247624
daily_2644t_risk_off_ridge,890,,FAILED,0.46628127296724176,0.00032160317475087133,0.0012477811230523898
daily_2644t_risk_off_ridge,891,,FAILED,0.47849042825016364,0.32740277294232395,0.00022360794053082145
daily_2644t_risk_off_ridge,892,,FAILED,0.0820835845576788,0.25832273600990757,0.0003859510325963908
daily_2644t_risk_off_ridge,893,,FAILED,0.0317351941417007,8.367996032583502,0.030360455251963504
daily_2644t_risk_off_ridge,894,,FAILED,0.06547607613579812,3.9966009575492216,0.00668226645855471
daily_2644t_risk_off_ridge,895,,FAILED,0.31189465710466097,0.01806088105645789,0.0029534543267498684
daily_2644t_risk_off_ridge,896,,FAILED,0.40922543006951645,0.013017789572766654,0.0017540996468650054
daily_2644t_risk_off_ridge,897,,FAILED,0.20185499092243325,0.0007305029249574668,0.03877162182440557
daily_2644t_risk_off_ridge,898,,FAILED,0.21785182114079196,0.960952541834036,0.019535632228894078
daily_2644t_risk_off_ridge,899,,FAILED,0.05423026652935467,0.0012056020476912445,0.00011613154179302448
daily_2644t_risk_off_ridge,900,,FAILED,0.14538591560565847,2.063800291083848,0.0035778474537089787
daily_2644t_risk_off_ridge,901,,FAILED,0.1174598191176441,1.4107174554633595,0.005470070777393314
daily_2644t_risk_off_ridge,902,,FAILED,0.44788887643013664,6.560627142054716,0.012907430146705196
daily_2644t_risk_off_ridge,903,,FAILED,0.1769635986813157,0.004440559963886811,0.008100537193304854
daily_2644t_risk_off_ridge,904,,FAILED,0.3272718061132115,0.0018289141905939936,0.0011027833300482402
daily_2644t_risk_off_ridge,905,,FAILED,0.016814322600531485,3.1049485819751625,0.0005637522765637196
daily_2644t_risk_off_ridge,906,,FAILED,0.2946636014185942,2.559502489344083,0.049971934956706966
daily_2644t_risk_off_ridge,907,,FAILED,0.09140762174957541,5.307694220870474,0.004713325798855284
daily_2644t_risk_off_ridge,908,,FAILED,0.2571306651303597,0.0002465678930411706,0.0003408248515041164
daily_2644t_risk_off_ridge,909,,FAILED,0.2299966041470737,0.04712795520065598,9.91359784577292e-05
daily_2644t_risk_off_ridge,910,,FAILED,0.18840255005827541,0.118170497795889,0.0004337795941118972
daily_2644t_risk_off_ridge,911,,FAILED,0.35670989455877755,0.00012428121505327568,0.001438489543236573
daily_2644t_risk_off_ridge,912,,FAILED,0.26978226616021794,8.519012167408262,0.02484427139785576
daily_2644t_risk_off_ridge,913,,FAILED,0.16153983754274903,0.0010084065268804812,0.0009505053503011876
daily_2644t_risk_off_ridge,914,,FAILED,0.0017843539531248297,0.43370877395614205,0.00014556138561173902
daily_2644t_risk_off_ridge,915,,FAILED,0.07253697048951778,3.6267177863867945,0.0022348257443134344
daily_2644t_risk_off_ridge,916,,FAILED,0.1082491163942594,0.00041699700603614685,0.0012406377758238756
daily_2644t_risk_off_ridge,917,,FAILED,0.03495055544116614,0.0001827273880526546,0.01755766523346755
daily_2644t_risk_off_ridge,918,,FAILED,0.04742634736173002,0.003160974201345701,0.0015967955938219257
daily_2644t_risk_off_ridge,919,,FAILED,0.20540656357460554,0.0008278626668434144,0.0008377695500580909
daily_2644t_risk_off_ridge,920,,FAILED,0.02350608355109673,0.17143993987618597,0.0019880910947797496
daily_2644t_risk_off_ridge,921,,FAILED,0.30471976162206393,1.5831360927639704,0.00971666732900796
daily_2644t_risk_off_ridge,922,,FAILED,0.12671027003243573,4.6217468511054385,0.0038407412943253848
daily_2644t_risk_off_ridge,923,,FAILED,0.09911867283258448,0.6480324487841072,5.018099317153656e-05
daily_2644t_risk_off_ridge,924,,FAILED,0.1838370371796283,6.703363362936598,0.00017279129306075242
daily_2644t_risk_off_ridge,925,,FAILED,0.3941709765441243,0.00845198983431872,0.006948924941343597
daily_2644t_risk_off_ridge,926,,FAILED,0.15130539907246188,0.023618741399226043,0.002710406285001043
daily_2644t_risk_off_ridge,927,,FAILED,0.36694463838511143,9.977649601010606,0.0004892863063153983
daily_2644t_risk_off_ridge,928,,FAILED,0.08175538923918632,0.03165699250960787,0.02151741769498452
daily_2644t_risk_off_ridge,929,,FAILED,0.32013223689819414,0.0005452674064014525,0.005769067702716221
daily_2644t_risk_off_ridge,930,,FAILED,0.4984531604946025,0.2799406538318495,0.01525048167305651
daily_2644t_risk_off_ridge,931,,FAILED,0.2160940431103883,0.060999592245298176,0.0002554971382776123
daily_2644t_risk_off_ridge,932,,FAILED,0.06169734018081849,2.043725032455789,0.0033916277971851433
daily_2644t_risk_off_ridge,933,,FAILED,0.24202768519827475,0.015299497933744207,0.011247857919118738
daily_2644t_risk_off_ridge,934,,FAILED,0.13518722596680927,0.005282824108566027,0.0007146645778092341
daily_2644t_risk_off_ridge,935,,FAILED,0.28776970763906495,4.3396007043677,0.00809104343546836
daily_2644t_risk_off_ridge,936,,FAILED,0.010934366430478359,1.1101468509984775,0.001705868816835264
daily_2644t_risk_off_ridge,937,,FAILED,0.19668490926995508,2.3727110403172746,0.00030310000698909127
daily_2644t_risk_off_ridge,938,,FAILED,0.17120335052708183,0.001475033358701146,0.0013196148650046135
daily_2644t_risk_off_ridge,939,,FAILED,0.049946134586449524,0.00013854389001285931,6.354802547935697e-05
daily_2644t_risk_off_ridge,940,,FAILED,0.43689896653889704,0.21941299593333363,0.0008958813873711172
daily_2644t_risk_off_ridge,941,,FAILED,0.09037805387814563,5.422039605808569,0.004876825502919943
daily_2644t_risk_off_ridge,942,,FAILED,0.1101347541988132,0.36116037269321266,0.0011467711422641687
daily_2644t_risk_off_ridge,943,,FAILED,0.4207597729885226,0.002568217197248735,0.0025083735613537807
daily_2644t_risk_off_ridge,944,,FAILED,0.04021780588664548,6.89279370850166,0.0030914971240342793
daily_2644t_risk_off_ridge,945,,FAILED,0.07228220830444936,0.01032063436933641,0.027773590661531358
daily_2644t_risk_off_ridge,946,,FAILED,0.15683892127813517,0.09501359504479841,0.00021311431327164656
daily_2644t_risk_off_ridge,947,,FAILED,0.11816704638625283,0.14235896486366215,0.0004132658725359196
daily_2644t_risk_off_ridge,948,,FAILED,0.33738245549141904,3.1028237522137347,0.004218169597693503
daily_2644t_risk_off_ridge,949,,FAILED,0.38089470148259946,0.5453994549958773,8.40509381448951e-05
daily_2644t_risk_off_ridge,950,,FAILED,0.22514296832368944,0.0007021200462412945,0.006546354016655506
daily_2644t_risk_off_ridge,951,,FAILED,0.024271746695500276,0.04419017723094328,0.0010532146266365684
daily_2644t_risk_off_ridge,952,,FAILED,0.05552634379415124,0.8237133336592133,0.002024554444509808
daily_2644t_risk_off_ridge,953,,FAILED,0.00011106314218541514,1.6942038285160406,0.001482413141805706
daily_2644t_risk_off_ridge,954,,FAILED,0.25386991508769646,0.0003465030937700428,0.04361490482405427
daily_2644t_risk_off_ridge,955,,FAILED,0.14401626332305412,0.00017744797195691652,0.009488574760445912
daily_2644t_risk_off_ridge,956,,FAILED,0.27703174264315467,0.003757617977165591,0.014067749111584909
daily_2644t_risk_off_ridge,957,,FAILED,0.21312044688828938,3.6558874248625846,0.035764856791400394
daily_2644t_risk_off_ridge,958,,FAILED,0.31207285788625194,0.07569190738376538,0.0013050837626914229
daily_2644t_risk_off_ridge,959,,FAILED,0.18058188968335084,0.0010870401510424642,0.0006530487186251556
daily_2644t_risk_off_ridge,960,,FAILED,0.10140266875588644,1.2383074733988557,0.007813117338849452
daily_2644t_risk_off_ridge,961,,FAILED,0.08162786198155375,0.00025552499462111044,0.00013058976726305246
daily_2644t_risk_off_ridge,962,,FAILED,0.1946459472279802,7.424669765879243,0.0005577479238740616
daily_2644t_risk_off_ridge,963,,FAILED,0.017175183307276038,0.00010343210725225022,0.00035722922870004586
daily_2644t_risk_off_ridge,964,,FAILED,0.23616555050262042,0.0020750666268020846,0.003251030633835434
daily_2644t_risk_off_ridge,965,,FAILED,0.03148087677932895,2.6627048384248555,0.0018816594671039679
daily_2644t_risk_off_ridge,966,,FAILED,0.06584349327172144,4.659717947996189,0.0008066468343214394
daily_2644t_risk_off_ridge,967,,FAILED,0.13182394766537434,5.47987874480344,0.002339374554567356
daily_2644t_risk_off_ridge,968,,FAILED,0.16452953504698772,0.007287843277864071,0.022382690603136562
daily_2644t_risk_off_ridge,969,,FAILED,0.34579682099230635,0.0008320590405045263,0.012257878063656497
daily_2644t_risk_off_ridge,970,,FAILED,0.09282793660119465,0.00012399042803919495,0.0009680865195278713
daily_2644t_risk_off_ridge,971,,FAILED,0.4067471374796262,0.24505973405768333,0.01745445264938976
daily_2644t_risk_off_ridge,972,,FAILED,0.2064860214345319,0.0005980242998273879,0.0038823950845296743
daily_2644t_risk_off_ridge,973,,FAILED,0.2951569114298436,0.019100919118907028,0.0016905568429108834
daily_2644t_risk_off_ridge,974,,FAILED,0.17336763748867712,1.7446395706554079,0.0059632960702976235
daily_2644t_risk_off_ridge,975,,FAILED,0.04387090847123481,0.001633348824373825,0.0011512065002642303
daily_2644t_risk_off_ridge,976,,FAILED,0.11994288967141806,0.43620917539714066,0.00028567853239859546
daily_2644t_risk_off_ridge,977,,FAILED,0.3679548537414806,1.007851009647898,0.008997311872880265
daily_2644t_risk_off_ridge,978,,FAILED,0.26460302218779436,0.03470719527671358,0.007281636872956119
daily_2644t_risk_off_ridge,979,,FAILED,0.3900003677409525,0.17765689232423987,0.000465720988620791
daily_2644t_risk_off_ridge,980,,FAILED,0.07421480881126437,0.0001616057405595783,0.002807550641152426
daily_2644t_risk_off_ridge,981,,FAILED,0.01093485159149362,8.223364961416708,0.0002369729151641951
daily_2644t_risk_off_ridge,982,,FAILED,0.22414683903361787,3.831576585086184,0.005204881950994651
daily_2644t_risk_off_ridge,983,,FAILED,0.05818070415975515,6.272610254103404,0.030469394658101986
daily_2644t_risk_off_ridge,984,,FAILED,0.33116874346002007,1.39056093577609,0.001449274531966822
daily_2644t_risk_off_ridge,985,,FAILED,0.1503406317520375,0.29331313437246354,0.01058234465317954
daily_2644t_risk_off_ridge,986,,FAILED,0.18787688858985188,0.054721025762936415,0.019224314110655897
daily_2644t_risk_off_ridge,987,,FAILED,0.3057864670615766,2.518779864956419,0.0003432694675258287
daily_2644t_risk_off_ridge,988,,FAILED,0.08473639614969886,0.000498102644999604,7.023963850921364e-05
daily_2644t_risk_off_ridge,989,,FAILED,0.03568021360570283,0.013416285170147913,0.004564356135342155
daily_2644t_risk_off_ridge,990,,FAILED,0.24839394781469107,0.0001998758370472222,0.003528029673738574
daily_2644t_risk_off_ridge,991,,FAILED,0.10610199810575474,3.186185885355628,0.00017741061202849407
daily_2644t_risk_off_ridge,992,,FAILED,0.20149873584021336,0.026196302594684046,0.0011634859641356263
daily_2644t_risk_off_ridge,993,,FAILED,0.13983778287822632,9.893591109872721,0.002458302920152109
daily_2644t_risk_off_ridge,994,,FAILED,0.36169039799135194,0.00010015602413547657,0.026483833127236883
daily_2644t_risk_off_ridge,995,,FAILED,0.021168629930481804,0.005645617132726758,0.00010199928400707529
daily_2644t_risk_off_ridge,996,,FAILED,0.32178484368886306,0.0012607752264331192,0.00658763201321012
daily_2644t_risk_off_ridge,997,,FAILED,0.050859562636890225,0.13009027206550494,0.000597257303238956
daily_2644t_risk_off_ridge,998,,FAILED,0.1264754992013389,4.686274256699948,0.0008534852263016565
daily_2644t_risk_off_ridge,999,,FAILED,0.3797394914753224,0.7244326857032041,0.0013387698328853202
daily_2644t_risk_off_ridge,1000,,FAILED,0.16063373023491465,2.1170175802280355,0.014955159863822594
daily_2644t_risk_off_ridge,1001,,FAILED,0.06324382806739715,6.71462935293478,0.0016408999065170714
daily_2644t_risk_off_ridge,1002,,FAILED,7.07408249049149e-05,0.0030952427916384716,0.0029013698006110046
daily_2644t_risk_off_ridge,1003,,FAILED,0.28845799883774936,0.36338834068497083,0.0010048770839037608
daily_2644t_risk_off_ridge,1004,,FAILED,0.1141775436315851,0.0002899336109556627,0.0021782666723530234
daily_2644t_risk_off_ridge,1005,,FAILED,0.39844835464143025,0.10433025032852168,0.008151550083451723
daily_2644t_risk_off_ridge,1006,,FAILED,0.21629143000205583,0.0003925587312475381,0.00043369669899094397
daily_2644t_risk_off_ridge,1007,,FAILED,0.09561798466926968,0.00013373336728823455,0.0007358135328692036
daily_2644t_risk_off_ridge,1008,,FAILED,0.23116437033086543,0.0009502366959292268,0.02404597683625722
daily_2644t_risk_off_ridge,1009,,FAILED,0.17483571634362802,0.5131973527598511,0.00038336705080929564
daily_2644t_risk_off_ridge,1010,,FAILED,0.27155952028471986,4.11504698977369,5.7252076657639045e-05
daily_2644t_risk_off_ridge,1011,,FAILED,0.1954338158108218,0.03702083605408131,0.00014942975815819285
daily_2644t_risk_off_ridge,1012,,FAILED,0.02764299543267274,0.2297281399980227,0.004173445939664495
daily_2644t_risk_off_ridge,1013,,FAILED,0.4793972165931215,0.00401647319819932,0.038724494551458766
daily_2644t_risk_off_ridge,1014,,FAILED,0.35415956141655447,0.01031226777568483,0.00030671284085752646
daily_2644t_risk_off_ridge,1015,,FAILED,0.04682984070868899,0.002051365222147696,0.0055946969130452485
daily_2644t_risk_off_ridge,1016,,FAILED,0.3144897028694552,5.366050971778407,0.0033336430555825775
daily_2644t_risk_off_ridge,1017,,FAILED,0.06721230406753446,1.518807126398987,0.034192139519400595
daily_2644t_risk_off_ridge,1018,,FAILED,0.3009491543662444,0.9984337083243422,0.001240676741466561
daily_2644t_risk_off_ridge,1019,,FAILED,0.07585017842101377,8.099810393461508,0.0005078510815910171
daily_2644t_risk_off_ridge,1020,,FAILED,0.18554332468381204,0.0006434909889677981,0.0019545468168758367
daily_2644t_risk_off_ridge,1021,,FAILED,0.01179790603899146,3.4795347538032666,0.0015117953050794981
daily_2644t_risk_off_ridge,1022,,FAILED,0.14333258135215285,0.0651442004247379,0.0002169968495641552
daily_2644t_risk_off_ridge,1023,,FAILED,0.13186766335116218,2.0140709545599673,0.0096500479327799
daily_2644t_risk_off_ridge,1024,,FAILED,0.3756755358189005,2.850090737706323,0.0009220204008293718
daily_2644t_risk_off_ridge,1025,,FAILED,0.10309095275795513,6.175482762211017,0.00716365657317758
daily_2644t_risk_off_ridge,1026,,FAILED,0.41404251663645303,0.00022481812774750976,0.0002591415589602038
daily_2644t_risk_off_ridge,1027,,FAILED,0.20600922423438547,0.19551757291640792,0.0046982177638855965
daily_2644t_risk_off_ridge,1028,,FAILED,0.2800804702020672,0.15762911614672087,0.00012513556021557606
daily_2644t_risk_off_ridge,1029,,FAILED,0.4297534303192813,0.00016238293152718563,0.02134339053374823
daily_2644t_risk_off_ridge,1030,,FAILED,0.15354085477201843,0.015036735845031481,0.01273397915111686
daily_2644t_risk_off_ridge,1031,,FAILED,0.08772728282493522,0.006294378926548124,0.003880881754710073
daily_2644t_risk_off_ridge,1032,,FAILED,0.03786326650057528,4.348518415627085,0.0010615763502606834
daily_2644t_risk_off_ridge,1033,,FAILED,0.4603353880458467,0.3182089856956328,0.0164297102547789
daily_2644t_risk_off_ridge,1034,,FAILED,0.24079329988730191,0.004593079166179022,0.0027197391909937274
daily_2644t_risk_off_ridge,1035,,FAILED,0.11532788128537516,0.0013854257809072722,0.001331328986043852
daily_2644t_risk_off_ridge,1036,,FAILED,0.1683249493586625,0.07929710192820677,0.010709044409348632
daily_2644t_risk_off_ridge,1037,,FAILED,0.0620597434942714,0.021900227567922943,0.007585576314253156
daily_2644t_risk_off_ridge,1038,,FAILED,0.21456843167569892,1.3007199152461193,0.006128966915891801
daily_2644t_risk_off_ridge,1039,,FAILED,0.3368191830167527,0.00010015907901182173,0.0006468498747812267
daily_2644t_risk_off_ridge,1040,,FAILED,0.25896793024231884,0.0008003144887770093,0.04413192303455258
daily_2644t_risk_off_ridge,1041,,FAILED,0.4440055019515436,0.00013131708058288755,0.008609611964316677
daily_2644t_risk_off_ridge,1042,,FAILED,0.12584229038585576,2.3190249589975367,0.0001892915346280081
daily_2644t_risk_off_ridge,1043,,FAILED,0.05331539514242931,0.6098616744456458,0.0017360970354135875
daily_2644t_risk_off_ridge,1044,,FAILED,0.019983427634569242,0.002503252157085717,0.003162020798167997
daily_2644t_risk_off_ridge,1045,,FAILED,0.07668556654724584,8.1783135991659,0.0023454324189590772
daily_2644t_risk_off_ridge,1046,,FAILED,0.38595250874993625,0.8473427960092195,0.0015138394565697645
daily_2644t_risk_off_ridge,1047,,FAILED,0.22568138587328618,0.04184218383237882,0.00033217095635104004
daily_2644t_risk_off_ridge,1048,,FAILED,0.18211634740635857,5.115902568889388,0.0011368884575463924
daily_2644t_risk_off_ridge,1049,,FAILED,0.09686689039940016,0.0011308560961025128,0.0007738146727254519
daily_2644t_risk_off_ridge,1050,,FAILED,0.15856859838953452,0.00043695389828408136,0.005146764707658851
daily_2644t_risk_off_ridge,1051,,FAILED,0.029572337469403184,0.008185694133403925,0.0004180727917439334
daily_2644t_risk_off_ridge,1052,,FAILED,0.1063618106429158,1.7977154448828845,0.0019142444055292344
daily_2644t_risk_off_ridge,1053,,FAILED,0.323095285763247,6.5725147393071515,0.01926828439312274
daily_2644t_risk_off_ridge,1054,,FAILED,0.20180873487637688,0.02985849708005058,0.031473548139941056
daily_2644t_risk_off_ridge,1055,,FAILED,0.1389779485255358,3.5882823532063495,8.054062053876344e-05
daily_2644t_risk_off_ridge,1056,,FAILED,0.041501062714178194,0.4239202972683054,0.02605960762884833
daily_2644t_risk_off_ridge,1057,,FAILED,0.28678741736594826,0.2519447883534867,0.000941058644110187
daily_2644t_risk_off_ridge,1058,,FAILED,0.008386610417155353,9.986882169114383,0.0036363040385860835
daily_2644t_risk_off_ridge,1059,,FAILED,0.08641579416251356,0.00029440946740362707,0.006288746104994116
daily_2644t_risk_off_ridge,1060,,FAILED,0.19207229523331515,5.5824417842767105,0.0005308755344575202
daily_2644t_risk_off_ridge,1061,,FAILED,0.34779071510335313,0.0017646042210811461,0.0013530828765881506
daily_2644t_risk_off_ridge,1062,,FAILED,0.3016245407810297,4.31732529119174,0.01185202812526551
daily_2644t_risk_off_ridge,1063,,FAILED,0.2464655662726567,2.6458202918073295,0.0042618511160815034
daily_2644t_risk_off_ridge,1064,,FAILED,0.0578271496998303,1.079463236468625,0.0025906624963714956
daily_2644t_risk_off_ridge,1065,,FAILED,0.1760707147614875,0.0009073105666271405,0.0016555688547999535
daily_2644t_risk_off_ridge,1066,,FAILED,0.07062471434022409,0.0006151890997599461,0.00036760876227449717
daily_2644t_risk_off_ridge,1067,,FAILED,0.2106002810656338,0.00021499896055286117,0.008907812945822552
daily_2644t_risk_off_ridge,1068,,FAILED,0.3996316727998837,0.0001561169440527328,0.00027535562767881585
daily_2644t_risk_off_ridge,1069,,FAILED,0.1446103708886678,0.011271919967414976,0.002119006631221278
daily_2644t_risk_off_ridge,1070,,FAILED,0.11560200380926787,3.12232148259254,0.0010785169083149205
daily_2644t_risk_off_ridge,1071,,FAILED,0.3723844194888169,0.10930975106544139,0.01371587296845866
daily_2644t_risk_off_ridge,1072,,FAILED,0.014808275988113776,6.876710135037189,0.00022880390169188465
daily_2644t_risk_off_ridge,1073,,FAILED,0.26445400192278995,0.05851979531949943,0.0008862286700502466
daily_2644t_risk_off_ridge,1074,,FAILED,0.23537152351160753,0.01755868862319151,0.00011232564560426496
daily_2644t_risk_off_ridge,1075,,FAILED,0.16486387208729417,0.20884224676624516,0.006960008945754223
daily_2644t_risk_off_ridge,1076,,FAILED,0.3144781679337876,1.9209576141429383,0.0004779369671450822
daily_2644t_risk_off_ridge,1077,,FAILED,0.09838393855070834,1.4740555873886536,0.00015366615200893777
daily_2644t_risk_off_ridge,1078,,FAILED,0.12664536096161272,0.0033804224000155074,0.0030919256386308844
daily_2644t_risk_off_ridge,1079,,FAILED,0.07948169939224589,0.0001222900366287267,0.0053397229562131806
daily_2644t_risk_off_ridge,1080,,FAILED,0.047900137607022227,0.3052049876164059,0.0006083550893022698
daily_2644t_risk_off_ridge,1081,,FAILED,0.3599566284943633,0.15643091729835074,0.049098829244111936
daily_2644t_risk_off_ridge,1082,,FAILED,0.028679029903162644,0.0004950574712089533,0.0012432616052733378
daily_2644t_risk_off_ridge,1083,,FAILED,0.11089095600598822,7.542367812556307,0.02348385786792983
daily_2644t_risk_off_ridge,1084,,FAILED,0.22060883228014308,0.04285181668396298,0.0014508078230677265
daily_2644t_risk_off_ridge,1085,,FAILED,0.2925010198938064,0.7067916824751406,0.03694561108198488
daily_2644t_risk_off_ridge,1086,,FAILED,0.2758264076621308,3.872548308666349,0.0007219684356122641
daily_2644t_risk_off_ridge,1087,,FAILED,0.06843934793246634,0.5489261119632459,0.008118343636030619
daily_2644t_risk_off_ridge,1088,,FAILED,0.1530507013466007,5.687601476395153,0.016203487743859914
daily_2644t_risk_off_ridge,1089,,FAILED,0.1976456898226835,0.0007545051684486023,0.003773738863137489
daily_2644t_risk_off_ridge,1090,,FAILED,0.18528922575545004,2.498998101182546,0.0018390435185799043
daily_2644t_risk_off_ridge,1091,,FAILED,0.4699983040551834,0.08250623105041316,0.009901720566555026
daily_2644t_risk_off_ridge,1092,,FAILED,0.03947958019913256,1.1981157031417895,0.0009954348729283812
daily_2644t_risk_off_ridge,1093,,FAILED,0.006355054462723798,0.00037302336405351997,0.00020272089256592756
daily_2644t_risk_off_ridge,1094,,FAILED,0.08980829763406112,4.8173154435780665,0.0027550948950307605
daily_2644t_risk_off_ridge,1095,,FAILED,0.48897020001546326,0.00164256610661005,0.01933979610480307
daily_2644t_risk_off_ridge,1096,,FAILED,0.13540653661596375,0.3867367120969375,0.001171000273510995
daily_2644t_risk_off_ridge,1097,,FAILED,0.30519044559392033,0.005015327340790136,0.0003189408003828441
daily_2644t_risk_off_ridge,1098,,FAILED,0.05714202995167708,0.0023275926864397226,0.027745410394788256
daily_2644t_risk_off_ridge,1099,,FAILED,0.17779303029230564,0.05197030667932435,0.0022468918066657806
daily_2644t_risk_off_ridge,1100,,FAILED,0.019655776241402977,0.00017866599910185813,0.0045563725748898175
daily_2644t_risk_off_ridge,1101,,FAILED,0.33128035521967053,0.0013094646761977996,0.0004050730704577723
daily_2644t_risk_off_ridge,1102,,FAILED,0.386422303216157,7.971424836922939,0.00016541257156112808
daily_2644t_risk_off_ridge,1103,,FAILED,0.41896807104237177,0.0010433988858529375,8.990213999598408e-05
daily_2644t_risk_off_ridge,1104,,FAILED,0.16373801382523687,3.051553475561074,0.0034635785404975236
daily_2644t_risk_off_ridge,1105,,FAILED,0.11955300339541083,1.4963852346631155,0.0014242676775990178
daily_2644t_risk_off_ridge,1106,,FAILED,0.2492282359429182,0.00784705262300458,0.0008125827244440701
daily_2644t_risk_off_ridge,1107,,FAILED,0.23042195673871899,0.9396914844125769,0.0074523968788437235
daily_2644t_risk_off_ridge,1108,,FAILED,0.20122366436568337,0.2598974451194256,0.006286657819091215
daily_2644t_risk_off_ridge,1109,,FAILED,0.07932908110752185,0.027881932812606605,0.0016354265357400675
daily_2644t_risk_off_ridge,1110,,FAILED,0.14826779358507983,0.00012132601350876168,0.04145411599121319
daily_2644t_risk_off_ridge,1111,,FAILED,0.10146736017825685,0.1305186955490757,0.011121648886195459
daily_2644t_risk_off_ridge,1112,,FAILED,0.21063104674292848,2.1714421727254494,0.003013822079584926
daily_2644t_risk_off_ridge,1113,,FAILED,0.06758432541555492,0.01220782480611989,0.0010422552789274284
daily_2644t_risk_off_ridge,1114,,FAILED,0.03087320558095371,0.02219396275818577,0.004403091922675023
daily_2644t_risk_off_ridge,1115,,FAILED,0.04687203257649887,5.1010932833722435,0.001276739369609264
daily_2644t_risk_off_ridge,1116,,FAILED,0.08932589173950904,0.0028202143361919997,0.0005252352491253107
daily_2644t_risk_off_ridge,1117,,FAILED,0.16886327647002244,6.036303565888809,0.01774768242820796
daily_2644t_risk_off_ridge,1118,,FAILED,0.3700132662320111,0.00010018139637962392,0.021836315843647446
daily_2644t_risk_off_ridge,1119,,FAILED,0.31283907852627246,3.5560230052263506,0.01496711421278253
daily_2644t_risk_off_ridge,1120,,FAILED,0.0006748861082954399,0.0006262038999247909,0.005638073103707674
daily_2644t_risk_off_ridge,1121,,FAILED,0.10883486450498464,0.00030166324188113033,0.009105806983490573
daily_2644t_risk_off_ridge,1122,,FAILED,0.3958324967758072,0.00015355587825604104,0.00030031058074298666
daily_2644t_risk_off_ridge,1123,,FAILED,0.1887703167216185,4.047321996212639,0.001989436961088996
daily_2644t_risk_off_ridge,1124,,FAILED,0.05887072024235346,0.18637106700257244,0.00042927660753579584
daily_2644t_risk_off_ridge,1125,,FAILED,0.12567219412988803,0.32024917799669794,0.03210594384675515
daily_2644t_risk_off_ridge,1126,,FAILED,0.019120608702391864,1.8638123029296432,6.855516925362908e-05
daily_2644t_risk_off_ridge,1127,,FAILED,0.4540134885285716,0.47388992288830256,0.0008662197573234761
daily_2644t_risk_off_ridge,1128,,FAILED,0.2808397014232684,0.8488268119450423,0.0001358625745942649
daily_2644t_risk_off_ridge,1129,,FAILED,0.2576968819073313,0.00021082075219730086,0.00025588276784748663
daily_2644t_risk_off_ridge,1130,,FAILED,0.2951685572491367,0.03410271016992089,0.0006454732040562252
daily_2644t_risk_off_ridge,1131,,FAILED,0.21949619745711962,0.006158624469575033,0.002550250023395722
daily_2644t_risk_off_ridge,1132,,FAILED,0.1565526289053573,8.022623845519638,0.006844120374008207
daily_2644t_risk_off_ridge,1133,,FAILED,0.07707870819717855,0.003898833679485537,0.003945484301642594
daily_2644t_risk_off_ridge,1134,,FAILED,0.32231819587389227,2.827464680875564,0.00037044118542933633
daily_2644t_risk_off_ridge,1135,,FAILED,0.13360643109898857,0.0008402634255235818,0.001547435431521814
daily_2644t_risk_off_ridge,1136,,FAILED,0.43494141058742986,6.413744589985923,0.0011677346052411915
daily_2644t_risk_off_ridge,1137,,FAILED,0.033000151384823276,0.009418104221662074,0.012868829392962895
daily_2644t_risk_off_ridge,1138,,FAILED,0.3408877404491085,0.0693222103578986,0.0017816712095020453
daily_2644t_risk_off_ridge,1139,,FAILED,0.24062015845374699,0.01538570594170216,0.008297798123298407
daily_2644t_risk_off_ridge,1140,,FAILED,0.09549350975367507,1.238113529694059,0.004701376461216182
daily_2644t_risk_off_ridge,1141,,FAILED,0.010835140403272572,4.805524984533799,0.003279317630845939
daily_2644t_risk_off_ridge,1142,,FAILED,0.35044507359909904,1.65853000818406,0.00018576005303749704
daily_2644t_risk_off_ridge,1143,,FAILED,0.3795907182969799,8.516898740100094,0.0010341712055355811
daily_2644t_risk_off_ridge,1144,,FAILED,0.20539993333278622,0.00046329979278117423,0.0013080791805291907
daily_2644t_risk_off_ridge,1145,,FAILED,0.4093826440793924,0.09876323323105095,5.779576224448217e-05
daily_2644t_risk_off_ridge,1146,,FAILED,0.14704532903823944,0.00025656367246856533,0.0022926447465302213
daily_2644t_risk_off_ridge,1147,,FAILED,0.05400922852868408,0.002055579054786161,0.0007498774377775556
daily_2644t_risk_off_ridge,1148,,FAILED,0.1753302781877026,2.4020695475250586,0.00573479133920519
daily_2644t_risk_off_ridge,1149,,FAILED,0.06414368175620158,0.04773504060466148,0.00046338769613868495
daily_2644t_risk_off_ridge,1150,,FAILED,0.11867469596753652,0.00013696797390429908,0.007686043864316517
daily_2644t_risk_off_ridge,1151,,FAILED,0.19312382060338606,0.001018356822431373,0.0002459658851715236
daily_2644t_risk_off_ridge,1152,,FAILED,0.22543430372824422,0.5890086953209315,0.010520196016987119
daily_2644t_risk_off_ridge,1153,,FAILED,0.0403468344811138,0.26441992790448476,0.002771124238058026
daily_2644t_risk_off_ridge,1154,,FAILED,0.10740756093672645,3.4562320458749394,0.0035362237312964112
daily_2644t_risk_off_ridge,1155,,FAILED,0.26842139905412277,0.20646403074885114,0.024974120191075463
daily_2644t_risk_off_ridge,1156,,FAILED,0.08341348373452544,0.0014331819962403623,0.0015084404010863078
daily_2644t_risk_off_ridge,1157,,FAILED,0.2893906335099792,0.15482245311579323,0.0005923695279140055
daily_2644t_risk_off_ridge,1158,,FAILED,0.3613181098852045,0.0006908482513251699,0.0009738822156455068
daily_2644t_risk_off_ridge,1159,,FAILED,0.13827403169211888,4.6801641645928544,0.004053591037547672
daily_2644t_risk_off_ridge,1160,,FAILED,0.15977359076514108,7.140416557076039,0.00033590363972666
daily_2644t_risk_off_ridge,1161,,FAILED,0.21304805600242066,5.767065978703016,0.020662803195401883
daily_2644t_risk_off_ridge,1162,,FAILED,0.01974866450724092,0.019938619579644316,0.04973475976319648
daily_2644t_risk_off_ridge,1163,,FAILED,0.05405033209737456,9.722293575908472,0.001788815256123726
daily_2644t_risk_off_ridge,1164,,FAILED,0.308745332018777,0.7367844205446588,9.858584013054967e-05
daily_2644t_risk_off_ridge,1165,,FAILED,0.000115740402779182,0.00012081671550554101,0.028959406606773402
daily_2644t_risk_off_ridge,1166,,FAILED,0.0712479703618167,0.0005321460136168787,0.0013610492617200257
daily_2644t_risk_off_ridge,1167,,FAILED,0.39268796285228114,0.3742325819081442,0.036538382135866194
daily_2644t_risk_off_ridge,1168,,FAILED,0.10020380074847288,1.134924059222519,0.006697328527134026
daily_2644t_risk_off_ridge,1169,,FAILED,0.04619673959574077,2.679104976692779,0.014437911563792602
daily_2644t_risk_off_ridge,1170,,FAILED,0.18187148362906075,1.4350666948623152,0.0048843515940164076
daily_2644t_risk_off_ridge,1171,,FAILED,0.23468686840727657,0.004888976902039505,0.009682501419882113
daily_2644t_risk_off_ridge,1172,,FAILED,0.028228522432822457,0.006986170601458265,0.002065917769474898
daily_2644t_risk_off_ridge,1173,,FAILED,0.12339528170848973,4.413569998817761,0.0008271757622667853
daily_2644t_risk_off_ridge,1174,,FAILED,0.19577594163660555,0.000189623930898442,0.001147119674809156
daily_2644t_risk_off_ridge,1175,,FAILED,0.17352908946717033,0.00033907811420587835,0.0016258556597542578
daily_2644t_risk_off_ridge,1176,,FAILED,0.3315837011939918,0.03652008057131532,0.0032855881339201604
daily_2644t_risk_off_ridge,1177,,FAILED,0.25138372058526626,3.4268402717401267,0.00022082825960972855
daily_2644t_risk_off_ridge,1178,,FAILED,0.30085028167711503,2.181317995996532,0.00028475249609880054
daily_2644t_risk_off_ridge,1179,,FAILED,0.15172258829967566,1.8895698595186232,0.0024389299406453353
daily_2644t_risk_off_ridge,1180,,FAILED,0.11229321650778487,0.0011075793600721757,0.00552331869428962
daily_2644t_risk_off_ridge,1181,,FAILED,0.08696683191969472,0.00179932558206805,0.017219836201110478
daily_2644t_risk_off_ridge,1182,,FAILED,0.010813779109740414,0.00015010486808736872,0.0005352830844945493
daily_2644t_risk_off_ridge,1183,,FAILED,0.06239486866091574,0.0033237775817014123,0.0003736420052576094
daily_2644t_risk_off_ridge,1184,,FAILED,0.03971080894924897,0.0127663892814003,0.008115512046675974
daily_2644t_risk_off_ridge,1185,,FAILED,0.3756504652789604,6.278726987227418,0.0012396812933162787
daily_2644t_risk_off_ridge,1186,,FAILED,0.13127432208156053,0.06611287464996345,0.04165472979017841
daily_2644t_risk_off_ridge,1187,,FAILED,0.20340073452770577,3.7981323305991013,0.0006897953069310113
daily_2644t_risk_off_ridge,1188,,FAILED,0.22391151527688175,0.025573347628365307,0.006450735868463929
daily_2644t_risk_off_ridge,1189,,FAILED,0.49872667054499437,0.00010071888646896874,0.0004678024736755466
daily_2644t_risk_off_ridge,1190,,FAILED,0.07315940535763822,0.13275034631431487,0.004159998178928231
daily_2644t_risk_off_ridge,1191,,FAILED,0.40288249055700276,0.2093910213901722,0.00012436631652558452
daily_2644t_risk_off_ridge,1192,,FAILED,0.32255927902802106,0.31157751165433445,0.01204353274687282
daily_2644t_risk_off_ridge,1193,,FAILED,0.024547725552498435,0.9847097150812786,0.0009806141381246305
daily_2644t_risk_off_ridge,1194,,FAILED,0.09590880805339425,0.0007199210820965659,0.0013965096008618813
daily_2644t_risk_off_ridge,1195,,FAILED,0.16692695990671486,5.519740843512413,0.007494606517371388
daily_2644t_risk_off_ridge,1196,,FAILED,0.38404902109541045,0.009122548195742588,0.0029845795168980415
daily_2644t_risk_off_ridge,1197,,FAILED,0.14112657076646923,0.05486522347274997,0.0001640040937199895
daily_2644t_risk_off_ridge,1198,,FAILED,0.42415785701401965,0.0935723947269844,0.002072964507186903
daily_2644t_risk_off_ridge,1199,,FAILED,0.44380653568388834,1.5901184227579364,7.881889574078884e-05
daily_2644t_risk_off_ridge,1200,,FAILED,0.050271130760818836,9.832476604789406,0.00088419331834126
daily_2644t_risk_off_ridge,1201,,FAILED,0.18632239548942378,0.002655678914780906,0.03071544502517932
daily_2644t_risk_off_ridge,1202,,FAILED,0.2813518758760284,2.813345109012217,0.008879466982947826
daily_2644t_risk_off_ridge,1203,,FAILED,0.3559064546687468,0.0009370008139743153,0.02669025037151116
daily_2644t_risk_off_ridge,1204,,FAILED,0.26232461509528077,0.45432156352664865,0.0011109960108402653
daily_2644t_risk_off_ridge,1205,,FAILED,0.2122917617292153,0.00022784238462575634,0.0017574937648530656
daily_2644t_risk_off_ridge,1206,,FAILED,0.08268426280262542,7.39180982217959,0.003784907368542929
daily_2644t_risk_off_ridge,1207,,FAILED,0.10665725242510049,4.379974756784842,0.022979825336153635
daily_2644t_risk_off_ridge,1208,,FAILED,0.11885825631461314,0.001279347122291947,0.005102740138382722
daily_2644t_risk_off_ridge,1209,,FAILED,0.15824917120700355,0.7809316675963545,0.0004240771434865301
daily_2644t_risk_off_ridge,1210,,FAILED,0.3098122675403248,0.24106466542411764,0.00020020883584209875
daily_2644t_risk_off_ridge,1211,,FAILED,0.061809214625725944,0.01776578728857001,0.0029657060452269366
daily_2644t_risk_off_ridge,1212,,FAILED,0.470521356749607,0.0004249888180656286,0.00254727904262297
daily_2644t_risk_off_ridge,1213,,FAILED,0.2965145197667723,0.00012597269611107806,0.00032623071989815525
daily_2644t_risk_off_ridge,1214,,FAILED,0.035925510584586005,2.2083962889609063,0.0014158288938824534
daily_2644t_risk_off_ridge,1215,,FAILED,0.00979512736177936,0.00016391206999842763,0.0012158585304757022
daily_2644t_risk_off_ridge,1216,,FAILED,0.23949970586452551,0.0005687898004181838,0.018185552499377727
daily_2644t_risk_off_ridge,1217,,FAILED,0.36588121823028,0.6315233926010996,0.010011520996931773
daily_2644t_risk_off_ridge,1218,,FAILED,0.1890168073224184,0.04201734357804599,0.001582947691331402
daily_2644t_risk_off_ridge,1219,,FAILED,0.20016982557871218,0.16620849234525628,0.0007913824468410014
daily_2644t_risk_off_ridge,1220,,FAILED,0.07381666798138367,0.004335833328149049,0.007076418182449214
daily_2644t_risk_off_ridge,1221,,FAILED,0.21813084096381077,1.3499583718354324,0.01573101698402497
daily_2644t_risk_off_ridge,1222,,FAILED,0.09162340601288804,0.3739913169796213,0.00026704856708670147
daily_2644t_risk_off_ridge,1223,,FAILED,0.14816747165775576,3.205250449909354,0.000107826920486172
daily_2644t_risk_off_ridge,1224,,FAILED,0.27411776194554915,6.03028986704286,0.0033238746381205023
daily_2644t_risk_off_ridge,1225,,FAILED,0.34304938751378034,4.302114899471566,0.0001464942810842434
daily_2644t_risk_off_ridge,1226,,FAILED,0.18048505439561993,0.031997504134405615,0.03488221846939546
daily_2644t_risk_off_ridge,1227,,FAILED,0.051781146942551724,0.0002867934054899572,0.0009487492378613729
daily_2644t_risk_off_ridge,1228,,FAILED,0.12774700970932346,7.0419615574345045,0.0006594275532027363
daily_2644t_risk_off_ridge,1229,,FAILED,0.021292769491008143,0.07813911124533104,0.006124271527475066
daily_2644t_risk_off_ridge,1230,,FAILED,0.2283704615889483,5.010760325143306,0.020474882656725042
daily_2644t_risk_off_ridge,1231,,FAILED,0.1036741935637026,1.7481969841673457,0.011267033706134468
daily_2644t_risk_off_ridge,1232,,FAILED,0.16469730409553152,0.005652714455389641,0.0005428999320457723
daily_2644t_risk_off_ridge,1233,,FAILED,0.28893945466722043,0.002284947835259485,0.0018615859252611587
daily_2644t_risk_off_ridge,1234,,FAILED,0.25029425719341825,0.0008810375287873846,0.0023344714816388307
daily_2644t_risk_off_ridge,1235,,FAILED,0.06373933814880868,8.471085086386822,0.013288983132885294
daily_2644t_risk_off_ridge,1236,,FAILED,0.13890260090146328,1.1390385147024586,0.001092084252168502
daily_2644t_risk_off_ridge,1237,,FAILED,0.31611792507468983,2.6308124933908763,0.0003696452395996715
daily_2644t_risk_off_ridge,1238,,FAILED,0.015255936282391719,3.744518193771563,0.004534820419166679
daily_2644t_risk_off_ridge,1239,,FAILED,0.11384751160651109,0.010916615916727471,0.009168783967493906
daily_2644t_risk_off_ridge,1240,,FAILED,0.2078760333794085,0.00010061876090193867,0.0052871410344392765
daily_2644t_risk_off_ridge,1241,,FAILED,0.03907864672177671,0.006812692188310406,0.0013474474667406144
daily_2644t_risk_off_ridge,1242,,FAILED,0.3870658259744617,0.014623990001434481,0.0028121313072661143
daily_2644t_risk_off_ridge,1243,,FAILED,0.08258455815859528,0.48151232113288056,0.00023777951415212458
daily_2644t_risk_off_ridge,1244,,FAILED,0.17280742886627715,0.0015748482668039865,0.004062097163869265
daily_2644t_risk_off_ridge,1245,,FAILED,0.3025575441679807,0.00017712022443588392,0.00030557918441529846
daily_2644t_risk_off_ridge,1246,,FAILED,0.04862878890047589,5.935322267237706,0.003506670805529879
daily_2644t_risk_off_ridge,1247,,FAILED,0.3257740957176632,0.024086892270048885,0.008364174532229032
daily_2644t_risk_off_ridge,1248,,FAILED,0.48255272895181933,0.1159299673185747,0.024464130778898512
daily_2644t_risk_off_ridge,1249,,FAILED,0.09563029034329056,0.2728453500625235,0.0015150913273703033
daily_2644t_risk_off_ridge,1250,,FAILED,0.4112922528115489,9.955568145717232,0.00047833844545709756
daily_2644t_risk_off_ridge,1251,,FAILED,0.19341531451020405,0.00013422756051419523,5.179180524847359e-05
daily_2644t_risk_off_ridge,1252,,FAILED,0.1552547170502126,0.003114381093201753,0.002027536607117553
daily_2644t_risk_off_ridge,1253,,FAILED,0.007435293209414707,0.0007681274581207839,6.31781380749767e-05
daily_2644t_risk_off_ridge,1254,,FAILED,0.030706549665468406,3.3046056451872796,0.00018104864482430702
daily_2644t_risk_off_ridge,1255,,FAILED,0.37139921139260074,0.05132134583473886,0.007138933817908907
daily_2644t_risk_off_ridge,1256,,FAILED,0.45866405144981504,0.0005102242675927301,0.0011041680406739217
daily_2644t_risk_off_ridge,1257,,FAILED,0.06288578171921577,0.1775613244494286,0.0007607861402202939
daily_2644t_risk_off_ridge,1258,,FAILED,0.13163358515270354,0.0011507201101793882,0.0006130353355592351
daily_2644t_risk_off_ridge,1259,,FAILED,0.0005708589539118311,0.00038643317805980783,0.005974067940725619
daily_2644t_risk_off_ridge,1260,,FAILED,0.07195329591384009,5.022318129292669,0.0009347762852489678
daily_2644t_risk_off_ridge,1261,,FAILED,0.11794401168897506,0.8651298966907035,0.0012579487205457809
daily_2644t_risk_off_ridge,1262,,FAILED,0.3932165336922264,2.002943667469127,0.0004124676124250386
daily_2644t_risk_off_ridge,1263,,FAILED,0.23202792699607286,0.3371752792540191,0.0023859566801830373
daily_2644t_risk_off_ridge,1264,,FAILED,0.19934567647797627,1.388398688571878,0.001653864782248171
daily_2644t_risk_off_ridge,1265,,FAILED,0.21536243257302395,2.5485419385085906,0.04483716124727235
daily_2644t_risk_off_ridge,1266,,FAILED,0.1457775353069785,0.00024011600005358327,9.031943994792881e-05
daily_2644t_risk_off_ridge,1267,,FAILED,0.27009372318116764,0.0006518776719202712,0.004711971560346608
daily_2644t_risk_off_ridge,1268,,FAILED,0.33939981328036745,7.689291594954358,0.01436903394746346
daily_2644t_risk_off_ridge,1269,,FAILED,0.16914916150601855,0.24333709738401768,0.003627364516403433
daily_2644t_risk_off_ridge,1270,,FAILED,0.18301007867777586,0.003714357615400311,0.028715120283253976
daily_2644t_risk_off_ridge,1271,,FAILED,0.08932301164760832,0.6141850870215367,0.018925914363526464
daily_2644t_risk_off_ridge,1272,,FAILED,0.018578787192035644,4.582507824720184,0.010932831335501688
daily_2644t_risk_off_ridge,1273,,FAILED,0.10600098664130302,6.698654007483031,0.007589581244774718
daily_2644t_risk_off_ridge,1274,,FAILED,0.25584648722525793,0.008770387845186479,0.0030785203156351755
daily_2644t_risk_off_ridge,1275,,FAILED,0.04240974719257218,0.00014318712858150658,0.0010324856025572626
daily_2644t_risk_off_ridge,1276,,FAILED,0.07483661302645664,0.13447584509979732,0.0013236589343992443
daily_2644t_risk_off_ridge,1277,,FAILED,0.05419863026159085,0.06670138381187679,0.0003497943158045306
daily_2644t_risk_off_ridge,1278,,FAILED,0.23921339907969041,1.8286020329314743,0.0002236613377191099
daily_2644t_risk_off_ridge,1279,,FAILED,0.31397064017852594,3.0970562147285987,0.0019168446225017663
daily_2644t_risk_off_ridge,1280,,FAILED,0.2825521704927067,0.002087062936272246,0.006414229456227637
daily_2644t_risk_off_ridge,1281,,FAILED,0.35643863035136675,1.0380029673426627,0.0008239448878336335
daily_2644t_risk_off_ridge,1282,,FAILED,0.025648090912336257,0.0197422343770772,0.00028553723571320816
daily_2644t_risk_off_ridge,1283,,FAILED,0.12370069159603667,0.00033024545267595126,0.002721032900639555
daily_2644t_risk_off_ridge,1284,,FAILED,0.10001309666026298,0.00018976249288457536,0.037533545599207435
daily_2644t_risk_off_ridge,1285,,FAILED,0.37794429952161307,4.223370518995299,0.022882967196380118
daily_2644t_risk_off_ridge,1286,,FAILED,0.22317436109336256,0.039396652433844555,0.00921355938379406
daily_2644t_risk_off_ridge,1287,,FAILED,0.2942962142668519,0.21266760440027055,0.01703985593631285
daily_2644t_risk_off_ridge,1288,,FAILED,0.08320602913940058,0.00011917971642443987,0.00013903219746495338
daily_2644t_risk_off_ridge,1289,,FAILED,0.2057593396304569,5.994697289969538,0.0005108725618479815
daily_2644t_risk_off_ridge,1290,,FAILED,0.15978811350886524,0.03142192497629272,0.004038541048237221
daily_2644t_risk_off_ridge,1291,,FAILED,0.4308136676839672,1.439654745221264,0.0016042778191653897
daily_2644t_risk_off_ridge,1292,,FAILED,0.40019794961630306,0.09923378901679723,0.03177270585032882
daily_2644t_risk_off_ridge,1293,,FAILED,0.1391912633503552,2.3462716145535887,0.005309971763682604
daily_2644t_risk_off_ridge,1294,,FAILED,0.05768848396202569,0.4113489786149786,0.007859348794461587
daily_2644t_risk_off_ridge,1295,,FAILED,0.1753179273396127,0.0008876281225771677,0.0006864926341053515
daily_2644t_risk_off_ridge,1296,,FAILED,0.1914187376598593,0.001316784325167207,0.0021701408935390384
daily_2644t_risk_off_ridge,1297,,FAILED,0.1486076669849396,0.0016499226281134999,0.01249769428990687
daily_2644t_risk_off_ridge,1298,,FAILED,0.06833983073588562,8.297901555838271,0.0014566956921949373
daily_2644t_risk_off_ridge,1299,,FAILED,0.3274054458173041,3.648359497155957,0.00019626886372304142
daily_2644t_risk_off_ridge,1300,,FAILED,0.11267051547840086,0.0051246571222952324,0.0009882793072918583
daily_2644t_risk_off_ridge,1301,,FAILED,0.040719183841511304,5.004480386866341,0.002641119704143139
daily_2644t_risk_off_ridge,1302,,FAILED,0.008977542126196622,0.0005777504755092661,0.003368256818229543
daily_2644t_risk_off_ridge,1303,,FAILED,0.3040192307980963,0.7685977473609695,0.0011315514235824364
daily_2644t_risk_off_ridge,1304,,FAILED,0.24556054905534258,0.010999672126697025,0.0008635493089571243
daily_2644t_risk_off_ridge,1305,,FAILED,0.03504902560126505,0.517108585471628,0.0003934409368552677
daily_2644t_risk_off_ridge,1306,,FAILED,0.34913669789851753,0.05141114433346263,0.0012365151298320209
daily_2644t_risk_off_ridge,1307,,FAILED,0.2130912983682022,0.0028464483456678742,0.0018532744168040418
daily_2644t_risk_off_ridge,1308,,FAILED,0.09246850966104457,1.1214102105514545,0.005891947539715857
daily_2644t_risk_off_ridge,1309,,FAILED,0.3651494870398342,0.2827278796404182,0.02114158013884346
daily_2644t_risk_off_ridge,1310,,FAILED,0.01681150358314822,0.01522197202263978,7.233795741150349e-05
daily_2644t_risk_off_ridge,1311,,FAILED,0.26335872332313665,6.493101291642534,0.00012284535625825766
daily_2644t_risk_off_ridge,1312,,FAILED,0.128702900008029,0.007150782062655955,0.0005541853356753413
daily_2644t_risk_off_ridge,1313,,FAILED,0.44780158957680966,3.011165356289416,0.00044442454246537813
daily_2644t_risk_off_ridge,1314,,FAILED,0.07830919647477308,0.153538413808516,0.004585912807983184
daily_2644t_risk_off_ridge,1315,,FAILED,0.18045583973688661,0.00025516456544754545,0.006910203925566201
daily_2644t_risk_off_ridge,1316,,FAILED,0.19737428068819382,2.0983765312595657,0.04118139081877674
daily_2644t_risk_off_ridge,1317,,FAILED,0.16364373472348187,0.0001494878906663914,0.008400063438786475
daily_2644t_risk_off_ridge,1318,,FAILED,0.10433147607238416,0.0821936008800262,0.00026373219550485284
daily_2644t_risk_off_ridge,1319,,FAILED,0.048138777203588654,4.049319126124047,0.00031248225792795606
daily_2644t_risk_off_ridge,1320,,FAILED,0.11900880840479874,5.417142803588157,0.0261413555292224
daily_2644t_risk_off_ridge,1321,,FAILED,0.4185783343501697,0.0010264684360181218,0.0015018043195003294
daily_2644t_risk_off_ridge,1322,,FAILED,0.0004606513661587798,0.00045888194059940697,0.01078746618418224
daily_2644t_risk_off_ridge,1323,,FAILED,0.13676441452470892,0.0001181825479070051,0.003795081984153494
daily_2644t_risk_off_ridge,1324,,FAILED,0.024954772206376603,1.6452356465488616,0.003132700708570442
daily_2644t_risk_off_ridge,1325,,FAILED,0.0691448198165191,7.704018865986425,0.0007577919874308375
daily_2644t_risk_off_ridge,1326,,FAILED,0.33496269917169486,0.0001004031510036175,0.0021950706980693093
daily_2644t_risk_off_ridge,1327,,FAILED,0.23298046598730504,0.20571207180255396,0.00016833804699371654
daily_2644t_risk_off_ridge,1328,,FAILED,0.2186474655668396,0.0006546360837905923,0.001234361343981798
daily_2644t_risk_off_ridge,1329,,FAILED,0.2849257062386096,0.028446382377111803,0.0009076797184520359
daily_2644t_risk_off_ridge,1330,,FAILED,0.15097696566082275,0.001954106975891637,0.014333929778748528
daily_2644t_risk_off_ridge,1331,,FAILED,0.05924870578197007,0.3558429979924785,0.04965917223065444
daily_2644t_risk_off_ridge,1332,,FAILED,0.0296119646628639,0.0044782353124448735,0.005024561185637186
daily_2644t_risk_off_ridge,1333,,FAILED,0.0949301319501839,0.00021045799816171457,0.009372434384229265
daily_2644t_risk_off_ridge,1334,,FAILED,0.38648541962679267,3.98889204568929,0.016377827355755686
daily_2644t_risk_off_ridge,1335,,FAILED,0.31876666528038333,2.8953104805532828,0.0005981542545013418
daily_2644t_risk_off_ridge,1336,,FAILED,0.187288230632373,1.215879868054322,0.0016553979182508767
daily_2644t_risk_off_ridge,1337,,FAILED,0.20081248883597494,0.11373775517919706,0.0010929085124023
daily_2644t_risk_off_ridge,1338,,FAILED,0.3075310286687558,0.06184139390005686,0.002829002036021746
daily_2644t_risk_off_ridge,1339,,FAILED,0.16949883279509123,5.6509107871916475,0.004199413343307702
daily_2644t_risk_off_ridge,1340,,FAILED,0.07781455178162189,0.0013735355208249176,0.0003442609685259919
daily_2644t_risk_off_ridge,1341,,FAILED,0.11073623435829705,0.0007576084173900942,0.006440632814280472
daily_2644t_risk_off_ridge,1342,,FAILED,0.08717763372600812,0.04047700447205716,0.03436718245060563
daily_2644t_risk_off_ridge,1343,,FAILED,0.05579534185661828,7.741062808342855,0.001313042009443699
daily_2644t_risk_off_ridge,1344,,FAILED,0.01473636141883091,0.01218147230066558,0.007727514684645005
daily_2644t_risk_off_ridge,1345,,FAILED,0.2106720598439238,0.9612551902691374,0.0034694845550423455
daily_2644t_risk_off_ridge,1346,,FAILED,0.29693745724071674,0.021720496241149263,0.00023793326602220268
daily_2644t_risk_off_ridge,1347,,FAILED,0.24939394147448923,1.9778625812928539,0.00046845737699986614
daily_2644t_risk_off_ridge,1348,,FAILED,0.22474067542800624,9.981694160938275,0.00010707365719014942
daily_2644t_risk_off_ridge,1349,,FAILED,0.3761910484084231,0.27509214244974295,0.019522645477728987
daily_2644t_risk_off_ridge,1350,,FAILED,0.15844201251086817,0.00036736248233611943,5.011114652515497e-05
daily_2644t_risk_off_ridge,1351,,FAILED,0.044743690541656375,0.00017484740518322015,0.001833970936877017
daily_2644t_risk_off_ridge,1352,,FAILED,0.4088425470624917,0.5465543973141892,0.00038719840699363443
daily_2644t_risk_off_ridge,1353,,FAILED,0.12490051029445519,0.18044873256820407,0.002552865040543733
daily_2644t_risk_off_ridge,1354,,FAILED,0.06672605428702018,0.0025612306985208517,0.0010839520125703807
daily_2644t_risk_off_ridge,1355,,FAILED,0.14517054465260087,2.377454528352209,0.0014370185235358579
daily_2644t_risk_off_ridge,1356,,FAILED,0.27123387091206047,0.006024345773254894,0.005607752562975227
daily_2644t_risk_off_ridge,1357,,FAILED,0.4872367451939972,4.958381553448843,0.025026109852323727
daily_2644t_risk_off_ridge,1358,,FAILED,0.10478319366716952,1.5901272288046027,0.00021124202338027959
daily_2644t_risk_off_ridge,1359,,FAILED,0.18898584656826073,0.0011817599084188012,0.01165876702131545
daily_2644t_risk_off_ridge,1360,,FAILED,0.03221159690798636,0.003532581523153076,0.0007364922132285511
daily_2644t_risk_off_ridge,1361,,FAILED,0.17645958629408598,3.351148977745267,0.010152910353072215
daily_2644t_risk_off_ridge,1362,,FAILED,0.3942892080679465,0.009092632399565304,0.0009205332505171399
daily_2644t_risk_off_ridge,1363,,FAILED,0.13410193455349703,6.597086099597713,0.0021007460482537193
daily_2644t_risk_off_ridge,1364,,FAILED,0.08549049427630462,0.41978083825564216,0.00016520248023297644
daily_2644t_risk_off_ridge,1365,,FAILED,0.23940703248491527,0.6536489021360392,0.006840978629687134
daily_2644t_risk_off_ridge,1366,,FAILED,0.008240901984805673,0.0001378386421578581,0.0037939876870799008
daily_2644t_risk_off_ridge,1367,,FAILED,0.25840825368821657,0.0009297476130218227,0.0016662479591730047
daily_2644t_risk_off_ridge,1368,,FAILED,0.36471446234267246,0.0002787950211682779,8.635586069140258e-05
daily_2644t_risk_off_ridge,1369,,FAILED,0.2073850547923516,3.9765269047219647,0.028919437536054624
daily_2644t_risk_off_ridge,1370,,FAILED,0.05071609141725516,1.4235561550421014,0.004669781218480033
daily_2644t_risk_off_ridge,1371,,FAILED,0.2909748162955984,0.2324625174483598,0.00027743447714941076
daily_2644t_risk_off_ridge,1372,,FAILED,0.09861725801678545,0.0005307969476927813,0.001370206422813217
daily_2644t_risk_off_ridge,1373,,FAILED,0.11149107362255845,2.6489089876865877,0.008704579326072005
daily_2644t_risk_off_ridge,1374,,FAILED,0.31855497307757463,0.08224489123640612,0.012998065307742985
daily_2644t_risk_off_ridge,1375,,FAILED,0.15604143631921297,4.724547199563029,0.003032811825046747
daily_2644t_risk_off_ridge,1376,,FAILED,0.021044151593649668,8.471939204739455,0.04255954508022571
daily_2644t_risk_off_ridge,1377,,FAILED,0.27816993114416144,0.8933776737493374,0.002439927807117474
daily_2644t_risk_off_ridge,1378,,FAILED,0.3478062843442848,0.047697058835504576,0.0012185242072475482
daily_2644t_risk_off_ridge,1379,,FAILED,0.07048606019596178,0.019102989060414462,0.000489369965988348
daily_2644t_risk_off_ridge,1380,,FAILED,0.04151192441531776,0.00154368943443706,0.007494202276552543
daily_2644t_risk_off_ridge,1381,,FAILED,0.19620603614680418,5.815317182041629,0.0009994774335246712
daily_2644t_risk_off_ridge,1382,,FAILED,0.3304666143800701,0.3383232422997218,0.0153489389356952
daily_2644t_risk_off_ridge,1383,,FAILED,0.12085397235629393,0.12583864274428588,0.00574738840475636
daily_2644t_risk_off_ridge,1384,,FAILED,0.22059771792058752,0.026726550005391873,0.0006572001632564132
daily_2644t_risk_off_ridge,1385,,FAILED,0.38023066307573306,0.0007598822086967575,0.017906416385106726
daily_2644t_risk_off_ridge,1386,,FAILED,0.05950600618313086,0.000155846524849168,0.00032821527215255784
daily_2644t_risk_off_ridge,1387,,FAILED,0.23004241557691144,1.8426918291187806,5.967421734176514e-05
daily_2644t_risk_off_ridge,1388,,FAILED,0.162765075120875,0.00011753917428957464,0.023226858548551558
daily_2644t_risk_off_ridge,1389,,FAILED,0.46166955315946595,3.6557426320761235,0.0008234417593661447
daily_2644t_risk_off_ridge,1390,,FAILED,0.18215842099631907,0.01410148139542417,0.000419763434308813
daily_2644t_risk_off_ridge,1391,,FAILED,0.0002755293843680392,0.00021746198966899398,0.004189302988540139
daily_2644t_risk_off_ridge,1392,,FAILED,0.08010164739642829,6.707893151999281,0.0018038174637701329
daily_2644t_risk_off_ridge,1393,,FAILED,0.17119798016764026,0.002256779300726375,0.00014019907346493935
daily_2644t_risk_off_ridge,1394,,FAILED,0.4373817158254241,3.049282438052215,0.0014446184422436034
daily_2644t_risk_off_ridge,1395,,FAILED,0.14275186206426682,1.1069042363244885,0.0030471335260119307
daily_2644t_risk_off_ridge,1396,,FAILED,0.30671167052758447,0.1504339896708332,0.0022998382326461717
daily_2644t_risk_off_ridge,1397,,FAILED,0.02746692943650699,0.00010151859146172087,0.032029603462279836
daily_2644t_risk_off_ridge,1398,,FAILED,0.09328294510527303,0.0004014805542657459,0.0011570754657558651
daily_2644t_risk_off_ridge,1399,,FAILED,0.20702284455547157,0.0337595531387096,0.021246673632345253
daily_2644t_risk_off_ridge,1400,,FAILED,0.055730921400885834,2.25760156066004,0.008417688628514426
daily_2644t_risk_off_ridge,1401,,FAILED,0.1305236782177419,0.7557956638827229,0.0034243955009486482
daily_2644t_risk_off_ridge,1402,,FAILED,0.1112520899006505,0.004423452867977646,0.009709768235090975
daily_2644t_risk_off_ridge,1403,,FAILED,0.01219084647976816,5.066017401243383,0.006727454917916673
daily_2644t_risk_off_ridge,1404,,FAILED,0.3692440395143418,0.060136057150467735,0.0005901632066552446
daily_2644t_risk_off_ridge,1405,,FAILED,0.39984906728161046,0.0010852526505789179,0.00018332515429945036
daily_2644t_risk_off_ridge,1406,,FAILED,0.03402929032354506,7.8655847416611975,0.0019467798619603092
daily_2644t_risk_off_ridge,1407,,FAILED,0.06657962525006908,0.29238836450579825,0.0015640528161947067
daily_2644t_risk_off_ridge,1408,,FAILED,0.18997603204006583,0.5003317237187394,0.0051153642474682315
daily_2644t_risk_off_ridge,1409,,FAILED,0.08297646787497891,1.5517725813174028,0.0010108168545827406
daily_2644t_risk_off_ridge,1410,,FAILED,0.2393802182452173,0.0003305473054155853,0.00036009958486313303
daily_2644t_risk_off_ridge,1411,,FAILED,0.35771206189395893,0.0017752412706794314,0.00026280019876324983
daily_2644t_risk_off_ridge,1412,,FAILED,0.296814125272252,0.007148683693537863,0.03796425179959542
daily_2644t_risk_off_ridge,1413,,FAILED,0.14930321026415874,0.0005980336731873122,0.004354858724217202
daily_2644t_risk_off_ridge,1414,,FAILED,0.04843730103555441,0.19196156091529004,0.00020414739562395453
daily_2644t_risk_off_ridge,1415,,FAILED,0.4209008806901574,4.100750997157487,0.0005141488327704736
daily_2644t_risk_off_ridge,1416,,FAILED,0.09785723117641143,0.0001862121245613523,0.0012631250213971203
daily_2644t_risk_off_ridge,1417,,FAILED,0.12239231271259635,0.0028792713349056116,0.007618718442728214
daily_2644t_risk_off_ridge,1418,,FAILED,0.4717337869589339,6.460906036190249,0.0008505386561023922
daily_2644t_risk_off_ridge,1419,,FAILED,0.2760532397665223,2.86495637215063,0.0027110799051278758
daily_2644t_risk_off_ridge,1420,,FAILED,0.31399702683406927,0.0008474062630479781,0.006232536106313489
daily_2644t_risk_off_ridge,1421,,FAILED,0.341605852166718,0.016702949679506657,0.0006819484636332114
daily_2644t_risk_off_ridge,1422,,FAILED,0.38853915376947235,0.009759169077003154,0.003820511569171187
daily_2644t_risk_off_ridge,1423,,FAILED,0.169727047505908,2.131026379420326,0.011875458976608626
daily_2644t_risk_off_ridge,1424,,FAILED,0.21706843050650776,1.3533401753584027,0.028305208585191324
daily_2644t_risk_off_ridge,1425,,FAILED,0.013701104063485181,0.0001345437147454546,0.0016827391768861138
daily_2644t_risk_off_ridge,1426,,FAILED,0.1379666152311621,0.23086790556308473,0.0010684799825447832
daily_2644t_risk_off_ridge,1427,,FAILED,0.20217062199580388,5.194097521099031,0.00024097704837312475
daily_2644t_risk_off_ridge,1428,,FAILED,0.2625503246440593,0.3965648931223976,0.0013056218935967358
daily_2644t_risk_off_ridge,1429,,FAILED,0.03960190384211529,8.247610578457325,0.002052978605018963
daily_2644t_risk_off_ridge,1430,,FAILED,0.17861378379989398,0.04372330618158568,6.758438035138473e-05
daily_2644t_risk_off_ridge,1431,,FAILED,0.0740600684033074,3.4146943679762747,0.00011765322435569508
daily_2644t_risk_off_ridge,1432,,FAILED,0.024085042605045064,0.08844028000587785,0.00029537297942180567
daily_2644t_risk_off_ridge,1433,,FAILED,0.22853197829284425,0.02346389163327101,0.014018293487374506
daily_2644t_risk_off_ridge,1434,,FAILED,0.10300311629983389,0.000441146309123475,0.0050518871460138665
daily_2644t_risk_off_ridge,1435,,FAILED,0.2852095990521778,0.005314027743489075,0.019256845388965216
daily_2644t_risk_off_ridge,1436,,FAILED,0.15332301878139973,9.915745920658376,0.00042500598293163414
daily_2644t_risk_off_ridge,1437,,FAILED,0.0632987516350866,0.07104798328286875,0.003281701387209534
daily_2644t_risk_off_ridge,1438,,FAILED,0.08784453576126504,1.7923192184126548,0.010052967468219492
daily_2644t_risk_off_ridge,1439,,FAILED,0.05105401135322836,4.604227875051181,0.00015049837172845644
daily_2644t_risk_off_ridge,1440,,FAILED,0.2532644464794741,0.9866920089878384,0.0014716132123102196
daily_2644t_risk_off_ridge,1441,,FAILED,0.10994469061934492,0.0013787290611166779,0.01615322149462048
daily_2644t_risk_off_ridge,1442,,FAILED,0.301684441616505,6.351155288032693,0.002540593770733707
daily_2644t_risk_off_ridge,1443,,FAILED,0.19253066258141216,0.0002583464234588783,0.008541737682557273
daily_2644t_risk_off_ridge,1444,,FAILED,0.11916268594578024,0.00016334613413308127,0.0009550134952483341
daily_2644t_risk_off_ridge,1445,,FAILED,0.2042748872873079,2.6143069796017415,0.007173745835517252
daily_2644t_risk_off_ridge,1446,,FAILED,0.4527488687451908,0.0007255145051924665,0.00037756921141340216
daily_2644t_risk_off_ridge,1447,,FAILED,0.37521211715506403,0.3165412712647015,0.001158150118882974
daily_2644t_risk_off_ridge,1448,,FAILED,0.32270760975061236,0.003647339759819443,0.0336028580575757
daily_2644t_risk_off_ridge,1449,,FAILED,0.16305696191797758,0.6763323000563104,0.0007670392639175435
daily_2644t_risk_off_ridge,1450,,FAILED,0.4053000168819644,0.14976044290950563,0.0005489088223016368
daily_2644t_risk_off_ridge,1451,,FAILED,0.12979481070119542,0.10622466253732217,0.0017320267430924352
daily_2644t_risk_off_ridge,1452,,FAILED,0.034471934594789484,0.0010671819075358652,0.02504554015741033
daily_2644t_risk_off_ridge,1453,,FAILED,0.007140814633164256,0.00011790651936154119,0.005898476752774874
daily_2644t_risk_off_ridge,1454,,FAILED,0.07626969703788158,0.00841694887965943,7.75770209548835e-05
daily_2644t_risk_off_ridge,1455,,FAILED,0.18079929576544138,4.338403937680191,0.0451074077053561
daily_2644t_risk_off_ridge,1456,,FAILED,0.020945143847439666,3.4954367094023095,0.0014188702961795033
daily_2644t_risk_off_ridge,1457,,FAILED,0.2477267428238781,0.013426972326979456,0.003317201087633269
daily_2644t_risk_off_ridge,1458,,FAILED,0.06089524383056578,1.2399202566573257,0.004285228351716302
daily_2644t_risk_off_ridge,1459,,FAILED,0.3312185453308157,6.922205676256048,0.002174779968155305
daily_2644t_risk_off_ridge,1460,,FAILED,0.046618400439489976,0.03861571864690563,0.0029839618209982293
daily_2644t_risk_off_ridge,1461,,FAILED,0.21273577700535856,0.05330791098315635,0.00044748426499717926
daily_2644t_risk_off_ridge,1462,,FAILED,0.09727634304278529,0.20308770081881006,0.003771930253192844
daily_2644t_risk_off_ridge,1463,,FAILED,0.14653793155218314,0.2576997313223425,0.00121097576608664
daily_2644t_risk_off_ridge,1464,,FAILED,0.2889106393034477,5.47648848405811,0.0008763973855329179
daily_2644t_risk_off_ridge,1465,,FAILED,0.3491700845219394,0.0005400823341620369,0.022448922551770677
daily_2644t_risk_off_ridge,1466,,FAILED,0.229747528704427,0.478510076284111,0.0003243861892138339
daily_2644t_risk_off_ridge,1467,,FAILED,0.30582875865525133,0.0022489053221446407,0.012078895892064196
daily_2644t_risk_off_ridge,1468,,FAILED,0.19517716731746199,2.275140127678138,9.724774018346565e-05
daily_2644t_risk_off_ridge,1469,,FAILED,0.4986851470181609,0.00010126470303033859,0.008771797605710284
daily_2644t_risk_off_ridge,1470,,FAILED,0.07272018907087864,0.00014694369839561667,0.0057093480956355094
daily_2644t_risk_off_ridge,1471,,FAILED,0.26840557946713023,1.7862845512950019,0.002480142814442513
daily_2644t_risk_off_ridge,1472,,FAILED,0.38580816134109575,0.0008870395671217039,0.0009925587239492204
daily_2644t_risk_off_ridge,1473,,FAILED,0.0885404046574481,0.030255204347867767,0.00022050846290810446
daily_2644t_risk_off_ridge,1474,,FAILED,0.1373050099231521,0.8729641056103193,0.007209069967785286
daily_2644t_risk_off_ridge,1475,,FAILED,0.16865568705952502,7.992354512502866,0.01038085386826956
daily_2644t_risk_off_ridge,1476,,FAILED,0.1167428669320219,0.00032415040083261774,0.017712272213090175
daily_2644t_risk_off_ridge,1477,,FAILED,0.15649288826931496,0.006478314169396351,0.004623955223569724
daily_2644t_risk_off_ridge,1478,,FAILED,0.013629796693721087,5.441661164822903,0.00153096903383957
daily_2644t_risk_off_ridge,1479,,FAILED,0.430336826508772,0.0017911064494704639,0.006423226840913059
daily_2644t_risk_off_ridge,1480,,FAILED,0.22215008186797944,2.7835110675637655,0.0018780893606821251
daily_2644t_risk_off_ridge,1481,,FAILED,0.03761583021190591,0.00021868661466909852,0.037768674408548544
daily_2644t_risk_off_ridge,1482,,FAILED,0.05465968116369979,3.5111501112444308,0.0006119177631440975
daily_2644t_risk_off_ridge,1483,,FAILED,0.36379237710980844,0.331697550194338,0.001086972112143113
daily_2644t_risk_off_ridge,1484,,FAILED,0.10269512773225692,4.079038308593675,0.028412900413499382
daily_2644t_risk_off_ridge,1485,,FAILED,0.4814030585002733,0.002985789157837596,0.00017092673378643692
daily_2644t_risk_off_ridge,1486,,FAILED,0.029517096581933668,6.598108737337498,0.00040152474833915394
daily_2644t_risk_off_ridge,1487,,FAILED,0.06517319422787532,1.2332101543899938,0.0007550550518520453
daily_2644t_risk_off_ridge,1488,,FAILED,0.24506972396272705,0.5809603633917587,0.0027239489632614267
daily_2644t_risk_off_ridge,1489,,FAILED,0.31231450712241726,0.0006682436136239091,0.0012875655587144142
daily_2644t_risk_off_ridge,1490,,FAILED,0.00038304510004027233,0.17163900928947182,0.000298354388308551
daily_2644t_risk_off_ridge,1491,,FAILED,0.08086407416348,0.0012017888049861525,0.013668335781330596
daily_2644t_risk_off_ridge,1492,,FAILED,0.17824900480644004,0.06502747453478021,0.003665998412792935
daily_2644t_risk_off_ridge,1493,,FAILED,0.18914981802628017,0.01817043827827537,0.0014921706832496814
daily_2644t_risk_off_ridge,1494,,FAILED,0.21039181078897126,1.5505964483479908,0.021311951270403473
daily_2644t_risk_off_ridge,1495,,FAILED,0.13346362262462105,0.12068451917825518,0.0001268648467676262
daily_2644t_risk_off_ridge,1496,,FAILED,0.09284073850852483,0.0045547163690160646,0.0005021758492936819
daily_2644t_risk_off_ridge,1497,,FAILED,0.11068572760553697,9.81523175554888,0.002082059982020822
daily_2644t_risk_off_ridge,1498,,FAILED,0.04356695510229519,0.0001869370803519269,0.00788012138232605
daily_2644t_risk_off_ridge,1499,,FAILED,0.12107445152318957,2.312094568151605,0.00024442111147995324
daily_2644t_risk_off_ridge,1500,,FAILED,0.2778445236460946,0.000473491815234888,0.0017337394241963826
daily_2644t_risk_off_ridge,1501,,FAILED,0.298863052768428,5.765916888717208,0.0048702182551086815
daily_2644t_risk_off_ridge,1502,,FAILED,0.19885016280226145,0.012098267443585697,0.003074951388842643
daily_2644t_risk_off_ridge,1503,,FAILED,0.2353484759666622,4.883286281683344,0.009234479015805678
daily_2644t_risk_off_ridge,1504,,FAILED,0.3927400003883429,0.0001247395998569214,0.0009231419273167033
daily_2644t_risk_off_ridge,1505,,FAILED,0.14683322469613952,2.9761142627387414,0.0001973398939548578
daily_2644t_risk_off_ridge,1506,,FAILED,0.0171833953422693,1.8632333395816112,0.0011337978055258827
daily_2644t_risk_off_ridge,1507,,FAILED,0.16478220572933225,7.963769734528086,0.015762573285848618
daily_2644t_risk_off_ridge,1508,,FAILED,0.41403028358923555,0.023329911005012274,0.0006797349490431886
daily_2644t_risk_off_ridge,1509,,FAILED,0.3267271973811466,0.43772757971141674,0.0012885925086479038
daily_2644t_risk_off_ridge,1510,,FAILED,0.06517499996597467,4.229070359647688,0.0003704566576834764
daily_2644t_risk_off_ridge,1511,,FAILED,0.05558700959928559,0.008124203666926469,0.002279605546444557
daily_2644t_risk_off_ridge,1512,,FAILED,0.12945277583558665,0.08912166427750509,0.011265018597688628
daily_2644t_risk_off_ridge,1513,,FAILED,0.3711443356109044,0.21587299421679984,0.01909473260336573
daily_2644t_risk_off_ridge,1514,,FAILED,0.21708622345090678,0.7377223553465347,0.0035752907799749354
daily_2644t_risk_off_ridge,1515,,FAILED,0.02561155909152696,0.9960618094067739,0.005317132419462447
daily_2644t_risk_off_ridge,1516,,FAILED,0.17237652695965944,0.0013716028504085604,0.0069029274966770264
daily_2644t_risk_off_ridge,1517,,FAILED,0.3397437528612153,0.005513656175845729,0.032502389575798894
daily_2644t_risk_off_ridge,1518,,FAILED,0.08244941581469177,0.0009116029662754113,0.024952781426325964
daily_2644t_risk_off_ridge,1519,,FAILED,0.008280298656898104,0.05101522641305765,0.004248906566998011
daily_2644t_risk_off_ridge,1520,,FAILED,0.44131647259013473,1.3578673313181249,0.0008814890659830358
daily_2644t_risk_off_ridge,1521,,FAILED,0.183030017138046,0.2699541547870121,0.04380420641794808
daily_2644t_risk_off_ridge,1522,,FAILED,0.10693909521259029,0.00027589649369425776,0.002774499721177907
daily_2644t_risk_off_ridge,1523,,FAILED,0.15658514559851708,0.037264116817672395,0.0016238763335163474
daily_2644t_risk_off_ridge,1524,,FAILED,0.07252741017473813,0.00014968749996419664,5.830337030923336e-05
daily_2644t_risk_off_ridge,1525,,FAILED,0.29522925699284125,0.0006950301443322279,0.00010834434794691471
daily_2644t_risk_off_ridge,1526,,FAILED,0.14149151587459477,7.325839749927792,0.00028704375473337097
daily_2644t_risk_off_ridge,1527,,FAILED,0.2033788544091368,0.34957019713917775,0.0004805915214036051
daily_2644t_risk_off_ridge,1528,,FAILED,0.25811794868814475,0.003982679598573504,0.0493291902917376
daily_2644t_risk_off_ridge,1529,,FAILED,0.37995032475207324,3.2897573437464303,0.006067175311576297
daily_2644t_risk_off_ridge,1530,,FAILED,0.35306948597626064,0.01035301891768365,0.008024156231521027
daily_2644t_risk_off_ridge,1531,,FAILED,0.044244689709395185,0.00010176794681833953,0.001018951555708688
daily_2644t_risk_off_ridge,1532,,FAILED,0.40136718234040913,0.0019537593742869133,0.0003384017088171306
daily_2644t_risk_off_ridge,1533,,FAILED,0.10029517814027904,0.16439510354013004,0.0013836240144159888
daily_2644t_risk_off_ridge,1534,,FAILED,0.22142735591261611,0.00039416952796122816,0.0019634863866248953
daily_2644t_risk_off_ridge,1535,,FAILED,0.3089642320906385,5.446916320555159,0.0011578823999682064
daily_2644t_risk_off_ridge,1536,,FAILED,0.31874183749970736,2.3829660125802943,0.00015727723510732973
daily_2644t_risk_off_ridge,1537,,FAILED,0.0002988936947849741,0.0025995707366132086,0.0005664493443481069
daily_2644t_risk_off_ridge,1538,,FAILED,0.035231426540942204,3.8146318750286117,0.009372751308201963
daily_2644t_risk_off_ridge,1539,,FAILED,0.05696282050337715,0.0005695464896229625,0.0007532448040945639
daily_2644t_risk_off_ridge,1540,,FAILED,0.18786435649827254,0.01547398503748931,9.227393074699697e-05
daily_2644t_risk_off_ridge,1541,,FAILED,0.016936564374451523,0.00019344185311054017,0.0033265505522027915
daily_2644t_risk_off_ridge,1542,,FAILED,0.11598543549562776,1.788914474130857,0.0004176611878108314
daily_2644t_risk_off_ridge,1543,,FAILED,0.28344431050489216,1.1604329027303197,0.003978784387077887
daily_2644t_risk_off_ridge,1544,,FAILED,0.0906601347677126,0.00012718067425045165,0.002466348983256961
daily_2644t_risk_off_ridge,1545,,FAILED,0.238616208922088,0.028156165599822088,0.013533495904906745
daily_2644t_risk_off_ridge,1546,,FAILED,0.1554274314586552,0.07087253315266882,0.001615463224514662
daily_2644t_risk_off_ridge,1547,,FAILED,0.07465027817407398,5.994331222990561,0.028383706640183207
daily_2644t_risk_off_ridge,1548,,FAILED,0.3580299829220666,0.001548248259734381,0.005414089599586993
daily_2644t_risk_off_ridge,1549,,FAILED,0.12301675544187346,2.9221950595031374,0.03704399028746942
daily_2644t_risk_off_ridge,1550,,FAILED,0.20943701292076133,0.0010367310660333452,0.00138380114754252
daily_2644t_risk_off_ridge,1551,,FAILED,0.060680684323965256,0.13547511410498508,0.006745859255838849
daily_2644t_risk_off_ridge,1552,,FAILED,0.02977350509066992,0.5641047004742704,0.00026405096213561965
daily_2644t_risk_off_ridge,1553,,FAILED,0.04888690365629236,8.263017148425527,0.021081673187649044
daily_2644t_risk_off_ridge,1554,,FAILED,0.1951259568522757,4.854903945713376,0.008151462419334746
daily_2644t_risk_off_ridge,1555,,FAILED,0.1711856036552509,0.2454161679665347,0.0018331371482292454
daily_2644t_risk_off_ridge,1556,,FAILED,0.14261712581338132,0.043424597563566696,0.0029583116234810285
daily_2644t_risk_off_ridge,1557,,FAILED,0.09251779861850486,0.8308033622634206,0.011130537887680696
daily_2644t_risk_off_ridge,1558,,FAILED,0.26553930265605397,0.0002430788355838866,0.0010096219509794456
daily_2644t_risk_off_ridge,1559,,FAILED,0.22786333726237487,1.5459294537863273,0.0044638820391836856
daily_2644t_risk_off_ridge,1560,,FAILED,0.24652249415068017,9.723429217768446,0.016686289182875624
daily_2644t_risk_off_ridge,1561,,FAILED,0.01013617667594421,0.0034800536788943607,0.0008897221450629596
daily_2644t_risk_off_ridge,1562,,FAILED,0.47326939478717617,7.037964876445455,0.0002219551967372439
daily_2644t_risk_off_ridge,1563,,FAILED,0.16275601755286478,4.307690027893458,0.0012642105565651715
daily_2644t_risk_off_ridge,1564,,FAILED,0.3335156489347777,0.000796943432109749,0.002176121445047938
daily_2644t_risk_off_ridge,1565,,FAILED,0.2905107429626366,0.00016282816852435688,0.00033860534033244415
daily_2644t_risk_off_ridge,1566,,FAILED,0.01999951793799834,2.1480421587526926,0.003636308056497866
daily_2644t_risk_off_ridge,1567,,FAILED,0.3818752925436875,0.19994066707533165,0.00046437271741428684
daily_2644t_risk_off_ridge,1568,,FAILED,0.10517624377529236,3.6126142900069627,0.001077389008783328
daily_2644t_risk_off_ridge,1569,,FAILED,0.08220302150088825,0.10620855168676176,0.000814243704111808
daily_2644t_risk_off_ridge,1570,,FAILED,0.27297358079979384,0.35646881271409364,0.010166394325711793
daily_2644t_risk_off_ridge,1571,,FAILED,0.07006350713398773,0.0001250527695308361,8.0480751371149e-05
daily_2644t_risk_off_ridge,1572,,FAILED,0.13012824137651502,0.007581657203956408,0.00013692436637986725
daily_2644t_risk_off_ridge,1573,,FAILED,0.18174424603841505,0.0004731037149601277,0.006060333560405564
daily_2644t_risk_off_ridge,1574,,FAILED,0.3042252386225797,0.0003316151575285209,0.0006570356189054344
daily_2644t_risk_off_ridge,1575,,FAILED,0.39221309190093856,0.4430910776541962,0.0014829566046324722
daily_2644t_risk_off_ridge,1576,,FAILED,0.1502356205734528,5.124749873266098,0.023579575743737327
daily_2644t_risk_off_ridge,1577,,FAILED,0.20512551269294316,6.28653056555739,0.002576364824929957
daily_2644t_risk_off_ridge,1578,,FAILED,0.03754048527236718,2.6918690810595027,0.00019786299735901998
daily_2644t_risk_off_ridge,1579,,FAILED,0.31893048936216595,0.00010011668147834603,0.007556745642026454
daily_2644t_risk_off_ridge,1580,,FAILED,0.11458662760678201,0.017696987292492094,0.0050647211225368265
daily_2644t_risk_off_ridge,1581,,FAILED,0.4219500734688152,0.2759241075271858,0.0005309193948672289
daily_2644t_risk_off_ridge,1582,,FAILED,0.04849818910640251,0.0011558678534324227,0.014927876381694767
daily_2644t_risk_off_ridge,1583,,FAILED,0.46344404722496907,0.011849056761730726,0.018693826841627032
daily_2644t_risk_off_ridge,1584,,FAILED,0.3660119746033179,0.006193810779914273,0.0016554481119490914
daily_2644t_risk_off_ridge,1585,,FAILED,0.19520149876139845,0.03148189543695563,0.0011891439358126083
daily_2644t_risk_off_ridge,1586,,FAILED,0.22307901718802656,1.2880938712509888,0.0003822979548335426
daily_2644t_risk_off_ridge,1587,,FAILED,0.09351024907112757,0.02194937665643886,0.039768297748390594
daily_2644t_risk_off_ridge,1588,,FAILED,0.25634764166819524,0.6302029539197144,0.003009322736076863
daily_2644t_risk_off_ridge,1589,,FAILED,0.13656789426428867,0.002289372997501343,0.008682244009907329
daily_2644t_risk_off_ridge,1590,,FAILED,0.06485095649113816,9.933162009045004,0.004146212787239931
daily_2644t_risk_off_ridge,1591,,FAILED,0.21540004345527736,0.052011351877094124,0.03257833618192636
daily_2644t_risk_off_ridge,1592,,FAILED,0.4054351233345045,1.0038493195968974,0.00030876069683375725
daily_2644t_risk_off_ridge,1593,,FAILED,0.07695274567092772,1.8847845574393807,0.012951626283975974
daily_2644t_risk_off_ridge,1594,,FAILED,0.12554047263599138,3.1443837819334544,0.02585317942574123
daily_2644t_risk_off_ridge,1595,,FAILED,0.174500664069136,4.66065218055157,0.007151373752607537
daily_2644t_risk_off_ridge,1596,,FAILED,0.023524446185064697,0.0015340454379255712,0.0002442425926689098
daily_2644t_risk_off_ridge,1597,,FAILED,0.23351736396314135,0.000632878296083431,0.001813715306293089
daily_2644t_risk_off_ridge,1598,,FAILED,0.010160001306885953,0.00021204231695381398,0.001352224067738645
daily_2644t_risk_off_ridge,1599,,FAILED,0.05478152345980128,0.17035070506445887,0.003420699051645942
daily_2644t_risk_off_ridge,1600,,FAILED,0.03915005728120306,6.663157016372016,0.001127208436627254
daily_2644t_risk_off_ridge,1601,,FAILED,0.1861776973103362,0.0008415129790514676,6.5969053036528e-05
daily_2644t_risk_off_ridge,1602,,FAILED,0.10269346682078209,0.00015429976300570608,0.0009404975176657002
daily_2644t_risk_off_ridge,1603,,FAILED,0.3749795503365889,0.07833607948895907,0.00236221052451586
daily_2644t_risk_off_ridge,1604,,FAILED,0.31168547309645406,3.9177311985822274,0.00018587488338426284
daily_2644t_risk_off_ridge,1605,,FAILED,0.16160724456011244,2.184072007063969,0.005994706537048035
daily_2644t_risk_off_ridge,1606,,FAILED,0.34250633765593114,0.00460522460018909,0.00953825806095485
daily_2644t_risk_off_ridge,1607,,FAILED,0.10988892171667322,7.599622911787633,0.0006775158746282113
daily_2644t_risk_off_ridge,1608,,FAILED,0.08610194072737683,2.585993890563296,0.002060734030208348
daily_2644t_risk_off_ridge,1609,,FAILED,0.02966985558379268,1.5517837939868082,0.00041877621680845383
daily_2644t_risk_off_ridge,1610,,FAILED,0.28925998017481835,0.0028342943392986176,0.0006108284125599458
daily_2644t_risk_off_ridge,1611,,FAILED,0.20795865726207846,5.722149886745366,0.004820460690810574
daily_2644t_risk_off_ridge,1612,,FAILED,0.1446024695389302,0.8329660722269256,0.0015774088971952458
daily_2644t_risk_off_ridge,1613,,FAILED,0.4881783476137124,0.00012325397954712354,0.0014200885162239316
daily_2644t_risk_off_ridge,1614,,FAILED,0.06403594195196616,0.2809832739999145,0.002713715453375097
daily_2644t_risk_off_ridge,1615,,FAILED,0.05132644023693815,0.00925075747132671,0.020382731318418026
daily_2644t_risk_off_ridge,1616,,FAILED,0.32905737508729516,0.38397874662081805,0.030166995029853618
daily_2644t_risk_off_ridge,1617,,FAILED,0.19923300042825598,0.0018967838900091963,0.0007987670859978871
daily_2644t_risk_off_ridge,1618,,FAILED,0.29903410531876085,4.007667469564364,0.003233872791529673
daily_2644t_risk_off_ridge,1619,,FAILED,0.4531870628811619,0.0003917362392652328,0.003913528345705783
daily_2644t_risk_off_ridge,1620,,FAILED,0.0007925418180270566,0.1377812192911949,0.006736471028255211
daily_2644t_risk_off_ridge,1621,,FAILED,0.15394025145633108,0.21157400688400163,0.001225658038025023
daily_2644t_risk_off_ridge,1622,,FAILED,0.2770099136551382,0.03431712718607476,0.007974098225238554
daily_2644t_risk_off_ridge,1623,,FAILED,0.24771640641323237,0.0005449016671439396,0.00015614568152435676
daily_2644t_risk_off_ridge,1624,,FAILED,0.11901399890140375,0.00016711321046269367,0.0002850575279184222
daily_2644t_risk_off_ridge,1625,,FAILED,0.0804715902282993,1.2055236092745196,0.011862404145920559
daily_2644t_risk_off_ridge,1626,,FAILED,0.09670919096120513,0.09806610568883946,0.0009326672092000367
daily_2644t_risk_off_ridge,1627,,FAILED,0.3509967583692098,0.044152740244499646,0.00012040634752804407
daily_2644t_risk_off_ridge,1628,,FAILED,0.38722890947293886,0.0009994424037233483,0.0004753361448534638
daily_2644t_risk_off_ridge,1629,,FAILED,0.16998245171400975,0.5300255414315928,0.001773865382769679
daily_2644t_risk_off_ridge,1630,,FAILED,0.04231466125673689,0.06533780021265974,0.005482657403447471
daily_2644t_risk_off_ridge,1631,,FAILED,0.19066731245397747,6.978462611997474,0.000337749555158213
daily_2644t_risk_off_ridge,1632,,FAILED,0.21751402051417093,3.3139566863092247,0.0010922471189852819
daily_2644t_risk_off_ridge,1633,,FAILED,0.2358783466165617,4.673813081889643,0.01706330540076671
daily_2644t_risk_off_ridge,1634,,FAILED,0.06813197025349797,0.000298136067296009,0.04165397326108762
daily_2644t_risk_off_ridge,1635,,FAILED,0.01788268547374313,0.014297499565304883,0.0005724354579136866
daily_2644t_risk_off_ridge,1636,,FAILED,0.13356938558728143,0.0007680562248719012,0.00459528763407591
daily_2644t_risk_off_ridge,1637,,FAILED,0.4282919677702053,0.003680385321441644,0.002112128063218779
daily_2644t_risk_off_ridge,1638,,FAILED,0.41330794305672997,1.5770130536550484,0.009661553655905413
daily_2644t_risk_off_ridge,1639,,FAILED,0.11278221073269651,8.30658294163511,0.02260221972821423
daily_2644t_risk_off_ridge,1640,,FAILED,0.26364445131379144,2.4144556381596365,0.0013069923788976646
daily_2644t_risk_off_ridge,1641,,FAILED,0.17869596455675782,0.0013400932594938065,0.0030561674392101308
daily_2644t_risk_off_ridge,1642,,FAILED,0.36407452450918415,0.023895406796009603,0.00021668589889657067
daily_2644t_risk_off_ridge,1643,,FAILED,0.05707368489045884,6.022693746301458,0.0036816793438500628
daily_2644t_risk_off_ridge,1644,,FAILED,0.028447998378054146,9.99057770547166,0.01502102314253126
daily_2644t_risk_off_ridge,1645,,FAILED,0.32166038097868593,1.0303103478881326,0.006347362118206156
daily_2644t_risk_off_ridge,1646,,FAILED,0.1590392169151641,0.00012303922602140707,0.00010023098776768856
daily_2644t_risk_off_ridge,1647,,FAILED,0.011191780426194335,0.00019787855550433894,0.0003985568810989905
daily_2644t_risk_off_ridge,1648,,FAILED,0.10155313702958924,0.16775361801154842,0.002334852692630737
daily_2644t_risk_off_ridge,1649,,FAILED,0.12408056039306264,0.7210938554404165,0.0015193125748133994
daily_2644t_risk_off_ridge,1650,,FAILED,0.39881923521077045,0.00010010768695644103,0.000803793781541335
daily_2644t_risk_off_ridge,1651,,FAILED,0.07473485266865984,0.005605803188222899,0.0074992684807258245
daily_2644t_risk_off_ridge,1652,,FAILED,0.08724873057289358,1.975797460696,0.0001759725616649715
daily_2644t_risk_off_ridge,1653,,FAILED,0.2017469799574272,3.4680945141729884,0.0010211567056187419
daily_2644t_risk_off_ridge,1654,,FAILED,0.29282091311686487,0.33581004282618815,0.02847752471041858
daily_2644t_risk_off_ridge,1655,,FAILED,0.22574472919486682,0.0002510294429335154,0.00417443784663681
daily_2644t_risk_off_ridge,1656,,FAILED,0.3096137797935695,4.19697728005432,0.00025405730687527267
daily_2644t_risk_off_ridge,1657,,FAILED,0.14241703336302416,5.6718247351778155,0.011234996605937762
daily_2644t_risk_off_ridge,1658,,FAILED,0.3725355635243447,0.05362592372699022,0.002791740913549738
daily_2644t_risk_off_ridge,1659,,FAILED,0.16532400115788,0.01026666719219422,0.0007059423266153888
daily_2644t_risk_off_ridge,1660,,FAILED,0.4421740298016403,2.8039607638180546,0.001204964511946984
daily_2644t_risk_off_ridge,1661,,FAILED,0.03862572458448667,1.3908223581549104,0.03455043502550528
daily_2644t_risk_off_ridge,1662,,FAILED,0.06368101811649829,0.00014434513252513956,0.0019167446534524462
daily_2644t_risk_off_ridge,1663,,FAILED,0.049262858573082616,0.43233634316516667,0.00904515446749091
daily_2644t_risk_off_ridge,1664,,FAILED,0.2546566225535157,0.018903480788828683,0.04979509805235872
daily_2644t_risk_off_ridge,1665,,FAILED,0.1751311602350686,0.0012128107009065638,0.0005236991066780249
daily_2644t_risk_off_ridge,1666,,FAILED,0.21161626039492423,0.28624725020485436,0.00036784581788729457
daily_2644t_risk_off_ridge,1667,,FAILED,0.2839749136433944,0.23909957447194544,0.005535277612658791
daily_2644t_risk_off_ridge,1668,,FAILED,0.33666083563605986,0.0006109447486943627,0.0008863533911923351
daily_2644t_risk_off_ridge,1669,,FAILED,0.1895634601217172,0.007006539829249352,0.0015829516447675052
daily_2644t_risk_off_ridge,1670,,FAILED,0.15187506476788837,0.00046812014183401435,0.0013789431580684252
daily_2644t_risk_off_ridge,1671,,FAILED,0.30275129061403044,0.12044386048007688,0.0034306508286249754
daily_2644t_risk_off_ridge,1672,,FAILED,0.02070628496068607,0.002067367936968755,0.01861638118571495
daily_2644t_risk_off_ridge,1673,,FAILED,0.09772569629474878,7.764090572760488,0.00013835436167985047
daily_2644t_risk_off_ridge,1674,,FAILED,0.1118622271428981,0.0007162949485014304,0.0003023959578468278
daily_2644t_risk_off_ridge,1675,,FAILED,0.1300407651168386,4.539738381226466,0.025195651099397656
daily_2644t_risk_off_ridge,1676,,FAILED,0.38417871470904524,0.00318776435222522,0.008523880796647575
daily_2644t_risk_off_ridge,1677,,FAILED,0.0730756984214493,1.8171238871144597,0.0011279099026104086
daily_2644t_risk_off_ridge,1678,,FAILED,0.008880178503846911,0.03783757934732482,0.006611826773068223
daily_2644t_risk_off_ridge,1679,,FAILED,0.00013309970673346973,0.0009273780938661047,5.176175678785737e-05
daily_2644t_risk_off_ridge,1680,,FAILED,0.24383395678229383,5.186262837143458,0.004922336835368208
daily_2644t_risk_off_ridge,1681,,FAILED,0.3566583283793535,0.02648613131142688,0.0024600770506536633
daily_2644t_risk_off_ridge,1682,,FAILED,0.0876375687183169,3.3897316742039485,0.0017711420071334035
daily_2644t_risk_off_ridge,1683,,FAILED,0.2714909361583576,0.0017272283216091134,0.013305274594165613
daily_2644t_risk_off_ridge,1684,,FAILED,0.030046251714594407,0.18876786995525086,0.0009929591608794136
daily_2644t_risk_off_ridge,1685,,FAILED,0.056247728975294425,0.9381712619910881,7.051435973919925e-05
daily_2644t_risk_off_ridge,1686,,FAILED,0.19924065985818326,6.740184359931784,0.0029070240976057167
daily_2644t_risk_off_ridge,1687,,FAILED,0.18642167382210303,0.06313858234423862,0.0004462400154147036
daily_2644t_risk_off_ridge,1688,,FAILED,0.23256722066339086,2.1596768930933696,0.0038775417823570485
daily_2644t_risk_off_ridge,1689,,FAILED,0.04194507983412092,0.5090390027907767,0.01007954139275485
daily_2644t_risk_off_ridge,1690,,FAILED,0.13669028021565408,0.07963018913812656,0.007020027014730112
daily_2644t_risk_off_ridge,1691,,FAILED,0.3260274474011187,0.012560806427082181,0.0013454402039952565
daily_2644t_risk_off_ridge,1692,,FAILED,0.22127742053270044,0.6614401977464728,0.016622950671147562
daily_2644t_risk_off_ridge,1693,,FAILED,0.11970921021591362,0.00038333316429411767,0.0021600984441394735
daily_2644t_risk_off_ridge,1694,,FAILED,0.1486576434730204,0.0001779215820364263,0.03882850138863872
daily_2644t_risk_off_ridge,1695,,FAILED,0.16344250020717127,1.3393223234298688,0.021738066117343583
daily_2644t_risk_off_ridge,1696,,FAILED,0.07757749706880236,0.004825068708173024,0.000741457748979961
daily_2644t_risk_off_ridge,1697,,FAILED,0.10538862304760063,2.7514963928873644,0.00033568655205582187
daily_2644t_risk_off_ridge,1698,,FAILED,0.20775661514268118,8.213496226184004,0.0005790970245668283
daily_2644t_risk_off_ridge,1699,,FAILED,0.09338657332125674,5.1539447515567,0.0015422100524073927
daily_2644t_risk_off_ridge,1700,,FAILED,0.3176089913211632,0.2395186194781039,0.00826959057194036
daily_2644t_risk_off_ridge,1701,,FAILED,0.39312147616629617,0.0025959521082580665,0.004410192731692192
daily_2644t_risk_off_ridge,1702,,FAILED,0.47874771085892937,0.008185258666183465,8.48258282812265e-05
daily_2644t_risk_off_ridge,1703,,FAILED,0.0636169794076633,0.0011160490924747026,0.0002671473570774778
daily_2644t_risk_off_ridge,1704,,FAILED,0.018150612967199227,0.000302928944184523,0.0011885382498113333
daily_2644t_risk_off_ridge,1705,,FAILED,0.03495779205362054,1.5976912425776768,0.005824853850074099
daily_2644t_risk_off_ridge,1706,,FAILED,0.3741984657096761,3.735232044616191,0.00022159866290699206
daily_2644t_risk_off_ridge,1707,,FAILED,0.2981566900648851,0.00012039102486406104,0.003594441634821209
daily_2644t_risk_off_ridge,1708,,FAILED,0.18065028970899327,5.871662935670106,0.000438860748396269
daily_2644t_risk_off_ridge,1709,,FAILED,0.05045703119754247,1.140713866173665,0.001731721992277866
daily_2644t_risk_off_ridge,1710,,FAILED,0.2821409168351741,0.0167473340464667,0.0008609689883520644
daily_2644t_risk_off_ridge,1711,,FAILED,0.12790479957234197,0.3695434520937936,0.0026636832366268215
daily_2644t_risk_off_ridge,1712,,FAILED,0.21750708488933138,0.0002237378077717427,0.0030944661367899653
daily_2644t_risk_off_ridge,1713,,FAILED,0.19347256495032467,0.10395088301455309,0.026486887797738903
daily_2644t_risk_off_ridge,1714,,FAILED,0.3442356989124541,0.14566388123673807,0.0010206454409726216
daily_2644t_risk_off_ridge,1715,,FAILED,0.1718574071168756,0.00013956084191398495,0.007371904532492175
daily_2644t_risk_off_ridge,1716,,FAILED,0.0815386561439595,0.000551165647703754,0.00011436908478886719
daily_2644t_risk_off_ridge,1717,,FAILED,0.10409447727883958,2.340838962060453,0.0019431534991079754
daily_2644t_risk_off_ridge,1718,,FAILED,0.15593181431804856,0.045426386628753916,0.005124793239373939
daily_2644t_risk_off_ridge,1719,,FAILED,0.009380634599193052,0.0014917547002051847,0.0013441333511917748
daily_2644t_risk_off_ridge,1720,,FAILED,0.06780839404697428,6.445454194444742,0.00018267890957460306
daily_2644t_risk_off_ridge,1721,,FAILED,0.02344578015763308,2.95643325434659,0.012232157056305641
daily_2644t_risk_off_ridge,1722,,FAILED,0.13862448240357025,4.458303774479276,0.01052788048182096
daily_2644t_risk_off_ridge,1723,,FAILED,0.24143321859632455,0.0008263560890726712,0.0006484218940239788
daily_2644t_risk_off_ridge,1724,,FAILED,0.11242543494508023,0.8096519785687833,0.018781335410960633
daily_2644t_risk_off_ridge,1725,,FAILED,0.308143266479775,0.004128774208873605,0.014431553554064681
daily_2644t_risk_off_ridge,1726,,FAILED,0.4059610255575782,8.324969391560897,0.0004922281647327091
daily_2644t_risk_off_ridge,1727,,FAILED,0.26038011989374377,1.8122200604398286,0.0023990790562964577
daily_2644t_risk_off_ridge,1728,,FAILED,0.20371873768926368,0.00016347952467994534,0.03348386579465656
daily_2644t_risk_off_ridge,1729,,FAILED,0.08932100288406451,0.035037364773181465,0.006284824043537499
daily_2644t_risk_off_ridge,1730,,FAILED,0.36057403768827423,0.30870155000303545,0.0041112064485563605
daily_2644t_risk_off_ridge,1731,,FAILED,0.048252983201170184,5.1328438821531,0.0015827181759950537
daily_2644t_risk_off_ridge,1732,,FAILED,0.493317326799668,0.19972973668358202,0.04345678348264437
daily_2644t_risk_off_ridge,1733,,FAILED,0.14594966297983764,3.851027060948868,0.001076386566990817
daily_2644t_risk_off_ridge,1734,,FAILED,0.4330564360356988,0.0006389920756979583,6.09439976485006e-05
daily_2644t_risk_off_ridge,1735,,FAILED,0.12310518224001296,0.44733705057741024,0.0003606009795400667
daily_2644t_risk_off_ridge,1736,,FAILED,0.0286985425263509,7.274374778420785,0.008714295939867467
daily_2644t_risk_off_ridge,1737,,FAILED,0.18378415446060292,0.02595112484735001,0.0012722514622414114
daily_2644t_risk_off_ridge,1738,,FAILED,0.07524682763219126,0.006218324296915414,0.003250327164264272
daily_2644t_risk_off_ridge,1739,,FAILED,0.23149560686264423,0.0001028678430660055,0.000815272485662702
daily_2644t_risk_off_ridge,1740,,FAILED,0.290261460492843,0.060110575961340916,0.0002970650887281467
daily_2644t_risk_off_ridge,1741,,FAILED,0.03920274669769809,0.0009740070936623598,0.00015706606582493465
daily_2644t_risk_off_ridge,1742,,FAILED,0.4497495787999334,0.0031082056392284325,0.02326256090448581
daily_2644t_risk_off_ridge,1743,,FAILED,0.16379800754588458,1.0728928241048374,0.002020635856205618
daily_2644t_risk_off_ridge,1744,,FAILED,0.06070800785975265,0.5964519576219485,0.028874376312957032
daily_2644t_risk_off_ridge,1745,,FAILED,0.2160860892529503,0.010825151209575603,0.0010054368387526751
daily_2644t_risk_off_ridge,1746,,FAILED,0.11741945594961092,1.9704101231323952,0.00038604289329274724
daily_2644t_risk_off_ridge,1747,,FAILED,0.3862239158276732,2.8170658619789535,0.00024213828501829743
daily_2644t_risk_off_ridge,1748,,FAILED,0.0969501172733934,0.0002403892514303311,0.00803292829514769
daily_2644t_risk_off_ridge,1749,,FAILED,0.27354326524381195,0.23200244686099983,0.0014138978803108116
daily_2644t_risk_off_ridge,1750,,FAILED,0.01622302385948688,0.08948003228059818,0.0011458541193223913
daily_2644t_risk_off_ridge,1751,,FAILED,0.19232156601618847,0.002114139296073812,0.0036814685979688466
daily_2644t_risk_off_ridge,1752,,FAILED,0.33609381866536847,0.0004894648825898688,0.007035324743471855
daily_2644t_risk_off_ridge,1753,,FAILED,0.08398249712097995,0.020430196586381167,0.005125360597775904
daily_2644t_risk_off_ridge,1754,,FAILED,0.4633270439870338,0.00036744386829961354,0.0017533571218693487
daily_2644t_risk_off_ridge,1755,,FAILED,0.31157367828369315,0.00010033991080386397,0.0028596223459772456
daily_2644t_risk_off_ridge,1756,,FAILED,0.008401316159797223,1.396308709578546,0.020715515708685392
daily_2644t_risk_off_ridge,1757,,FAILED,0.251769120731816,5.820823418420126,0.010721551727748318
daily_2644t_risk_off_ridge,1758,,FAILED,0.4185879120505048,4.388554615793543,0.00019899549279434124
daily_2644t_risk_off_ridge,1759,,FAILED,0.1735157936349718,9.920023105122528,0.00088859020810996
daily_2644t_risk_off_ridge,1760,,FAILED,0.0001711139571493412,0.013576502867244147,0.0007346091946734235
daily_2644t_risk_off_ridge,1761,,FAILED,0.04544997242762466,0.13177368745184298,0.004362474771640444
daily_2644t_risk_off_ridge,1762,,FAILED,0.2049489757332492,0.0012759416998820224,0.01594777825751418
daily_2644t_risk_off_ridge,1763,,FAILED,0.13215135363490257,3.2938185715182655,0.0005627488544461939
daily_2644t_risk_off_ridge,1764,,FAILED,0.058136786180993605,7.114888591766002,0.0014877516693612234
daily_2644t_risk_off_ridge,1765,,FAILED,0.378319323540614,0.00015064401854304887,0.005894320439847341
daily_2644t_risk_off_ridge,1766,,FAILED,0.34769337804484524,0.008108082818893747,0.0023141725463918877
daily_2644t_risk_off_ridge,1767,,FAILED,0.1534260221149879,2.3582239705885333,0.049820397555518994
daily_2644t_risk_off_ridge,1768,,FAILED,0.06984278349425531,0.0007949066989604472,7.614455365410675e-05
daily_2644t_risk_off_ridge,1769,,FAILED,0.32667797158243334,0.00019643792806154029,0.00046613075714632766
daily_2644t_risk_off_ridge,1770,,FAILED,0.22186489297930376,0.16672952865873486,0.00012490107778803447
daily_2644t_risk_off_ridge,1771,,FAILED,0.36852129887460405,0.3296213090110159,0.03616135210620339
daily_2644t_risk_off_ridge,1772,,FAILED,0.10775985927118889,0.031541068194511454,0.0012743960085387614
daily_2644t_risk_off_ridge,1773,,FAILED,0.2962134697313741,0.0016304151789802996,0.009562698234445312
daily_2644t_risk_off_ridge,1774,,FAILED,0.39367336616991994,0.04707730098645286,0.012606472079898304
daily_2644t_risk_off_ridge,1775,,FAILED,0.0256730315428766,0.7560739542752053,0.003552573559842175
daily_2644t_risk_off_ridge,1776,,FAILED,0.14232892690205912,5.002088535368294,0.007816498583945806
daily_2644t_risk_off_ridge,1777,,FAILED,0.19774999576518346,0.005310225091056226,0.0026649760171016485
daily_2644t_risk_off_ridge,1778,,FAILED,0.09652223704178282,1.666598546064751,0.00026862457520625727
daily_2644t_risk_off_ridge,1779,,FAILED,0.23624334462727586,3.8457920119774744,0.0003193264012234832
daily_2644t_risk_off_ridge,1780,,FAILED,0.2681840200342404,0.0003046431708910273,0.0003987847293378851
daily_2644t_risk_off_ridge,1781,,FAILED,0.053598576046953846,0.00012170062370667304,0.001026653549198335
daily_2644t_risk_off_ridge,1782,,FAILED,0.06931762840719846,1.216829143438883,0.0177596400965006
daily_2644t_risk_off_ridge,1783,,FAILED,0.1671946424216106,8.015894418100862,0.00010370636139011302
daily_2644t_risk_off_ridge,1784,,FAILED,0.1815799900952486,6.356349253579853,0.03107842848741911
daily_2644t_risk_off_ridge,1785,,FAILED,0.20919437507389346,0.004170343763531516,0.0019503700278274516
daily_2644t_risk_off_ridge,1786,,FAILED,0.12278561550281374,0.07558043213428567,0.0045676599081469925
daily_2644t_risk_off_ridge,1787,,FAILED,0.03490416691428177,2.948947733241508,0.006876651526017243
daily_2644t_risk_off_ridge,1788,,FAILED,0.22829618004223173,0.0009530004704451644,0.025819637779307292
daily_2644t_risk_off_ridge,1789,,FAILED,0.31908169996214575,0.29241950752353335,0.0016488755907238782
daily_2644t_risk_off_ridge,1790,,FAILED,0.08070082265734171,0.4320674796070405,0.0030876107972369954
daily_2644t_risk_off_ridge,1791,,FAILED,0.11063922634784763,2.456234818758862,0.005462518156763897
daily_2644t_risk_off_ridge,1792,,FAILED,0.2811605897577876,0.0006771916478476918,0.0006736113907507311
daily_2644t_risk_off_ridge,1793,,FAILED,0.017726285851861447,0.002465543185040183,0.0013687451948959004
daily_2644t_risk_off_ridge,1794,,FAILED,0.3034768015873488,0.9135386508917126,0.00015452724706352543
daily_2644t_risk_off_ridge,1795,,FAILED,0.044414644532944636,4.72582632732956,0.001158416891597382
daily_2644t_risk_off_ridge,1796,,FAILED,0.15612343426566683,0.22704685712778377,0.014289785659633828
daily_2644t_risk_off_ridge,1797,,FAILED,0.08756591618672277,0.00012963696637624102,0.003912593961342994
daily_2644t_risk_off_ridge,1798,,FAILED,0.24495309596956422,0.00048169967030191227,0.0008870926997421052
daily_2644t_risk_off_ridge,1799,,FAILED,0.13596556286191058,0.5723721982623519,0.0021982892491037576
daily_2644t_risk_off_ridge,1800,,FAILED,0.06232755991827833,3.7048247762159057,0.0005308411085941645
daily_2644t_risk_off_ridge,1801,,FAILED,0.100537029184022,0.001188146352964943,0.008907215628209548
daily_2644t_risk_off_ridge,1802,,FAILED,0.009939032953264527,1.9347427880433106,0.00023223311473742416
daily_2644t_risk_off_ridge,1803,,FAILED,0.41088397231085066,0.0541312959450058,0.006190637246093563
daily_2644t_risk_off_ridge,1804,,FAILED,0.21098952069057877,6.235819741918904,0.042965885903477344
daily_2644t_risk_off_ridge,1805,,FAILED,0.19054802120196299,0.014977485186715397,0.0015337346995225344
daily_2644t_risk_off_ridge,1806,,FAILED,0.176917157419678,1.4918125636771307,0.003321774082143346
daily_2644t_risk_off_ridge,1807,,FAILED,0.03163695287476476,0.00019881710512695592,0.02085605368093115
daily_2644t_risk_off_ridge,1808,,FAILED,0.4016681696796791,5.438367080421933,0.00036143215636285465
daily_2644t_risk_off_ridge,1809,,FAILED,0.14543340123913825,0.10994945874766963,0.0009527737131729048
daily_2644t_risk_off_ridge,1810,,FAILED,0.36075837068795374,7.860831877893959,0.00043647605022763974
daily_2644t_risk_off_ridge,1811,,FAILED,0.3818286680579906,9.987474354987777,0.011098425980058557
daily_2644t_risk_off_ridge,1812,,FAILED,0.05258444100714649,0.009674468579653673,0.0011268145085529392
daily_2644t_risk_off_ridge,1813,,FAILED,0.07646360185440558,0.0036535190136526958,0.00264660342593473
daily_2644t_risk_off_ridge,1814,,FAILED,0.20049158851095705,0.039611841082794204,0.0018243970328846333
daily_2644t_risk_off_ridge,1815,,FAILED,0.2248999490460301,0.0067623023772654,0.004835277444830351
daily_2644t_risk_off_ridge,1816,,FAILED,0.2544194615808021,3.2894528452624634,0.006864948191318063
daily_2644t_risk_off_ridge,1817,,FAILED,0.16381128999633365,0.17295391551383404,0.00020103361825757083
daily_2644t_risk_off_ridge,1818,,FAILED,0.12569494856674035,0.00015055596552866177,8.988744441413502e-05
daily_2644t_risk_off_ridge,1819,,FAILED,0.1061518696890683,2.3024238820208547,0.0013808993178809265
daily_2644t_risk_off_ridge,1820,,FAILED,0.11883878007744356,0.02187881522256065,0.00017008694777210986
daily_2644t_risk_off_ridge,1821,,FAILED,0.29195907948310307,0.0019023333238588507,0.023334736019725737
daily_2644t_risk_off_ridge,1822,,FAILED,0.09261705822726057,0.28678329586559875,0.0007534125294819405
daily_2644t_risk_off_ridge,1823,,FAILED,0.3511065590221899,1.1136061227288767,0.00028583514476756666
daily_2644t_risk_off_ridge,1824,,FAILED,0.313353834181262,0.38614619821504254,0.009128575932233858
daily_2644t_risk_off_ridge,1825,,FAILED,0.06031804440608907,4.684345150377905,0.0011915159463904827
daily_2644t_risk_off_ridge,1826,,FAILED,0.18365942669365456,0.00042641593179496614,0.02983578114542898
daily_2644t_risk_off_ridge,1827,,FAILED,0.016683753767537786,0.00024059001137484193,0.0021874407018164315
daily_2644t_risk_off_ridge,1828,,FAILED,0.2657035235980273,0.7342157669540956,0.003187785502927535
daily_2644t_risk_off_ridge,1829,,FAILED,0.048254408860101586,0.0014234572037115176,0.0004897518618493376
daily_2644t_risk_off_ridge,1830,,FAILED,0.4685169834736953,0.000587477239493875,0.0015882408267736522
daily_2644t_risk_off_ridge,1831,,FAILED,0.33356662817367544,3.832096809597379,0.00735156598567395
daily_2644t_risk_off_ridge,1832,,FAILED,0.15201768968674656,6.805412387295086,0.0003203635184887677
daily_2644t_risk_off_ridge,1833,,FAILED,0.21647706128597144,1.68378983588774,0.01734510187061296
daily_2644t_risk_off_ridge,1834,,FAILED,0.02419746633778376,0.06384167655244885,0.003894974524105228
daily_2644t_risk_off_ridge,1835,,FAILED,0.06984348153782526,0.03075131131527951,0.0005892454024041805
daily_2644t_risk_off_ridge,1836,,FAILED,0.034206460207911654,0.00010009693956986134,0.0008273881654384587
daily_2644t_risk_off_ridge,1837,,FAILED,0.17398786493647247,0.13960352787362607,0.01296781188798736
daily_2644t_risk_off_ridge,1838,,FAILED,0.13250696759512406,3.1336360358644413,0.0001433015007872742
daily_2644t_risk_off_ridge,1839,,FAILED,0.07990266519984787,0.20886144478233598,0.005926923049998446
daily_2644t_risk_off_ridge,1840,,FAILED,0.3034393698585605,0.0009401588711079012,5.003770712988758e-05
daily_2644t_risk_off_ridge,1841,,FAILED,0.09812864321030937,0.011782479817742482,0.0009720791850929708
daily_2644t_risk_off_ridge,1842,,FAILED,0.0010202974964744387,0.5206111003084628,0.0044564131604676975
daily_2644t_risk_off_ridge,1843,,FAILED,0.42886915650002505,1.3511356330256623,0.002632968666817479
daily_2644t_risk_off_ridge,1844,,FAILED,0.23950682340766433,0.00016863652323895062,0.0012342493533505949
daily_2644t_risk_off_ridge,1845,,FAILED,0.19183371046988337,0.003174661776940285,0.0018801666995140267
daily_2644t_risk_off_ridge,1846,,FAILED,0.11333665666765456,5.258018221061903,0.000645551759967363
daily_2644t_risk_off_ridge,1847,,FAILED,0.39401359370150957,0.002584012830951242,0.00040723453407985534
daily_2644t_risk_off_ridge,1848,,FAILED,0.16424082540708607,8.019152132117805,0.007995734013814062
daily_2644t_risk_off_ridge,1849,,FAILED,0.28566885506455186,0.0007735892976131774,0.0014260200660255597
daily_2644t_risk_off_ridge,1850,,FAILED,0.14265367668200984,2.4202361295925288,0.0052338310833505
daily_2644t_risk_off_ridge,1851,,FAILED,0.04490077392942998,0.9055047607847425,0.03500822624865772
daily_2644t_risk_off_ridge,1852,,FAILED,0.37503433277238624,0.09205546332815423,0.014621920684411028
daily_2644t_risk_off_ridge,1853,,FAILED,0.05807435900219317,0.017021113700525534,0.01050959415360628
daily_2644t_risk_off_ridge,1854,,FAILED,0.0867061626307152,0.0002903739802285324,0.003311962611093126
daily_2644t_risk_off_ridge,1855,,FAILED,0.19760316774153397,1.9559226814106339,0.00025272147311013757
daily_2644t_risk_off_ridge,1856,,FAILED,0.4983304441232656,4.415469141030273,0.026318808138822425
daily_2644t_risk_off_ridge,1857,,FAILED,0.4419114365114987,0.00013042795161139083,0.001016463030737552
daily_2644t_risk_off_ridge,1858,,FAILED,0.066428867584786,5.898720923712023,0.0197901334964201
daily_2644t_risk_off_ridge,1859,,FAILED,0.014073898538397061,0.005650071461107563,0.0024371401119471564
daily_2644t_risk_off_ridge,1860,,FAILED,0.2273428681193568,0.00010016770654228807,0.003782782918159865
daily_2644t_risk_off_ridge,1861,,FAILED,0.36638629717295185,0.25411313571039174,0.002852741967257637
daily_2644t_risk_off_ridge,1862,,FAILED,0.15515950829881306,0.33831138657462545,0.0017109535809156746
daily_2644t_risk_off_ridge,1863,,FAILED,0.3270860074908853,0.04255343901111356,0.039954785981143624
daily_2644t_risk_off_ridge,1864,,FAILED,0.03971812711824697,0.0003701498338993611,0.008000481055116014
daily_2644t_risk_off_ridge,1865,,FAILED,0.2087611382659079,8.334075604373119,0.0012124319788028926
daily_2644t_risk_off_ridge,1866,,FAILED,0.11245485412663053,0.0011327484123816339,0.009483180275903535
daily_2644t_risk_off_ridge,1867,,FAILED,0.3169990971358161,2.629169081440774,5.7803215481208975e-05
daily_2644t_risk_off_ridge,1868,,FAILED,0.024142364821966595,0.000631679157607356,0.000366860252328547
daily_2644t_risk_off_ridge,1869,,FAILED,0.25946633231595007,0.17728002439879084,0.0008614985980081334
daily_2644t_risk_off_ridge,1870,,FAILED,0.29831256136351,0.0018334423733812806,0.00021268903886233632
daily_2644t_risk_off_ridge,1871,,FAILED,0.2735510820696205,9.991782563518264,0.0020187133002349876
daily_2644t_risk_off_ridge,1872,,FAILED,0.34173161241577893,0.009010015633597875,0.004312498830590362
daily_2644t_risk_off_ridge,1873,,FAILED,0.10211845995797644,4.238266351901561,0.0016031766933955547
daily_2644t_risk_off_ridge,1874,,FAILED,0.18179011187563748,1.1387305732848145,0.016177277378748467
daily_2644t_risk_off_ridge,1875,,FAILED,0.07295136256472072,3.3952610052699725,0.00044526915776697633
daily_2644t_risk_off_ridge,1876,,FAILED,0.12944981552480542,0.0001320699593147001,0.011895780271499193
daily_2644t_risk_off_ridge,1877,,FAILED,0.011115977778728279,0.026369441487155122,0.005742288198985306
daily_2644t_risk_off_ridge,1878,,FAILED,0.08824545556452323,6.4261659293539575,0.006641918753782166
daily_2644t_risk_off_ridge,1879,,FAILED,0.21637946540119782,0.00018350396353726054,0.0007260683300006999
daily_2644t_risk_off_ridge,1880,,FAILED,0.17242752118494897,0.6550104402553434,0.0005229831435516099
daily_2644t_risk_off_ridge,1881,,FAILED,0.48271555573532976,0.004666271945683111,0.0013377137406567492
daily_2644t_risk_off_ridge,1882,,FAILED,0.1989106993870488,0.43046278547680245,7.113089017010135e-05
daily_2644t_risk_off_ridge,1883,,FAILED,0.24808416120884733,1.5303803948298274,0.022805620420334523
daily_2644t_risk_off_ridge,1884,,FAILED,0.38378789616296743,1.9493429447038861,0.00017756793937594026
daily_2644t_risk_off_ridge,1885,,FAILED,0.23611645550771784,0.0068283397730957325,0.00011159903420088288
daily_2644t_risk_off_ridge,1886,,FAILED,0.14631361217815336,0.07360918365659896,0.0011362313556338964
daily_2644t_risk_off_ridge,1887,,FAILED,0.12364648607163187,0.0015154717228987114,0.0009707149665730672
daily_2644t_risk_off_ridge,1888,,FAILED,0.4173634397660225,0.12302020649119902,0.0003122723468125667
daily_2644t_risk_off_ridge,1889,,FAILED,0.051626382178477315,4.281625921806594,0.0029674126328334215
daily_2644t_risk_off_ridge,1890,,FAILED,0.31070257872250073,2.9056601762755863,0.03047766922726943
daily_2644t_risk_off_ridge,1891,,FAILED,0.1639308003234086,0.057761470632227724,0.00013483966122701093
daily_2644t_risk_off_ridge,1892,,FAILED,0.13845826651918994,0.000487323986895778,0.008245129476709702
daily_2644t_risk_off_ridge,1893,,FAILED,0.3537167314587366,5.382635107933421,0.0023828878871981923
daily_2644t_risk_off_ridge,1894,,FAILED,0.28307044571922496,0.000786901294372603,0.019396923429123115
daily_2644t_risk_off_ridge,1895,,FAILED,0.18592403889363174,0.0002477110858343177,0.0034935425095880585
daily_2644t_risk_off_ridge,1896,,FAILED,0.03759690141923338,6.8681563586448915,0.0049116266958846265
daily_2644t_risk_off_ridge,1897,,FAILED,0.4012263514168456,0.0022686363603255963,0.007043628362305729
daily_2644t_risk_off_ridge,1898,,FAILED,0.006969854686514001,0.01994074647298426,0.0014784458473908306
daily_2644t_risk_off_ridge,1899,,FAILED,0.060230554736123675,1.1165309870008013,0.0018273145673752642
daily_2644t_risk_off_ridge,1900,,FAILED,0.10861828619284251,0.0010136555018874242,0.0006306540771198612
daily_2644t_risk_off_ridge,1901,,FAILED,0.07473211476271227,0.20820976349536519,0.0002748218455329008
daily_2644t_risk_off_ridge,1902,,FAILED,0.0220434904470916,0.2877070005843141,0.004049626908814022
daily_2644t_risk_off_ridge,1903,,FAILED,0.09441479719926771,0.03303259117879405,0.001275505733710384
daily_2644t_risk_off_ridge,1904,,FAILED,0.21112160546222908,1.392865709129798,0.0007927288303900161
daily_2644t_risk_off_ridge,1905,,FAILED,0.11911851633140086,3.7119691074802654,0.01014737920672502
daily_2644t_risk_off_ridge,1906,,FAILED,0.4550754397019703,0.8548841832131805,0.006126852990329199
daily_2644t_risk_off_ridge,1907,,FAILED,0.08174379028777516,0.00014138610092520858,0.0002312937802618623
daily_2644t_risk_off_ridge,1908,,FAILED,0.15235527126014062,0.00355461339342079,0.0021289229678459467
daily_2644t_risk_off_ridge,1909,,FAILED,0.296713889799845,0.14528034267786868,0.002984217263210344
daily_2644t_risk_off_ridge,1910,,FAILED,0.046691878753083324,5.379920325311349,0.04574258681309153
daily_2644t_risk_off_ridge,1911,,FAILED,0.031013298948267338,2.539896047546433,0.0011185773692841436
daily_2644t_risk_off_ridge,1912,,FAILED,0.19642575972254228,0.49306391663785865,9.491495305388361e-05
daily_2644t_risk_off_ridge,1913,,FAILED,0.3732761308951012,0.0003336203670088276,0.0004431625331984974
daily_2644t_risk_off_ridge,1914,,FAILED,0.22049156092821773,2.104755303271055,0.024786167006962446
daily_2644t_risk_off_ridge,1915,,FAILED,0.10312179038484641,0.015263944253808044,0.03743289072591063
daily_2644t_risk_off_ridge,1916,,FAILED,0.3218818203229206,0.010779493396251404,0.00035468803794640673
daily_2644t_risk_off_ridge,1917,,FAILED,0.057506396601585824,8.132549991642195,0.008906833386269014
daily_2644t_risk_off_ridge,1918,,FAILED,0.16009242226920561,0.09486356176467653,0.014993949249920448
daily_2644t_risk_off_ridge,1919,,FAILED,0.17640645821508041,0.0012676226611695442,0.0015859162842825226
daily_2644t_risk_off_ridge,1920,,FAILED,0.387515608696091,0.04752763688383829,0.0010165458456570084
daily_2644t_risk_off_ridge,1921,,FAILED,0.00012804620554611457,7.007245998487879,0.005006588152625449
daily_2644t_risk_off_ridge,1922,,FAILED,0.23421511073551446,0.000702658519258608,0.0036084530805928963
daily_2644t_risk_off_ridge,1923,,FAILED,0.20525330056129537,0.3556352219908869,0.007658721542086487
daily_2644t_risk_off_ridge,1924,,FAILED,0.13926477506039492,3.245000824151941,0.00137919178932057
daily_2644t_risk_off_ridge,1925,,FAILED,0.33529239819458334,0.00018780257898588413,0.0026468110607766344
daily_2644t_risk_off_ridge,1926,,FAILED,0.06779863411920498,0.234229965243771,0.000889256216224607
daily_2644t_risk_off_ridge,1927,,FAILED,0.12844928337262312,4.68500237684712,0.011835934436284997
daily_2644t_risk_off_ridge,1928,,FAILED,0.26631682613908203,1.5926179351753922,0.0018069335368715432
daily_2644t_risk_off_ridge,1929,,FAILED,0.08552960103324059,6.2934575234657455,0.0005586261368552688
daily_2644t_risk_off_ridge,1930,,FAILED,0.3579242020575464,0.00011931842671610569,0.04984334376685548
daily_2644t_risk_off_ridge,1931,,FAILED,0.24906863674555474,0.025309889517915858,0.00629029745746444
daily_2644t_risk_off_ridge,1932,,FAILED,0.018378425398389856,0.0005887093304583775,0.018295990643132042
daily_2644t_risk_off_ridge,1933,,FAILED,0.11583146692236138,0.0029041287450663395,0.0332625990540875
daily_2644t_risk_off_ridge,1934,,FAILED,0.3094058542681088,0.17506602096443258,0.0002034042856304803
daily_2644t_risk_off_ridge,1935,,FAILED,0.1865526376443073,4.034299957285762,0.0003138963667761502
daily_2644t_risk_off_ridge,1936,,FAILED,0.09467547629229908,0.6259581935576047,0.0022784259238229623
daily_2644t_risk_off_ridge,1937,,FAILED,0.03850261781249811,0.00826472288722857,0.02712240258974458
daily_2644t_risk_off_ridge,1938,,FAILED,0.2923491843227706,0.013140039463738588,0.004388027306281443
daily_2644t_risk_off_ridge,1939,,FAILED,0.16815760390384002,0.03729979800250128,0.0011845540158379054
daily_2644t_risk_off_ridge,1940,,FAILED,0.06940988312995168,0.00043789640369176373,0.0004984004292487434
daily_2644t_risk_off_ridge,1941,,FAILED,0.22477245145572966,0.9884775144300882,0.0007241955043015036
daily_2644t_risk_off_ridge,1942,,FAILED,0.2765568209509308,0.07360471858773376,0.0010618961302071939
daily_2644t_risk_off_ridge,1943,,FAILED,0.05628110758725069,2.0665644719587837,0.0004048542987265835
daily_2644t_risk_off_ridge,1944,,FAILED,0.011172095638146338,0.00016423495758605133,0.005484811896167346
daily_2644t_risk_off_ridge,1945,,FAILED,0.36558393427141445,0.0009297479475507989,0.02174363249262246
daily_2644t_risk_off_ridge,1946,,FAILED,0.14802092760100807,0.0016810361171480368,0.0014971895657549424
daily_2644t_risk_off_ridge,1947,,FAILED,0.02787856476013255,8.419501827837912,0.0001728158586784392
daily_2644t_risk_off_ridge,1948,,FAILED,0.0770076159891653,2.945915175645246,0.0019667464593341325
daily_2644t_risk_off_ridge,1949,,FAILED,0.4750214656127513,5.843963571779481,0.003217160004182341
daily_2644t_risk_off_ridge,1950,,FAILED,0.10039077908382271,0.0002580564776700325,0.006609098935625745
daily_2644t_risk_off_ridge,1951,,FAILED,0.4370283392861279,0.004422636363412554,0.000253333295248085
daily_2644t_risk_off_ridge,1952,,FAILED,0.20386405590767154,0.11037450050796707,6.456858127286217e-05
daily_2644t_risk_off_ridge,1953,,FAILED,0.4095718860646813,0.00010033583606468985,0.008115775841004848
daily_2644t_risk_off_ridge,1954,,FAILED,0.13330646903230867,1.2993579501100294,0.0009056301420634582
daily_2644t_risk_off_ridge,1955,,FAILED,0.19079089913378336,4.849672074990886,0.0013277290834936915
daily_2644t_risk_off_ridge,1956,,FAILED,0.04999275757790164,0.3058364076510575,0.009814511927698716
daily_2644t_risk_off_ridge,1957,,FAILED,0.3944100192746484,0.057522975060543505,0.003989228087769214
daily_2644t_risk_off_ridge,1958,,FAILED,0.17434222035276414,0.002101897834897567,0.0006040335652881393
daily_2644t_risk_off_ridge,1959,,FAILED,0.1568282896059733,3.6464523223374274,0.01631446122488431
daily_2644t_risk_off_ridge,1960,,FAILED,0.21651262606580737,0.22887926071057385,0.0026584734274785085
daily_2644t_risk_off_ridge,1961,,FAILED,0.23969586243513197,0.005709762080969066,0.0003574485465389959
daily_2644t_risk_off_ridge,1962,,FAILED,0.11796237287885021,9.864139265829829,0.013340285168947768
daily_2644t_risk_off_ridge,1963,,FAILED,0.2558596530893025,0.00013217844282622924,0.0017469455055527342
daily_2644t_risk_off_ridge,1964,,FAILED,0.3457414035578895,0.3758328962680704,0.007188833563328705
daily_2644t_risk_off_ridge,1965,,FAILED,0.32504149585140485,0.00021196620184386742,0.0033846585083563336
daily_2644t_risk_off_ridge,1966,,FAILED,0.286300580724919,0.020173256381679612,0.0008428662122879714
daily_2644t_risk_off_ridge,1967,,FAILED,0.37775445248902384,1.712707981383785,0.0001410230518744547
daily_2644t_risk_off_ridge,1968,,FAILED,0.1066673743716611,7.26326682841572,0.011050793525766154
daily_2644t_risk_off_ridge,1969,,FAILED,0.06494172565039515,2.4632497016034103,0.001253769175243852
daily_2644t_risk_off_ridge,1970,,FAILED,0.3032035451815031,0.0012961179493051686,0.04133809536555943
daily_2644t_risk_off_ridge,1971,,FAILED,0.036414278650046816,5.4990025120526,0.0014182042572620126
daily_2644t_risk_off_ridge,1972,,FAILED,0.08103240088264121,4.199875444381748,0.00515740896158276
daily_2644t_risk_off_ridge,1973,,FAILED,0.09025236425343094,0.0007817140966992226,0.00028638470581993493
daily_2644t_risk_off_ridge,1974,,FAILED,0.026165429305285526,0.9019266947128809,0.0004867048089933498
daily_2644t_risk_off_ridge,1975,,FAILED,0.1971818730568574,3.1124496455274255,0.009003814666706848
daily_2644t_risk_off_ridge,1976,,FAILED,0.1849774394252618,0.0010078297916964248,0.001051999757976003
daily_2644t_risk_off_ridge,1977,,FAILED,0.22650863502238017,0.5388698483618815,0.00230273944471146
daily_2644t_risk_off_ridge,1978,,FAILED,0.045382465464716096,0.00738229679523016,0.002852190062113788
daily_2644t_risk_off_ridge,1979,,FAILED,0.4232187345583169,0.0005882951643844166,0.004516715493204417
daily_2644t_risk_off_ridge,1980,,FAILED,0.0007783864876159587,0.00034644716654544367,0.01938446662890278
daily_2644t_risk_off_ridge,1981,,FAILED,0.16585407366503702,0.14324517939552586,0.028562025210064557
daily_2644t_risk_off_ridge,1982,,FAILED,0.015494216427730186,0.2594562653099486,0.00041109768248644136
daily_2644t_risk_off_ridge,1983,,FAILED,0.20576538246452283,0.00016155383782283746,0.001608285915383202
daily_2644t_risk_off_ridge,1984,,FAILED,0.12559264416411198,0.18600811960830277,0.007512497071767768
daily_2644t_risk_off_ridge,1985,,FAILED,0.31698678161081784,0.7476320061937389,8.626980726610573e-05
daily_2644t_risk_off_ridge,1986,,FAILED,0.13727618226760535,6.243709975872469,0.0035810113625714406
daily_2644t_risk_off_ridge,1987,,FAILED,0.06589158902036439,2.326399635139216,0.0059440702195076136
daily_2644t_risk_off_ridge,1988,,FAILED,0.1088767839148388,1.7869907502613456,0.0007064360275369677
daily_2644t_risk_off_ridge,1989,,FAILED,0.15029573649108305,1.35606354605451,0.00012511594954866528
daily_2644t_risk_off_ridge,1990,,FAILED,0.058728837183454785,0.003531185521017738,0.023045663434456642
daily_2644t_risk_off_ridge,1991,,FAILED,0.38556387286227234,0.04682633123774716,0.002030826148243721
daily_2644t_risk_off_ridge,1992,,FAILED,0.44646508532350304,0.002473909503002223,0.0002096796295408569
daily_2644t_risk_off_ridge,1993,,FAILED,0.04398721454106644,0.00012363302260333508,0.013245133190273145
daily_2644t_risk_off_ridge,1994,,FAILED,0.0970321644919298,0.029947539120432763,0.0010867013111461985
daily_2644t_risk_off_ridge,1995,,FAILED,0.17686823978141097,0.011043994130653692,0.0009509087983349585
daily_2644t_risk_off_ridge,1996,,FAILED,0.0857775202733247,4.546823946408808,0.000318097535633202
daily_2644t_risk_off_ridge,1997,,FAILED,0.07536638473902159,7.933016317516197,0.00399625620170311
daily_2644t_risk_off_ridge,1998,,FAILED,0.30618441663317997,0.0015196096839638284,0.03551400394445543
daily_2644t_risk_off_ridge,1999,,FAILED,0.460900446328513,0.004959833946840232,0.001249640748289576
