Run_Name,Trial_Number,Val_Acc_Best,Status,dropout,weight_decay,lr
daily_2644t_risk_on_ridge,0,,FAILED,0.15584032706358703,0.016086404898224486,0.0013367831929186201
daily_2644t_risk_on_ridge,1,,FAILED,0.13233837569767476,0.0012878138140176435,0.0004250265724913501
daily_2644t_risk_on_ridge,2,,FAILED,0.06704831985483378,0.00032379119750621893,0.0001376786726375015
daily_2644t_risk_on_ridge,3,,FAILED,0.14518076123846935,1.308000727341719,0.00010261395275854975
daily_2644t_risk_on_ridge,4,,FAILED,0.006598722384101252,0.19413246179312504,0.012017517132458215
daily_2644t_risk_on_ridge,5,,FAILED,0.31413476953710184,1.209102855424967,0.0003677646313394797
daily_2644t_risk_on_ridge,6,,FAILED,0.2103932470213516,0.00013192764734043134,5.597503347974155e-05
daily_2644t_risk_on_ridge,7,,FAILED,0.2164436301392288,0.008166540188267402,0.00022703850182632674
daily_2644t_risk_on_ridge,8,,FAILED,0.1623563066457624,0.07660884832742831,0.008609698330119445
daily_2644t_risk_on_ridge,9,,FAILED,0.2778595802410131,0.008938532812545058,0.007408155635886087
daily_2644t_risk_on_ridge,10,,FAILED,0.47182928466539364,0.0037010222826814663,0.0016102037943360186
daily_2644t_risk_on_ridge,11,,FAILED,0.12273336136167295,0.0011030375686191312,0.0009586494085492177
daily_2644t_risk_on_ridge,12,,FAILED,0.3971395533835355,0.03289394154417994,0.0018799805222537937
daily_2644t_risk_on_ridge,13,,FAILED,0.07627507818686718,0.0012338863561449451,0.04663722937531108
daily_2644t_risk_on_ridge,14,,FAILED,0.3325069821571426,0.22528879012052075,0.0005733062278246499
daily_2644t_risk_on_ridge,15,,FAILED,0.04191990002779154,0.001504669072630904,0.002840901559607513
daily_2644t_risk_on_ridge,16,,FAILED,0.19189745494493085,0.01670631904994601,0.0006260121363405835
daily_2644t_risk_on_ridge,17,,FAILED,0.11768179412605423,9.271809302413502,0.0037606687303061454
daily_2644t_risk_on_ridge,18,,FAILED,0.23959091044370381,0.00033687194044265114,0.0003268459861490285
daily_2644t_risk_on_ridge,19,,FAILED,0.09504424809607265,0.0038438050893481765,0.02896069528004046
daily_2644t_risk_on_ridge,20,,FAILED,0.16614477217009194,0.05081988929045374,0.0010347812600423546
daily_2644t_risk_on_ridge,21,,FAILED,0.05438901379801965,0.00032707574096047757,0.00010148314762735413
daily_2644t_risk_on_ridge,22,,FAILED,0.012276496162207995,0.00014023005869099185,0.00019002930982687225
daily_2644t_risk_on_ridge,23,,FAILED,0.08361527231450336,0.000592079770388639,0.00016716999127027954
daily_2644t_risk_on_ridge,24,,FAILED,0.1374712759081738,0.0035860003497934167,6.040185727781298e-05
daily_2644t_risk_on_ridge,25,,FAILED,0.271209461713481,0.0003368173674660168,0.0004908106784242812
daily_2644t_risk_on_ridge,26,,FAILED,0.04997781278979621,0.00010079411174187451,0.0008496304385220715
daily_2644t_risk_on_ridge,27,,FAILED,0.17815331852472577,0.0021597147799781035,0.0003042544158134759
daily_2644t_risk_on_ridge,28,,FAILED,0.10874833600090376,0.0006539684500775734,0.00013186985529238738
daily_2644t_risk_on_ridge,29,,FAILED,0.13577977437686073,0.011288173814552984,0.003160982664760967
daily_2644t_risk_on_ridge,30,,FAILED,0.2319369879017285,0.09611923989821186,0.00012021628188508297
daily_2644t_risk_on_ridge,31,,FAILED,0.020434067187684868,0.30872321960185467,8.928068568548896e-05
daily_2644t_risk_on_ridge,32,,FAILED,0.15388061476293913,0.8091837562782004,0.0003036457355537315
daily_2644t_risk_on_ridge,33,,FAILED,0.07332394064677059,8.814234615977785,6.952003867212346e-05
daily_2644t_risk_on_ridge,34,,FAILED,0.1987258571899168,2.0418596702482184,0.00018522993313429894
daily_2644t_risk_on_ridge,35,,FAILED,0.14548338685159967,0.9467659489546079,0.0004179489039605271
daily_2644t_risk_on_ridge,36,,FAILED,0.0006097315970343686,0.023178034157140977,5.0397401906280966e-05
daily_2644t_risk_on_ridge,37,,FAILED,0.20753157143198472,0.41655549581234874,0.0012902527575300727
daily_2644t_risk_on_ridge,38,,FAILED,0.32174251637527623,0.1109531891575757,0.0056024620259854776
daily_2644t_risk_on_ridge,39,,FAILED,0.2780913274172121,0.005987957689716021,0.00024402434490915234
daily_2644t_risk_on_ridge,40,,FAILED,0.1047851285906746,2.9512447125365067,0.0006757620525501988
daily_2644t_risk_on_ridge,41,,FAILED,0.03437229742532817,0.1706038034458015,0.019242976365562253
daily_2644t_risk_on_ridge,42,,FAILED,0.05717087857871054,0.4715161439379714,0.00209925039977901
daily_2644t_risk_on_ridge,43,,FAILED,0.07141824378157127,4.17706476834294,0.010909980337636127
daily_2644t_risk_on_ridge,44,,FAILED,0.498288887870234,0.00021509273483240413,0.013137528266690386
daily_2644t_risk_on_ridge,45,,FAILED,0.3606072082442046,0.0007894780993112398,0.005586413289058354
daily_2644t_risk_on_ridge,46,,FAILED,0.17520401100897992,0.05752052819647264,8.050854072707944e-05
daily_2644t_risk_on_ridge,47,,FAILED,0.1212447274354028,1.637110168444057,0.0014237619788070033
daily_2644t_risk_on_ridge,48,,FAILED,0.023721079603675588,0.02968865300506877,0.0001360295570942962
daily_2644t_risk_on_ridge,49,,FAILED,0.09146541442433145,0.00208168915902198,0.0023834004989910576
daily_2644t_risk_on_ridge,50,,FAILED,0.42835064572635284,0.1692729634789063,0.00024553042295409914
daily_2644t_risk_on_ridge,51,,FAILED,0.3077723011130758,0.9994858151434568,0.04654713473293321
daily_2644t_risk_on_ridge,52,,FAILED,0.35270960909599997,0.6971605949648992,0.00040007472269821295
daily_2644t_risk_on_ridge,53,,FAILED,0.25996549233061333,1.5352139019697586,0.0010356148538087889
daily_2644t_risk_on_ridge,54,,FAILED,0.18631334209079653,3.5266196987868694,0.0005797369954028651
daily_2644t_risk_on_ridge,55,,FAILED,0.297765577816056,0.012885834264848963,0.0007150833017665753
daily_2644t_risk_on_ridge,56,,FAILED,0.40293499074011274,0.0001864849957297049,0.000166265893578729
daily_2644t_risk_on_ridge,57,,FAILED,0.06569603056395949,0.00041011378312153304,0.0004172853706658704
daily_2644t_risk_on_ridge,58,,FAILED,0.23233162866211743,5.155724977489275,0.00010242436168068099
daily_2644t_risk_on_ridge,59,,FAILED,0.12649351434472939,0.005991869175988617,0.00023481905771519007
daily_2644t_risk_on_ridge,60,,FAILED,0.16126806397932197,0.0010099023358065772,0.0016717701979887863
daily_2644t_risk_on_ridge,61,,FAILED,0.2497221994969252,0.00022040881903989928,5.2193815228392727e-05
daily_2644t_risk_on_ridge,62,,FAILED,0.1016017582313793,0.00045043366293262126,8.02976152274383e-05
daily_2644t_risk_on_ridge,63,,FAILED,0.21221698086470298,0.00011025575653222502,6.4930161177654e-05
daily_2644t_risk_on_ridge,64,,FAILED,0.1509705031857526,0.0016224039043012289,0.00011025278516089092
daily_2644t_risk_on_ridge,65,,FAILED,0.21871174099574986,0.00016126484077920645,0.0001487696125186919
daily_2644t_risk_on_ridge,66,,FAILED,0.1754090469272227,0.27285590134203885,0.00033360451635410204
daily_2644t_risk_on_ridge,67,,FAILED,0.044122360116529244,0.00027934944941189894,0.00020007043983291675
daily_2644t_risk_on_ridge,68,,FAILED,0.13777228077014775,0.6092548457614663,0.0038872607248530587
daily_2644t_risk_on_ridge,69,,FAILED,0.08704152576083021,0.04096856820898428,0.0011733862393826899
daily_2644t_risk_on_ridge,70,,FAILED,0.19775895562480628,0.003228103724607474,0.0008101860552036829
daily_2644t_risk_on_ridge,71,,FAILED,0.004510288783450047,0.018634566453012997,0.00048084981580669335
daily_2644t_risk_on_ridge,72,,FAILED,0.22480064950386536,0.014489896808558307,8.871290846165894e-05
daily_2644t_risk_on_ridge,73,,FAILED,0.1637888950934144,0.007293094787796722,0.0002202235763201608
daily_2644t_risk_on_ridge,74,,FAILED,0.28255022000159424,0.09382158839424136,0.00027823989971275753
daily_2644t_risk_on_ridge,75,,FAILED,0.24586656615368752,0.010339735757418521,0.00012100031681856934
daily_2644t_risk_on_ridge,76,,FAILED,0.26118510949926704,0.06156991891543514,0.0003349579049569611
daily_2644t_risk_on_ridge,77,,FAILED,0.19245973416851925,0.0006207775207942992,0.00016599310858195188
daily_2644t_risk_on_ridge,78,,FAILED,0.030712730075938527,0.004148464161492504,6.40574868752889e-05
daily_2644t_risk_on_ridge,79,,FAILED,0.14072037457446046,0.0009964198381417317,0.007761201565923074
daily_2644t_risk_on_ridge,80,,FAILED,0.11460699105314376,0.00011914686279603349,0.022890031439277383
daily_2644t_risk_on_ridge,81,,FAILED,0.1279948568747349,0.027232604939861585,0.013777158663568457
daily_2644t_risk_on_ridge,82,,FAILED,0.1758410109480882,0.07716740458492527,0.010168553870779546
daily_2644t_risk_on_ridge,83,,FAILED,0.15829996733728247,0.0426152232382337,0.004451887866456516
daily_2644t_risk_on_ridge,84,,FAILED,0.18403201289625826,2.216174209462082,0.0074871665303675545
daily_2644t_risk_on_ridge,85,,FAILED,0.21160879602712146,1.1951381052544832,0.015564059766355038
daily_2644t_risk_on_ridge,86,,FAILED,0.06055318507307757,0.1617393233619164,0.002894786970233381
daily_2644t_risk_on_ridge,87,,FAILED,0.19984746388991326,0.4460950242519405,0.0005121268570691821
daily_2644t_risk_on_ridge,88,,FAILED,0.3478940077132162,0.020359019362902932,0.028437800740617716
daily_2644t_risk_on_ridge,89,,FAILED,0.10889394459206768,0.21407536445353553,7.488595435516865e-05
daily_2644t_risk_on_ridge,90,,FAILED,0.2328842977158028,0.00045927761229485394,9.432412398925932e-05
daily_2644t_risk_on_ridge,91,,FAILED,0.32683317580089166,0.008501529293311137,0.007158853950135525
daily_2644t_risk_on_ridge,92,,FAILED,0.29288685564886674,0.002781289924281945,0.011289511439856742
daily_2644t_risk_on_ridge,93,,FAILED,0.3089663309829249,0.009115564153072433,0.009017432831464072
daily_2644t_risk_on_ridge,94,,FAILED,0.2686393465243002,0.12281530081307067,0.005724397653463691
daily_2644t_risk_on_ridge,95,,FAILED,0.07872189182254154,0.004333147495999873,0.0002721772103320919
daily_2644t_risk_on_ridge,96,,FAILED,0.012271427210541058,0.0013590092048344786,0.01719546953650785
daily_2644t_risk_on_ridge,97,,FAILED,0.1464911340875732,0.0002784231260434534,0.0003768243066178472
daily_2644t_risk_on_ridge,98,,FAILED,0.10033102031576771,0.03360851199906839,0.00013503957432712548
daily_2644t_risk_on_ridge,99,,FAILED,0.17025645686508178,0.005245923841261395,0.00020159975651787293
daily_2644t_risk_on_ridge,100,,FAILED,0.1314753947156783,7.409184299547619,5.839353007446554e-05
daily_2644t_risk_on_ridge,101,,FAILED,0.48220063559037546,0.002321270430397344,0.0023352304078829225
daily_2644t_risk_on_ridge,102,,FAILED,0.04660858422151299,0.013399132693524397,0.003511925230061547
daily_2644t_risk_on_ridge,103,,FAILED,0.38215576038128246,0.0016910454604361815,0.0008781302016277402
daily_2644t_risk_on_ridge,104,,FAILED,0.11817958111250376,0.005674138494507288,0.0017465042327247126
daily_2644t_risk_on_ridge,105,,FAILED,0.4082138140334737,0.0074561973342464295,0.00012101666083676947
daily_2644t_risk_on_ridge,106,,FAILED,0.47571760488161946,0.0007985538593943777,0.00015080970201860686
daily_2644t_risk_on_ridge,107,,FAILED,0.15460506754319983,2.5196531018556936,0.00017588097372620885
daily_2644t_risk_on_ridge,108,,FAILED,0.43900499790497055,0.0001379910297577747,0.005066004990418298
daily_2644t_risk_on_ridge,109,,FAILED,0.24361435018160502,1.6221624875464002,0.006466851666878897
daily_2644t_risk_on_ridge,110,,FAILED,0.035573709719456725,0.5865223855751271,0.0006989552686723246
daily_2644t_risk_on_ridge,111,,FAILED,0.0898546068713276,0.002597005420764658,0.0010576120148466902
daily_2644t_risk_on_ridge,112,,FAILED,0.22156649868147793,0.016027570369409515,0.0014433756392599826
daily_2644t_risk_on_ridge,113,,FAILED,0.18287248228494588,0.0002228681372940588,0.001937755219548131
daily_2644t_risk_on_ridge,114,,FAILED,0.20581963566142358,0.0032684221607549207,0.0005409104612558999
daily_2644t_risk_on_ridge,115,,FAILED,0.1640873249370779,0.023720027447658127,0.0006262658987176822
daily_2644t_risk_on_ridge,116,,FAILED,0.14256955886560033,0.3427473801169812,0.001306938961531542
daily_2644t_risk_on_ridge,117,,FAILED,0.28173469517919936,0.00174459820167735,0.0009071937598340362
daily_2644t_risk_on_ridge,118,,FAILED,0.13038683249475208,0.0009702478917659616,0.008967057059229216
daily_2644t_risk_on_ridge,119,,FAILED,0.260589060756777,0.011747402489847392,0.0004682998018137015
daily_2644t_risk_on_ridge,120,,FAILED,0.19219104949537436,0.0003484472503026884,0.0002602964902944783
daily_2644t_risk_on_ridge,121,,FAILED,0.3688296779735571,0.06311344250375756,0.0021299450258268748
daily_2644t_risk_on_ridge,122,,FAILED,0.449264542886239,0.04468534723138436,0.0027372910492780814
daily_2644t_risk_on_ridge,123,,FAILED,0.3422441391595049,0.0005270364964120389,0.0499962390140573
daily_2644t_risk_on_ridge,124,,FAILED,0.3986717251574651,0.01678686909122236,0.021053246576765
daily_2644t_risk_on_ridge,125,,FAILED,0.4991869082756015,0.035201229964874625,0.012220056318512584
daily_2644t_risk_on_ridge,126,,FAILED,0.46744017160613033,0.8869059272225012,0.0016981778849837405
daily_2644t_risk_on_ridge,127,,FAILED,0.11364851276885801,1.2326838590890454,0.0011707968745226546
daily_2644t_risk_on_ridge,128,,FAILED,0.16906045695823801,0.010348039590627805,0.0003130483445672864
daily_2644t_risk_on_ridge,129,,FAILED,0.15218376596469355,0.004854311502878918,0.0015135590292977763
daily_2644t_risk_on_ridge,130,,FAILED,0.31168200393581963,0.02658067868057822,0.0007799882318608079
daily_2644t_risk_on_ridge,131,,FAILED,0.4234006661164393,0.0012105742041399483,0.00010428468364939002
daily_2644t_risk_on_ridge,132,,FAILED,0.06665407090460726,0.08901300185329102,0.03274914861842116
daily_2644t_risk_on_ridge,133,,FAILED,0.09499135931096145,0.0007971216542878892,0.00037448096244092324
daily_2644t_risk_on_ridge,134,,FAILED,0.055148399814433285,0.007846242161115556,0.03285338819307187
daily_2644t_risk_on_ridge,135,,FAILED,0.07891949448458724,0.0020558325038816405,0.00021166932566078398
daily_2644t_risk_on_ridge,136,,FAILED,0.025467402820892937,0.006412432055052049,8.557957326485391e-05
daily_2644t_risk_on_ridge,137,,FAILED,0.13619418461676058,0.1440194790121238,0.04183306670642127
daily_2644t_risk_on_ridge,138,,FAILED,0.12151220423274332,0.0006788341047474276,7.347804468253861e-05
daily_2644t_risk_on_ridge,139,,FAILED,0.10607324428833603,0.23574129764306775,0.00934692504913778
daily_2644t_risk_on_ridge,140,,FAILED,0.1478012485255246,0.0012495259723569099,0.00015075929977365253
daily_2644t_risk_on_ridge,141,,FAILED,0.30118293556585274,0.00017487609234311555,0.00042831034943068
daily_2644t_risk_on_ridge,142,,FAILED,0.27430398915915793,0.06906234002419476,0.0005654182443275034
daily_2644t_risk_on_ridge,143,,FAILED,0.3382090079533212,0.0038532057155586667,0.0010523225757648373
daily_2644t_risk_on_ridge,144,,FAILED,0.32361154487304256,0.020925724893029324,0.0009299410692444962
daily_2644t_risk_on_ridge,145,,FAILED,0.37828184205518256,0.20038459588008523,0.015247543377533885
daily_2644t_risk_on_ridge,146,,FAILED,0.0014250259158992001,0.1115591888366234,5.072001900012122e-05
daily_2644t_risk_on_ridge,147,,FAILED,0.4528845600872274,0.36162226178705037,0.0019227208950971257
daily_2644t_risk_on_ridge,148,,FAILED,0.23483921554919573,0.00026467631957192587,0.024226957109005427
daily_2644t_risk_on_ridge,149,,FAILED,0.36382619490388646,0.6578561808026332,0.0003545394395494563
daily_2644t_risk_on_ridge,150,,FAILED,0.12525088918172878,0.047675076392074654,0.0006312606953302696
daily_2644t_risk_on_ridge,151,,FAILED,0.04125387637074014,0.001504553217264044,0.0013096210733353473
daily_2644t_risk_on_ridge,152,,FAILED,0.013000308669578443,0.0010476223955644263,0.0024414974568531217
daily_2644t_risk_on_ridge,153,,FAILED,0.07508633582625333,0.0019503400854383025,0.0029035414827286612
daily_2644t_risk_on_ridge,154,,FAILED,0.2934699141913123,0.002983763721000664,0.003563970572526367
daily_2644t_risk_on_ridge,155,,FAILED,0.055029137365424106,0.0006160533172430058,0.006281435547203279
daily_2644t_risk_on_ridge,156,,FAILED,0.33118771884633164,0.00038469417408125157,0.000296562183564284
daily_2644t_risk_on_ridge,157,,FAILED,0.06561069030870346,4.7375278108125,0.0011960799257689644
daily_2644t_risk_on_ridge,158,,FAILED,0.013362686534321915,1.2626594823839439,0.0017612867491597212
daily_2644t_risk_on_ridge,159,,FAILED,0.2572515903368184,0.012985867194023962,0.003977946147089616
daily_2644t_risk_on_ridge,160,,FAILED,0.392622592322098,0.010216943180660503,0.00470160234234369
daily_2644t_risk_on_ridge,161,,FAILED,0.2153987462776654,0.016745788631570425,0.0004369362781982307
daily_2644t_risk_on_ridge,162,,FAILED,0.17985957831701466,3.408910495100679,0.000756608514395977
daily_2644t_risk_on_ridge,163,,FAILED,0.2028481199866637,0.5030771407482866,0.0006404718616165285
daily_2644t_risk_on_ridge,164,,FAILED,0.1899009032895865,0.03442447916476883,0.0015753341153147355
daily_2644t_risk_on_ridge,165,,FAILED,0.35341822108408966,0.019936710874353846,0.0005247841545768791
daily_2644t_risk_on_ridge,166,,FAILED,0.22613731628502126,1.8821289056225485,0.00011640175180378368
daily_2644t_risk_on_ridge,167,,FAILED,0.1625813037456593,0.006947803101678406,0.00808352450814857
daily_2644t_risk_on_ridge,168,,FAILED,0.03628885091674442,0.00010266526965219109,0.0022428601345827184
daily_2644t_risk_on_ridge,169,,FAILED,0.17609252180204046,0.0025036375047201203,0.0002376317329130739
daily_2644t_risk_on_ridge,170,,FAILED,0.15518508829190478,0.0008308676978024579,0.0009000829020845214
daily_2644t_risk_on_ridge,171,,FAILED,0.08562334657190052,8.385527034183172,0.010986032326120007
daily_2644t_risk_on_ridge,172,,FAILED,0.13934322612617284,0.29210957595338494,0.0025755375743204646
daily_2644t_risk_on_ridge,173,,FAILED,0.09805546290137927,0.01337087154373923,0.0030267270220952886
daily_2644t_risk_on_ridge,174,,FAILED,0.41532699518704336,5.597429167419447,0.0018905952008785223
daily_2644t_risk_on_ridge,175,,FAILED,0.13361875423697397,0.027171625197613968,0.004277463214106277
daily_2644t_risk_on_ridge,176,,FAILED,0.11757250263764729,0.0013856368773512,5.753027252228948e-05
daily_2644t_risk_on_ridge,177,,FAILED,0.14765053923569127,0.12550357335696755,0.005172191470362617
daily_2644t_risk_on_ridge,178,,FAILED,0.021290795939167807,0.00014103136845498824,0.00018559640575361672
daily_2644t_risk_on_ridge,179,,FAILED,0.3110574928772072,6.765598738750775,0.0034535461470808415
daily_2644t_risk_on_ridge,180,,FAILED,0.28730923476042286,2.6871369072457862,0.0014769098438741184
daily_2644t_risk_on_ridge,181,,FAILED,0.24285055139005926,9.89685505159515,0.0003391602579863061
daily_2644t_risk_on_ridge,182,,FAILED,0.21486905199106063,0.0004913478000510886,0.00041872775573840624
daily_2644t_risk_on_ridge,183,,FAILED,0.2361344592212258,0.00029272860916780807,0.00029095028565308544
daily_2644t_risk_on_ridge,184,,FAILED,0.20569648977816296,0.0010952731045005954,0.0005330195906731987
daily_2644t_risk_on_ridge,185,,FAILED,0.2668536679948622,0.08693256457637101,0.0003688806314173458
daily_2644t_risk_on_ridge,186,,FAILED,0.11160478675807342,0.003893743687504462,0.00047392044572026085
daily_2644t_risk_on_ridge,187,,FAILED,0.19664146859145268,0.0006943960983430283,0.006646770290414535
daily_2644t_risk_on_ridge,188,,FAILED,0.2241097410428997,0.0016335976804509886,0.0013219215676951218
daily_2644t_risk_on_ridge,189,,FAILED,0.250696573755783,0.0001985232031817657,0.012641718735659693
daily_2644t_risk_on_ridge,190,,FAILED,0.049242826502086876,0.008958933010885357,0.00013669199591488217
daily_2644t_risk_on_ridge,191,,FAILED,0.08699505819998751,0.0022615933745778155,0.04262363762564774
daily_2644t_risk_on_ridge,192,,FAILED,0.09989836715438277,0.004821404553905834,0.0010142328081966044
daily_2644t_risk_on_ridge,193,,FAILED,0.07930286246999754,0.8533011003981789,0.03381525669963257
daily_2644t_risk_on_ridge,194,,FAILED,0.06507609381499213,0.0032164658727950796,0.02670785890114046
daily_2644t_risk_on_ridge,195,,FAILED,0.10387442736408461,0.05492582603522025,0.018664462441439114
daily_2644t_risk_on_ridge,196,,FAILED,0.11826107802468581,0.0009663657075223936,0.00025953567622441406
daily_2644t_risk_on_ridge,197,,FAILED,0.09016607556671334,0.006155803689545901,9.882561269382611e-05
daily_2644t_risk_on_ridge,198,,FAILED,0.1684421582439532,0.000407833653827643,0.015322019291536777
daily_2644t_risk_on_ridge,199,,FAILED,0.12823454622402505,0.18758419209362553,0.03694542026118825
daily_2644t_risk_on_ridge,200,,FAILED,0.13624060205098482,0.016770713922688713,0.0007072276706738189
daily_2644t_risk_on_ridge,201,,FAILED,0.15166745535115156,0.03429758123824103,0.0010365422416269156
daily_2644t_risk_on_ridge,202,,FAILED,0.1794438227479437,0.05520751460429274,0.0012423277126324009
daily_2644t_risk_on_ridge,203,,FAILED,0.16359763063584026,0.02702276718649249,0.008901125947093674
daily_2644t_risk_on_ridge,204,,FAILED,0.15623238275217846,0.042056431341470225,6.770597619270931e-05
daily_2644t_risk_on_ridge,205,,FAILED,0.0735491206373915,0.0707518694374466,0.0016098557225928465
daily_2644t_risk_on_ridge,206,,FAILED,0.1855525434285009,0.02164044686121291,0.0006006492381223338
daily_2644t_risk_on_ridge,207,,FAILED,0.14237066552594574,0.011488277517655241,0.000818360060185065
daily_2644t_risk_on_ridge,208,,FAILED,0.3188084177520616,3.7895779997635914,0.0004043758924971596
daily_2644t_risk_on_ridge,209,,FAILED,0.46030996006917957,0.0005785413199012774,0.002105991854512181
daily_2644t_risk_on_ridge,210,,FAILED,0.4380984075798944,0.0013296476643708418,0.00047865912153167024
daily_2644t_risk_on_ridge,211,,FAILED,0.04329238991247777,0.00024353934343475977,8.425271487896328e-05
daily_2644t_risk_on_ridge,212,,FAILED,0.4888237645997031,0.00029502740110559314,0.00012267864634177796
daily_2644t_risk_on_ridge,213,,FAILED,0.0278245644761685,0.00016211090921263612,9.531262938538674e-05
daily_2644t_risk_on_ridge,214,,FAILED,0.05303654088286993,0.0003323366713799795,0.0010999681731238026
daily_2644t_risk_on_ridge,215,,FAILED,0.07330780499207921,0.0018934824015896334,0.00017177013801995304
daily_2644t_risk_on_ridge,216,,FAILED,0.060443050422656235,0.008187910576105626,0.00021713954912867616
daily_2644t_risk_on_ridge,217,,FAILED,0.12880600227535782,0.0008885175407004145,7.826575886152186e-05
daily_2644t_risk_on_ridge,218,,FAILED,0.14472479904128552,0.45004534394603485,0.0003150965875816292
daily_2644t_risk_on_ridge,219,,FAILED,0.21444595656534676,0.00045961512367964023,0.0014361823333598589
daily_2644t_risk_on_ridge,220,,FAILED,0.19447926097574805,0.23052095976582027,0.010201457347588658
daily_2644t_risk_on_ridge,221,,FAILED,0.046095366054377425,0.00020074813391772676,0.0001420883590079527
daily_2644t_risk_on_ridge,222,,FAILED,0.0019043749379125622,0.00013158121165456242,0.00011015847787441834
daily_2644t_risk_on_ridge,223,,FAILED,0.017132901477674437,0.00013295195422781107,0.00016326407013349874
daily_2644t_risk_on_ridge,224,,FAILED,0.3740002877746189,0.03808786640864481,0.00020044348808436868
daily_2644t_risk_on_ridge,225,,FAILED,0.010156046852654043,0.00010801007451283205,0.00023112333770880598
daily_2644t_risk_on_ridge,226,,FAILED,0.22932820312167806,0.0001797349601117604,0.022838383593946812
daily_2644t_risk_on_ridge,227,,FAILED,0.037683249959023876,0.00022707064690662926,0.027644839151976422
daily_2644t_risk_on_ridge,228,,FAILED,0.39135398927811915,0.15269519542679358,0.005571724756301302
daily_2644t_risk_on_ridge,229,,FAILED,0.11205346031276428,0.005253594278229979,0.04449372210197852
daily_2644t_risk_on_ridge,230,,FAILED,0.025356277753444442,0.053788181438920106,0.007310818094540246
daily_2644t_risk_on_ridge,231,,FAILED,0.06325028875945865,0.0007042073383963512,0.00016583917627531797
daily_2644t_risk_on_ridge,232,,FAILED,0.08353613002499209,0.0004099634062170961,0.00013709536252041367
daily_2644t_risk_on_ridge,233,,FAILED,0.09418148868208956,0.001169633277609123,0.0002762239623568506
daily_2644t_risk_on_ridge,234,,FAILED,0.17086593438009007,0.0003587601950531612,0.000118900502986526
daily_2644t_risk_on_ridge,235,,FAILED,0.06894022241459186,0.0016865970061801852,0.000367715630958771
daily_2644t_risk_on_ridge,236,,FAILED,0.35551152339402103,0.0005458317646840188,0.0017327693179126113
daily_2644t_risk_on_ridge,237,,FAILED,0.28010978200687336,0.014104392286236217,0.00017825590314971663
daily_2644t_risk_on_ridge,238,,FAILED,0.3392301678078646,0.031237188993265972,0.0379837809380742
daily_2644t_risk_on_ridge,239,,FAILED,0.12553272689456968,0.00136869102579121,0.001357274289744537
daily_2644t_risk_on_ridge,240,,FAILED,0.07954488411663874,0.02266569604497909,0.000919312504146735
daily_2644t_risk_on_ridge,241,,FAILED,0.13902529140725162,0.00333704170282711,6.082852501282753e-05
daily_2644t_risk_on_ridge,242,,FAILED,0.153096628847931,0.0027146692795167703,7.256028480994188e-05
daily_2644t_risk_on_ridge,243,,FAILED,0.10788376990398853,0.007021593899572421,5.871975243657061e-05
daily_2644t_risk_on_ridge,244,,FAILED,0.16069290905465392,0.10437769384705149,8.979820011975743e-05
daily_2644t_risk_on_ridge,245,,FAILED,0.3039574943991287,0.003949513673348954,0.00019708330959497766
daily_2644t_risk_on_ridge,246,,FAILED,0.20369623401580525,0.0008356224166245473,0.00014792132486090467
daily_2644t_risk_on_ridge,247,,FAILED,0.14527639325070932,0.3474009856639246,5.530168160362327e-05
daily_2644t_risk_on_ridge,248,,FAILED,0.2405622254621846,1.09995879266252,6.492409083690267e-05
daily_2644t_risk_on_ridge,249,,FAILED,0.2492021200926599,0.009796160955209252,0.0034009539958178565
daily_2644t_risk_on_ridge,250,,FAILED,0.1205337525901188,1.8731433141688985,0.001181262966152951
daily_2644t_risk_on_ridge,251,,FAILED,0.05647145386929976,0.002273497426343743,0.0007133629448595383
daily_2644t_risk_on_ridge,252,,FAILED,0.22022043379839323,0.00028517143004707507,0.04914711717448116
daily_2644t_risk_on_ridge,253,,FAILED,0.1339535498945731,0.005550896488202123,0.002638978139847339
daily_2644t_risk_on_ridge,254,,FAILED,0.0944844650672391,0.07701006408547391,0.0004315761146773279
daily_2644t_risk_on_ridge,255,,FAILED,0.03197166819908154,0.046811884546566825,0.002001764210899225
daily_2644t_risk_on_ridge,256,,FAILED,0.003596505979073343,0.0001526532535960475,0.0005583111715493308
daily_2644t_risk_on_ridge,257,,FAILED,0.15590021102327223,0.004272553059388321,0.00022103395394058986
daily_2644t_risk_on_ridge,258,,FAILED,0.18579560259617303,0.0011442483966887936,0.013971635290822548
daily_2644t_risk_on_ridge,259,,FAILED,0.07368569247530193,0.7299896110348704,0.00034189284964185486
daily_2644t_risk_on_ridge,260,,FAILED,0.17138098813343655,0.0006557916898608446,0.01769681338993319
daily_2644t_risk_on_ridge,261,,FAILED,0.26824390202252385,0.017202613876591596,0.00010702615843076368
daily_2644t_risk_on_ridge,262,,FAILED,0.4225193445853028,0.0003349442455088095,0.0002584585968658476
daily_2644t_risk_on_ridge,263,,FAILED,0.12982406878805797,3.0469838577079718,0.007876313306168376
daily_2644t_risk_on_ridge,264,,FAILED,0.10466457615562139,0.0019421143233053371,5.077686416027653e-05
daily_2644t_risk_on_ridge,265,,FAILED,0.01794589402183224,0.00010136991851120508,0.004000259016448692
daily_2644t_risk_on_ridge,266,,FAILED,0.14470809421343858,0.0005321673189909942,0.00013095998104312528
daily_2644t_risk_on_ridge,267,,FAILED,0.11962932936167489,0.00022211029391633238,0.00018866297633230472
daily_2644t_risk_on_ridge,268,,FAILED,0.08418776563957084,0.5235527713898827,0.00016074673023085074
daily_2644t_risk_on_ridge,269,,FAILED,0.2105413440933547,0.26981141649944423,0.006096607815396399
daily_2644t_risk_on_ridge,270,,FAILED,0.05129131577827448,0.0010184387052633462,0.001553309631823779
daily_2644t_risk_on_ridge,271,,FAILED,0.06353664433768666,1.5409003248565971,0.00047261058975598064
daily_2644t_risk_on_ridge,272,,FAILED,0.16074269862148846,0.001527437777013717,0.0023857504254119876
daily_2644t_risk_on_ridge,273,,FAILED,0.29599526665700615,0.02622159868446143,0.0010663607859071782
daily_2644t_risk_on_ridge,274,,FAILED,0.13871495948933021,0.010848484068778468,0.0008138427880279737
daily_2644t_risk_on_ridge,275,,FAILED,0.3294754796064832,0.003269990787909887,0.01169717580807014
daily_2644t_risk_on_ridge,276,,FAILED,0.3157142810314792,0.00042339222675155875,0.0045596407571855445
daily_2644t_risk_on_ridge,277,,FAILED,0.2552595170547393,0.03750084944335422,0.000316079683327164
daily_2644t_risk_on_ridge,278,,FAILED,0.23126962038107668,2.351848424301209,8.206444897464107e-05
daily_2644t_risk_on_ridge,279,,FAILED,0.47273560527715947,0.004764059608389308,0.00038264409813996324
daily_2644t_risk_on_ridge,280,,FAILED,0.19377551983270536,4.493136764144101,0.0006273169680097317
daily_2644t_risk_on_ridge,281,,FAILED,0.07068552286861633,0.0026944253594116583,0.008890632023549234
daily_2644t_risk_on_ridge,282,,FAILED,0.44294203371656987,0.060494583894410266,0.001227237865952518
daily_2644t_risk_on_ridge,283,,FAILED,0.09084466169991287,0.007429590925549351,0.029068989192106254
daily_2644t_risk_on_ridge,284,,FAILED,0.17661171889231092,0.0008093825924482417,0.02048498321427001
daily_2644t_risk_on_ridge,285,,FAILED,0.4059277082503025,0.00024755624659281633,6.800787589069015e-05
daily_2644t_risk_on_ridge,286,,FAILED,0.1126498353147502,0.013624490306867734,0.0017263014421309408
daily_2644t_risk_on_ridge,287,,FAILED,0.14942701351442703,0.0013786641430045413,0.00011347131611552017
daily_2644t_risk_on_ridge,288,,FAILED,0.033843933018193204,5.882809105121504,0.0009458583940205194
daily_2644t_risk_on_ridge,289,,FAILED,0.20289513488496685,0.00015725039740795756,0.00023821837799457748
daily_2644t_risk_on_ridge,290,,FAILED,0.12395509933083633,0.1310556131586395,0.0005208053019122124
daily_2644t_risk_on_ridge,291,,FAILED,0.011446368355148444,0.019656233536954462,0.0013778186033994307
daily_2644t_risk_on_ridge,292,,FAILED,0.04559979433561683,0.006287542534807535,0.000141465938670796
daily_2644t_risk_on_ridge,293,,FAILED,0.16639924251327845,0.002285895828803242,0.002962571293759779
daily_2644t_risk_on_ridge,294,,FAILED,0.13238622291547986,0.02950928278916614,0.00019276936894327927
daily_2644t_risk_on_ridge,295,,FAILED,0.09984755367082417,0.00033725659329905195,0.0022216314810821302
daily_2644t_risk_on_ridge,296,,FAILED,0.057939549666973955,0.0010027431766329263,0.00041532607283469714
daily_2644t_risk_on_ridge,297,,FAILED,0.0005106624496392029,0.04634221117845328,0.010321122753405555
daily_2644t_risk_on_ridge,298,,FAILED,0.2225505464592189,0.00019588063874400496,9.04720412092912e-05
daily_2644t_risk_on_ridge,299,,FAILED,0.021811838277226103,0.003521371853433828,0.00513715133334813
daily_2644t_risk_on_ridge,300,,FAILED,0.34554440515151613,0.0004910433573893705,0.0007034002058767916
daily_2644t_risk_on_ridge,301,,FAILED,0.0813291443771823,0.0082868888843158,0.00016894554509794103
daily_2644t_risk_on_ridge,302,,FAILED,0.1490760541917375,0.0006583689728955025,0.00010116533907577164
daily_2644t_risk_on_ridge,303,,FAILED,0.21319273241019984,0.39750768032191347,0.0002778323593748858
daily_2644t_risk_on_ridge,304,,FAILED,0.2889472664155795,0.1016333183883703,0.0015160441036787204
daily_2644t_risk_on_ridge,305,,FAILED,0.13751832040334538,0.08284346186498216,0.001954970398660418
daily_2644t_risk_on_ridge,306,,FAILED,0.3656155136706173,0.0016760076291891764,0.038618760068800856
daily_2644t_risk_on_ridge,307,,FAILED,0.23729559228511132,0.0001337634709619477,0.001168630371558342
daily_2644t_risk_on_ridge,308,,FAILED,0.15883663878040888,0.012046291702192145,5.1251383488083744e-05
daily_2644t_risk_on_ridge,309,,FAILED,0.18175306571717598,0.015464199290477626,0.0001529975789800083
daily_2644t_risk_on_ridge,310,,FAILED,0.4323482245034983,0.004748533498164217,0.0008197659086510748
daily_2644t_risk_on_ridge,311,,FAILED,0.11381385442528255,0.0011361490662417314,0.00012766054719948156
daily_2644t_risk_on_ridge,312,,FAILED,0.06722442318637376,0.00038806258038754824,0.032575822329414084
daily_2644t_risk_on_ridge,313,,FAILED,0.3862324932320833,0.0002634227003908487,7.450719843833951e-05
daily_2644t_risk_on_ridge,314,,FAILED,0.07722790199525445,0.17080603304681258,0.00029673033414598593
daily_2644t_risk_on_ridge,315,,FAILED,0.12588147536931787,0.03596010031095167,0.006762961904838559
daily_2644t_risk_on_ridge,316,,FAILED,0.09072421227859095,0.8130731388915744,0.0005822692140798148
daily_2644t_risk_on_ridge,317,,FAILED,0.4895758160708928,0.02403297971790473,0.00045662250024924953
daily_2644t_risk_on_ridge,318,,FAILED,0.19300320032798912,0.0019262175866525638,0.00036393741931152685
daily_2644t_risk_on_ridge,319,,FAILED,0.038042358224371534,0.0008322214616415894,0.00020718785194682996
daily_2644t_risk_on_ridge,320,,FAILED,0.2663715008689739,0.0637498588989874,6.42334997314495e-05
daily_2644t_risk_on_ridge,321,,FAILED,0.10448248172098201,0.2653528620259249,0.00024690926736609814
daily_2644t_risk_on_ridge,322,,FAILED,0.17059093468847014,1.342500395266805,0.0010274174494558739
daily_2644t_risk_on_ridge,323,,FAILED,0.27814956659303425,0.009585901817126333,0.0034734259984432123
daily_2644t_risk_on_ridge,324,,FAILED,0.1428534459123026,0.0013718936911063947,0.02361547090871639
daily_2644t_risk_on_ridge,325,,FAILED,0.05515414014681341,0.00018407439506509026,0.0014077314746170427
daily_2644t_risk_on_ridge,326,,FAILED,0.1627518496563529,0.6309448188472858,0.008964116145323999
daily_2644t_risk_on_ridge,327,,FAILED,0.3313447677274687,0.005998838169946444,0.0001832705651759543
daily_2644t_risk_on_ridge,328,,FAILED,0.13257801227989105,1.001664495801996,0.00033909864744025687
daily_2644t_risk_on_ridge,329,,FAILED,0.2013095261824868,0.002743693235473902,0.0018530323698917625
daily_2644t_risk_on_ridge,330,,FAILED,0.2448635975246106,0.0003032797674820387,0.0005041240011569697
daily_2644t_risk_on_ridge,331,,FAILED,0.15180019981880088,0.0006260891836276614,0.015898017746230154
daily_2644t_risk_on_ridge,332,,FAILED,0.026580076042201826,0.019778170260192955,0.0012524027225885733
daily_2644t_risk_on_ridge,333,,FAILED,0.2291659653999801,7.370887142195256,0.0026846647243022877
daily_2644t_risk_on_ridge,334,,FAILED,0.4163145827799463,0.003812524834171743,0.007598806789122726
daily_2644t_risk_on_ridge,335,,FAILED,0.01063745053719204,0.051160680042312306,0.00012070009852097937
daily_2644t_risk_on_ridge,336,,FAILED,0.2099769865643998,0.00046534109481884226,5.905440105428093e-05
daily_2644t_risk_on_ridge,337,,FAILED,0.11926857437515352,0.03043395867856571,0.000669158039643741
daily_2644t_risk_on_ridge,338,,FAILED,0.07131709587813036,0.0001263404961852416,0.012093821334255777
daily_2644t_risk_on_ridge,339,,FAILED,0.045046422425439825,0.0011491299986367816,7.870832840944513e-05
daily_2644t_risk_on_ridge,340,,FAILED,0.46158699661471086,0.0008765617572075592,9.991743919867389e-05
daily_2644t_risk_on_ridge,341,,FAILED,0.09850291411160494,0.0022809776737708334,0.00015219879527815516
daily_2644t_risk_on_ridge,342,,FAILED,0.3075145009430011,0.1912898850429125,0.0016200164943058566
daily_2644t_risk_on_ridge,343,,FAILED,0.2581120869280163,0.04171616373621026,0.0008499543412474807
daily_2644t_risk_on_ridge,344,,FAILED,0.18137668524837422,0.0017223475271400924,0.005645712573227049
daily_2644t_risk_on_ridge,345,,FAILED,0.0869162292685402,0.008552881735998023,0.0009514818509957437
daily_2644t_risk_on_ridge,346,,FAILED,0.06244483441642041,0.00022263125371978841,0.000443670856706939
daily_2644t_risk_on_ridge,347,,FAILED,0.13964908223905564,1.9718138176388136,0.00013149600897169555
daily_2644t_risk_on_ridge,348,,FAILED,0.12719619629335374,0.01513835508746351,0.00021044780981154158
daily_2644t_risk_on_ridge,349,,FAILED,0.14931353841436582,0.01137369963953401,0.013674558510728012
daily_2644t_risk_on_ridge,350,,FAILED,0.11530417063843561,0.004416704885391201,0.043063339651204735
daily_2644t_risk_on_ridge,351,,FAILED,0.15660675898444953,0.0005696282845851048,0.00396756917164839
daily_2644t_risk_on_ridge,352,,FAILED,0.08190997875102006,0.00010192274080337454,0.0021528395995725363
daily_2644t_risk_on_ridge,353,,FAILED,0.22046785789511059,0.0030125977111950084,0.04951782389874875
daily_2644t_risk_on_ridge,354,,FAILED,0.3957103592809009,0.00037943821540822485,0.00040180932160550616
daily_2644t_risk_on_ridge,355,,FAILED,0.2983832787286123,0.3159339073366387,0.0003067948884565877
daily_2644t_risk_on_ridge,356,,FAILED,0.018687338133174185,0.0013249520239502499,0.0011004763004217497
daily_2644t_risk_on_ridge,357,,FAILED,0.03255393529250264,0.00015250186684681656,0.0005715019008118458
daily_2644t_risk_on_ridge,358,,FAILED,0.05054779985403466,0.005512706770522021,0.003087253971289853
daily_2644t_risk_on_ridge,359,,FAILED,0.17201521071769083,0.12764721053740036,0.00017820099948148414
daily_2644t_risk_on_ridge,360,,FAILED,0.13535788250783226,0.07700104853163812,0.02580611709518358
daily_2644t_risk_on_ridge,361,,FAILED,5.076824441854755e-06,0.025569651416943236,0.00023066872748649423
daily_2644t_risk_on_ridge,362,,FAILED,0.10923627540138925,0.0007355842135480183,5.010820581105071e-05
daily_2644t_risk_on_ridge,363,,FAILED,0.16322728727884048,3.159413441095863,0.0007429762292268112
daily_2644t_risk_on_ridge,364,,FAILED,0.0743854090963587,9.524946165511437,0.01932366628398653
daily_2644t_risk_on_ridge,365,,FAILED,0.1888274846508088,0.00027670311020925367,0.031875343612215584
daily_2644t_risk_on_ridge,366,,FAILED,0.14386107628578243,0.01912371524608796,0.0013413306573425816
daily_2644t_risk_on_ridge,367,,FAILED,0.35835292055773904,0.006974816484200757,0.010167075925844983
daily_2644t_risk_on_ridge,368,,FAILED,0.09681237075052855,0.0001822853778420013,0.0017407710910948952
daily_2644t_risk_on_ridge,369,,FAILED,0.19870645564231446,0.001010308656469584,7.032813875583929e-05
daily_2644t_risk_on_ridge,370,,FAILED,0.059792003586483615,0.0019606310598758976,0.00010079438106010412
daily_2644t_risk_on_ridge,371,,FAILED,0.2353405493487628,0.035468743715146786,0.00015838568961717723
daily_2644t_risk_on_ridge,372,,FAILED,0.21614456327791934,0.5315251501358362,0.00027578011002503736
daily_2644t_risk_on_ridge,373,,FAILED,0.24867322481690596,4.312378936146912,0.0003740547140804309
daily_2644t_risk_on_ridge,374,,FAILED,0.12312437461747626,0.0015747238689897275,0.0024819577491530663
daily_2644t_risk_on_ridge,375,,FAILED,0.31635282693003725,0.055539663934056856,0.0015646496423249738
daily_2644t_risk_on_ridge,376,,FAILED,0.08341818647065811,0.004150715351235543,0.0005172030998647919
daily_2644t_risk_on_ridge,377,,FAILED,0.14700903981827462,0.0005163196278249368,0.005061500553785512
daily_2644t_risk_on_ridge,378,,FAILED,0.06940830219020035,0.00034973288262192477,0.0001404579950439427
daily_2644t_risk_on_ridge,379,,FAILED,0.015307287038261475,0.013724070135883596,8.756226121248693e-05
daily_2644t_risk_on_ridge,380,,FAILED,0.45297468579254657,0.41908591820526325,0.0006311069124849191
daily_2644t_risk_on_ridge,381,,FAILED,0.28276683894888327,0.10390694251285057,0.0011923119278435673
daily_2644t_risk_on_ridge,382,,FAILED,0.17540540361352536,0.009849121925658257,0.00011876652455097507
daily_2644t_risk_on_ridge,383,,FAILED,0.10779415980839838,0.00024070935685938788,0.0001910816806697449
daily_2644t_risk_on_ridge,384,,FAILED,0.13238995154380256,0.2171175915130314,6.094564167985412e-05
daily_2644t_risk_on_ridge,385,,FAILED,0.2708715370815471,0.0031686686808586727,0.0010191769574606885
daily_2644t_risk_on_ridge,386,,FAILED,0.3237498698961894,0.043472215689816296,0.006136324559322206
daily_2644t_risk_on_ridge,387,,FAILED,0.4809515833194471,0.001226357518550007,0.00024576547641667076
daily_2644t_risk_on_ridge,388,,FAILED,0.1528331253016168,0.0008285817300284577,0.0075193064494535646
daily_2644t_risk_on_ridge,389,,FAILED,0.22424075276614094,0.06975426960441515,0.0004190069582301797
daily_2644t_risk_on_ridge,390,,FAILED,0.045642584608069865,0.15670477955062173,0.0019386238192447096
daily_2644t_risk_on_ridge,391,,FAILED,0.3783912245518558,0.023210958783387085,0.004336767839261671
daily_2644t_risk_on_ridge,392,,FAILED,0.20414808494309974,0.00012172715160972862,0.0003194792433222588
daily_2644t_risk_on_ridge,393,,FAILED,0.1645983211779011,0.00041022793551090696,0.0013961688195903974
daily_2644t_risk_on_ridge,394,,FAILED,0.3386836895612934,0.0021554367287506208,0.0004961395171051633
daily_2644t_risk_on_ridge,395,,FAILED,0.09481084630992613,0.03185690935032871,0.00017502838628594464
daily_2644t_risk_on_ridge,396,,FAILED,0.008916262213008294,0.0025428280670579903,0.0008515656234798952
daily_2644t_risk_on_ridge,397,,FAILED,0.11964648615116015,2.520139523178595,0.039281241313373565
daily_2644t_risk_on_ridge,398,,FAILED,0.0571900277059448,0.0057202374080160545,0.00022256439053213752
daily_2644t_risk_on_ridge,399,,FAILED,0.02640010101239149,1.464565402623934,0.01619881593094035
daily_2644t_risk_on_ridge,400,,FAILED,0.18695371863699414,0.01769364674623515,0.0035994122794408834
daily_2644t_risk_on_ridge,401,,FAILED,0.1354706969084409,0.008237545919192667,0.008644888755429838
daily_2644t_risk_on_ridge,402,,FAILED,0.039322215512103145,0.0006284441512899186,8.144296451914208e-05
daily_2644t_risk_on_ridge,403,,FAILED,0.07526442219132623,0.00105832257396406,0.00010728946612621073
daily_2644t_risk_on_ridge,404,,FAILED,0.4085393000985026,0.00029598804286042226,0.011386233923714495
daily_2644t_risk_on_ridge,405,,FAILED,0.2098620622905693,0.0036239488533405225,0.000353087421792232
daily_2644t_risk_on_ridge,406,,FAILED,0.15793338405922258,0.00017356690786003514,6.854229450087743e-05
daily_2644t_risk_on_ridge,407,,FAILED,0.3474031762336448,0.08851483953373518,0.0023063265398605504
daily_2644t_risk_on_ridge,408,,FAILED,0.25802986877192796,0.001486813264839345,0.00015306512418248995
daily_2644t_risk_on_ridge,409,,FAILED,0.08923713325444182,0.010835417303459542,0.0007781033675582131
daily_2644t_risk_on_ridge,410,,FAILED,0.14503314081249857,0.7580705178073306,5.548636395717314e-05
daily_2644t_risk_on_ridge,411,,FAILED,0.12755143166994107,0.000753987822321214,0.0012699300522917133
daily_2644t_risk_on_ridge,412,,FAILED,0.06450246361221597,5.217060892935987,0.02903458211580835
daily_2644t_risk_on_ridge,413,,FAILED,0.10814269103802188,0.00023630834951337496,0.0009147643864535908
daily_2644t_risk_on_ridge,414,,FAILED,0.49965819537752326,0.0004515862124072725,0.003041379436676996
daily_2644t_risk_on_ridge,415,,FAILED,0.22917192804341804,0.005063315111531837,0.00012609715820226654
daily_2644t_risk_on_ridge,416,,FAILED,0.1750543160537151,1.0304815826074565,0.0015639834783852458
daily_2644t_risk_on_ridge,417,,FAILED,0.2410176137050199,0.006659285205976349,0.034784352204208085
daily_2644t_risk_on_ridge,418,,FAILED,0.08067519653415098,0.05042451227109929,0.0005789318702010802
daily_2644t_risk_on_ridge,419,,FAILED,0.14270803465164095,0.00014132158259684907,0.021260455997156463
daily_2644t_risk_on_ridge,420,,FAILED,0.10129138983506898,0.012274052300444656,0.001800403453570192
daily_2644t_risk_on_ridge,421,,FAILED,0.19271666255874345,0.001803081869760309,0.0002714712484036843
daily_2644t_risk_on_ridge,422,,FAILED,0.3676035612702455,0.0009257506541248977,0.0010883210113675297
daily_2644t_risk_on_ridge,423,,FAILED,0.050855804375451494,0.025942419104616463,0.00043141357259259303
daily_2644t_risk_on_ridge,424,,FAILED,0.42863768190449575,0.27042840851594113,0.006511316831427098
daily_2644t_risk_on_ridge,425,,FAILED,0.2948431446005131,0.000307219057901684,0.00966901574912137
daily_2644t_risk_on_ridge,426,,FAILED,0.11963542948226588,0.0027518792321459063,9.248717619269034e-05
daily_2644t_risk_on_ridge,427,,FAILED,0.16697361422485912,0.03962880202320098,0.00018067394556184368
daily_2644t_risk_on_ridge,428,,FAILED,0.1541833964165748,0.015773064668863947,0.000659598486729168
daily_2644t_risk_on_ridge,429,,FAILED,0.12904549042526522,0.0013011085507237084,0.00014308976948854975
daily_2644t_risk_on_ridge,430,,FAILED,0.03390701957987741,0.03021117296254618,0.00019853851905760257
daily_2644t_risk_on_ridge,431,,FAILED,0.216512525049043,0.06430855649133214,0.013474108061355485
daily_2644t_risk_on_ridge,432,,FAILED,0.06710832949226515,0.022133848408315004,0.0003228823142868975
daily_2644t_risk_on_ridge,433,,FAILED,0.01591074215916677,0.00020109118587321694,0.0021511005740910373
daily_2644t_risk_on_ridge,434,,FAILED,0.11581718762456147,0.32828170202379653,0.00011092363601371014
daily_2644t_risk_on_ridge,435,,FAILED,0.007569774164999793,6.2793563337302345,0.00038639046966176084
daily_2644t_risk_on_ridge,436,,FAILED,0.05683874946854894,0.007575528639552986,0.0014125691681171357
daily_2644t_risk_on_ridge,437,,FAILED,0.13986481631971048,0.0046746264085805464,0.0011775166885333018
daily_2644t_risk_on_ridge,438,,FAILED,0.4451294922919342,0.0005529934899352125,0.00016441313971166848
daily_2644t_risk_on_ridge,439,,FAILED,0.17959942492262287,0.00011316487464729493,6.166532691324914e-05
daily_2644t_risk_on_ridge,440,,FAILED,0.025507494965907394,0.00042423156056715765,0.0045311360548984094
daily_2644t_risk_on_ridge,441,,FAILED,0.09070968617959067,0.00379419887551144,0.000526908601353001
daily_2644t_risk_on_ridge,442,,FAILED,0.202020982475595,1.7170504032947689,0.0026531718108357065
daily_2644t_risk_on_ridge,443,,FAILED,0.16095855331435888,0.0015231237020536044,0.000984501070841805
daily_2644t_risk_on_ridge,444,,FAILED,0.30594546857278265,3.832941899920631,0.00022655524362812587
daily_2644t_risk_on_ridge,445,,FAILED,0.3323098714060135,0.0010025774828060754,0.0004746856318476186
daily_2644t_risk_on_ridge,446,,FAILED,0.1500685673812109,0.13603761385204954,0.04545552258095773
daily_2644t_risk_on_ridge,447,,FAILED,0.07492479853276648,0.0021862384576283264,7.417750653504745e-05
daily_2644t_risk_on_ridge,448,,FAILED,0.043272893737930404,0.0007463850349926227,0.00026677219205364564
daily_2644t_risk_on_ridge,449,,FAILED,0.24730457400747996,0.5004971177989398,0.0007710038822338617
daily_2644t_risk_on_ridge,450,,FAILED,0.13408439535614144,0.1907976807862439,0.007178875911953402
daily_2644t_risk_on_ridge,451,,FAILED,0.2844581523203702,0.00016232701596580857,0.005639052627569459
daily_2644t_risk_on_ridge,452,,FAILED,0.46970311866863973,0.01719554173698302,0.0015904922458758323
daily_2644t_risk_on_ridge,453,,FAILED,0.1072829265800061,0.010135173334475956,9.30942919842752e-05
daily_2644t_risk_on_ridge,454,,FAILED,0.22650666142699277,0.0003216410658826434,0.00011993311005275717
daily_2644t_risk_on_ridge,455,,FAILED,0.08362800028263809,0.0030517822309446873,0.001841505338667916
daily_2644t_risk_on_ridge,456,,FAILED,0.09836925658258856,0.6467483873557857,0.00033660419013672793
daily_2644t_risk_on_ridge,457,,FAILED,0.2764027630035828,0.0369326236622028,0.01798153413660952
daily_2644t_risk_on_ridge,458,,FAILED,0.12520942492958784,0.0002574732784269181,0.0013123173012715
daily_2644t_risk_on_ridge,459,,FAILED,0.19422585214072713,0.0064882874900621754,0.00326209098021524
daily_2644t_risk_on_ridge,460,,FAILED,0.0626724446486075,0.11419869531744878,0.00014803045997968233
daily_2644t_risk_on_ridge,461,,FAILED,0.2109642960878371,0.0012342899297877144,5.696437324836912e-05
daily_2644t_risk_on_ridge,462,,FAILED,0.16704075369540855,0.0018480492921414673,0.0002004480979130509
daily_2644t_risk_on_ridge,463,,FAILED,0.3825069396251859,0.01351383679143273,0.007997238387453792
daily_2644t_risk_on_ridge,464,,FAILED,0.1834345867031171,8.100225608064397,0.010866120057398216
daily_2644t_risk_on_ridge,465,,FAILED,0.14300443731012655,0.0005207297671190878,0.0004115139668123807
daily_2644t_risk_on_ridge,466,,FAILED,0.23524827529337639,0.059233708813170714,0.0006856952917236324
daily_2644t_risk_on_ridge,467,,FAILED,0.15153889212355415,0.00037839196837305715,0.003798499112017395
daily_2644t_risk_on_ridge,468,,FAILED,0.0004635532693008258,0.04538410023522948,5.035615664331346e-05
daily_2644t_risk_on_ridge,469,,FAILED,0.2628112395977138,0.0006237606166668268,8.443428292525011e-05
daily_2644t_risk_on_ridge,470,,FAILED,0.11751100754209581,0.0293469686237193,0.0010904182752228767
daily_2644t_risk_on_ridge,471,,FAILED,0.07116796800204112,0.008219793665499372,0.02702321218232489
daily_2644t_risk_on_ridge,472,,FAILED,0.3523174827136041,0.00022022444079216577,0.0004569679222610687
daily_2644t_risk_on_ridge,473,,FAILED,0.024451805222033,0.08836994648180752,0.00028848469297983973
daily_2644t_risk_on_ridge,474,,FAILED,0.41812336334023337,0.001000605961252938,0.0005931788608367687
daily_2644t_risk_on_ridge,475,,FAILED,0.31989365142410275,0.019765793995094545,0.000884126372129365
daily_2644t_risk_on_ridge,476,,FAILED,0.05142413806490871,0.004558295293393754,0.01493051073492078
daily_2644t_risk_on_ridge,477,,FAILED,0.1337323728710504,2.9504158381988237,6.642212240316468e-05
daily_2644t_risk_on_ridge,478,,FAILED,0.15989107424683902,0.00014176163437202487,0.00013382104370976877
daily_2644t_risk_on_ridge,479,,FAILED,0.0893574739039612,0.001431008920933636,0.0001654118155829724
daily_2644t_risk_on_ridge,480,,FAILED,0.039534409629229175,0.2239599368316886,0.00023950926564033427
daily_2644t_risk_on_ridge,481,,FAILED,0.1723156243603598,0.4163671500231011,0.0014811966097240097
daily_2644t_risk_on_ridge,482,,FAILED,0.07743917114355311,0.00010285534300364672,0.00010355294486693807
daily_2644t_risk_on_ridge,483,,FAILED,0.1392609441636526,0.002219797087086222,0.023911109637606866
daily_2644t_risk_on_ridge,484,,FAILED,0.22138409773252188,0.0001883973837269434,0.0003731061873171324
daily_2644t_risk_on_ridge,485,,FAILED,0.10916278455973555,0.0008382573618693923,0.0020011147035938763
daily_2644t_risk_on_ridge,486,,FAILED,0.015162366850284678,0.012622834349087316,0.03912605209781373
daily_2644t_risk_on_ridge,487,,FAILED,0.0601184500313158,0.003522212621690229,0.002504537572784603
daily_2644t_risk_on_ridge,488,,FAILED,0.20772943132506114,1.3384567931197364,0.004928817032217861
daily_2644t_risk_on_ridge,489,,FAILED,0.2552205960744482,0.024418901488200997,0.0002040249562066617
daily_2644t_risk_on_ridge,490,,FAILED,0.15365743023539766,0.0003338094379293528,0.0012283938179047332
daily_2644t_risk_on_ridge,491,,FAILED,0.12658072985642846,0.009546004937615794,0.009300960619292288
daily_2644t_risk_on_ridge,492,,FAILED,0.09705019611590274,2.1393365642109035,7.568033180012941e-05
daily_2644t_risk_on_ridge,493,,FAILED,0.1951184091516916,0.005734046738894931,0.0005418443706760025
daily_2644t_risk_on_ridge,494,,FAILED,0.39336586772748183,0.9139828522683352,0.03099057007480705
daily_2644t_risk_on_ridge,495,,FAILED,0.31052396637723073,0.0015368596895289635,0.0017765151114598685
daily_2644t_risk_on_ridge,496,,FAILED,0.2389453919666636,0.00044137089900899714,0.0001312598438262345
daily_2644t_risk_on_ridge,497,,FAILED,0.29606986199576335,0.0011490477931938715,0.00018446073853513935
daily_2644t_risk_on_ridge,498,,FAILED,0.456599799813068,0.0028651571362349497,0.0009636659845001817
daily_2644t_risk_on_ridge,499,,FAILED,0.18232222625734065,0.04690509586606528,0.00030271789114359043
daily_2644t_risk_on_ridge,500,,FAILED,0.4355606116604919,0.0002771415941367236,0.04944444027617528
daily_2644t_risk_on_ridge,501,,FAILED,0.03495947769986636,0.16227133331213892,0.0007340917747266235
daily_2644t_risk_on_ridge,502,,FAILED,0.08309104735110891,0.07175385742790467,0.006284760349794884
daily_2644t_risk_on_ridge,503,,FAILED,0.1431397056456274,0.000632346426453002,0.00015579613413583656
daily_2644t_risk_on_ridge,504,,FAILED,0.0667180333118245,0.015371671736480498,0.011907851509412126
daily_2644t_risk_on_ridge,505,,FAILED,0.12514282246482106,0.002448564494858115,0.00046385450416951623
daily_2644t_risk_on_ridge,506,,FAILED,0.04973026762930978,0.0017691765099831943,0.003028396900164353
daily_2644t_risk_on_ridge,507,,FAILED,0.007435158683222275,0.00013329907160424619,0.0014922006877995456
daily_2644t_risk_on_ridge,508,,FAILED,0.2718263556960714,0.00021269774206601882,0.0021060708625856555
daily_2644t_risk_on_ridge,509,,FAILED,0.49103061258014163,0.005414195770537138,0.00010785554260712356
daily_2644t_risk_on_ridge,510,,FAILED,0.15255857414827317,0.020993327887817888,0.00036503612718328165
daily_2644t_risk_on_ridge,511,,FAILED,0.16676771909344837,0.004300470754297822,0.0002559156400922656
daily_2644t_risk_on_ridge,512,,FAILED,0.11757883335401428,0.03351227422485476,0.0010936680238401665
daily_2644t_risk_on_ridge,513,,FAILED,0.2182635740803111,0.0004974153169213908,6.494175235711128e-05
daily_2644t_risk_on_ridge,514,,FAILED,0.1355325941363014,0.0008768720519887402,0.0006293058752644239
daily_2644t_risk_on_ridge,515,,FAILED,0.10862820975966025,0.05612206991459698,0.008354716228420168
daily_2644t_risk_on_ridge,516,,FAILED,0.360774534107392,0.3299376950188509,0.020237206069797283
daily_2644t_risk_on_ridge,517,,FAILED,0.07811641933665217,0.007106737076107502,0.00021372395868039275
daily_2644t_risk_on_ridge,518,,FAILED,0.10149695057911713,0.0012084142710416372,5.686340370804007e-05
daily_2644t_risk_on_ridge,519,,FAILED,0.22939140398303207,0.0035316279013538013,0.0012822176720105108
daily_2644t_risk_on_ridge,520,,FAILED,0.37053428753576784,0.042109132677466965,0.00016805413909113333
daily_2644t_risk_on_ridge,521,,FAILED,0.40440176212627166,0.0003836772817345404,0.00011701753966077079
daily_2644t_risk_on_ridge,522,,FAILED,0.18912700673156663,0.01066494191802903,0.03485465908202348
daily_2644t_risk_on_ridge,523,,FAILED,0.02191747632406152,0.0002583794150916677,0.002730695620415286
daily_2644t_risk_on_ridge,524,,FAILED,0.16063834026959317,0.0007589655084997806,0.0042588135832188154
daily_2644t_risk_on_ridge,525,,FAILED,0.2031645785642615,0.10566710979841396,0.00042672317538883404
daily_2644t_risk_on_ridge,526,,FAILED,0.24876302762647448,1.1484958998711916,0.00031673681739026027
daily_2644t_risk_on_ridge,527,,FAILED,0.14573323383248282,0.6184619666771277,0.0016986906500351111
daily_2644t_risk_on_ridge,528,,FAILED,0.32619538437212975,0.017593977366026015,9.233846704533936e-05
daily_2644t_risk_on_ridge,529,,FAILED,0.34397320107894536,0.00015629610587806713,0.0001340934148402203
daily_2644t_risk_on_ridge,530,,FAILED,0.06576304868491689,0.0283186109860386,0.0008178114727545559
daily_2644t_risk_on_ridge,531,,FAILED,0.05491116434733786,0.0017677024985038206,0.0005051481643280574
daily_2644t_risk_on_ridge,532,,FAILED,0.17492495194506802,0.008080360306265076,7.702143937336149e-05
daily_2644t_risk_on_ridge,533,,FAILED,0.08568948100184029,0.00018546275273492155,0.0013696510018284746
daily_2644t_risk_on_ridge,534,,FAILED,0.13677200841146514,0.0010717161315653687,0.0010012497024096613
daily_2644t_risk_on_ridge,535,,FAILED,0.1285735386201877,0.002585975415131655,0.007132238455829268
daily_2644t_risk_on_ridge,536,,FAILED,0.11535061057237149,0.0006537403696387209,0.005543284093122735
daily_2644t_risk_on_ridge,537,,FAILED,0.2889975463076559,0.2676269216819829,0.002325824079361642
daily_2644t_risk_on_ridge,538,,FAILED,0.00012601825058951646,0.00035007731955428545,0.00014833345941303862
daily_2644t_risk_on_ridge,539,,FAILED,0.04110530758599924,0.012516160213212215,5.0340318734349226e-05
daily_2644t_risk_on_ridge,540,,FAILED,0.030750182644769704,0.0013544784043954974,0.010055942672006423
daily_2644t_risk_on_ridge,541,,FAILED,0.07224849484406648,0.03598710951620328,0.012719764308214343
daily_2644t_risk_on_ridge,542,,FAILED,0.08937600265784261,0.0005204947458914478,0.0034600171131842724
daily_2644t_risk_on_ridge,543,,FAILED,0.14819637423650744,3.3593789156502076,0.0003531892625419299
daily_2644t_risk_on_ridge,544,,FAILED,0.21304307577431558,0.08077257543393808,0.0002220117848295183
daily_2644t_risk_on_ridge,545,,FAILED,0.15772100234241412,4.881976077301691,0.00017831693048853757
daily_2644t_risk_on_ridge,546,,FAILED,0.2641147473656519,7.131297697076033,0.0431396698410662
daily_2644t_risk_on_ridge,547,,FAILED,0.3036874467571429,0.003969595082398262,0.0011758411546574478
daily_2644t_risk_on_ridge,548,,FAILED,0.012312989720112895,0.002037696191015047,0.0005529941298620682
daily_2644t_risk_on_ridge,549,,FAILED,0.16997065254816335,0.13358094492994882,0.0006951424700878494
daily_2644t_risk_on_ridge,550,,FAILED,0.10194869537320266,0.0001353509121054573,0.0016039790379789895
daily_2644t_risk_on_ridge,551,,FAILED,0.19795074981274996,0.00610873995221642,0.00011906535348534687
daily_2644t_risk_on_ridge,552,,FAILED,0.47945855896922646,0.02238013281961464,0.0002915937273638988
daily_2644t_risk_on_ridge,553,,FAILED,0.0592606398038608,0.00010016449104741342,6.756067317983555e-05
daily_2644t_risk_on_ridge,554,,FAILED,0.1239822943111279,0.054322609977755176,0.000915553443253252
daily_2644t_risk_on_ridge,555,,FAILED,0.1858430397703775,0.0008883901636585631,0.0003974539868585461
daily_2644t_risk_on_ridge,556,,FAILED,0.23043267418031532,0.0003059792189409531,0.0001012333649188777
daily_2644t_risk_on_ridge,557,,FAILED,0.13603311901760762,0.009504679738189588,0.00026350180405241495
daily_2644t_risk_on_ridge,558,,FAILED,0.07626693280422692,0.005090851614545008,0.001921020384767925
daily_2644t_risk_on_ridge,559,,FAILED,0.3341861383761738,0.40649282078514454,0.017061252803524173
daily_2644t_risk_on_ridge,560,,FAILED,0.04427683051780929,1.787719239415338,0.0004607707110187868
daily_2644t_risk_on_ridge,561,,FAILED,0.09199508842717136,0.003169086660495522,8.641155771666804e-05
daily_2644t_risk_on_ridge,562,,FAILED,0.21938969684040957,0.001506336208552448,0.0001752334181150004
daily_2644t_risk_on_ridge,563,,FAILED,0.15392480221485322,0.18903084195688,0.026433872363353338
daily_2644t_risk_on_ridge,564,,FAILED,0.02298012543309108,0.0004610202802448483,0.0011193676325377717
daily_2644t_risk_on_ridge,565,,FAILED,0.14535930696085647,0.7825599685410972,0.0006122704375420009
daily_2644t_risk_on_ridge,566,,FAILED,0.24446638364573778,2.6164532988639277,0.0038827841539240972
daily_2644t_risk_on_ridge,567,,FAILED,0.11400655523591521,0.027934307926337918,0.0013450839686008952
daily_2644t_risk_on_ridge,568,,FAILED,0.3171226414489219,0.0010596373028758173,0.0008264374975054371
daily_2644t_risk_on_ridge,569,,FAILED,0.20770426760950927,0.0002474962346595703,0.00024050394034989074
daily_2644t_risk_on_ridge,570,,FAILED,0.464213277482178,0.01652620260945301,0.00013315553341108888
daily_2644t_risk_on_ridge,571,,FAILED,0.16923096984989078,0.000707118817686904,6.02729623298311e-05
daily_2644t_risk_on_ridge,572,,FAILED,0.13186502016955742,0.0001688180953232672,0.00019298836900299166
daily_2644t_risk_on_ridge,573,,FAILED,0.06727939939191468,0.012251096465909583,0.03714075249704931
daily_2644t_risk_on_ridge,574,,FAILED,0.10079918323596154,0.07125076006565599,0.0001520751897048271
daily_2644t_risk_on_ridge,575,,FAILED,0.2766102532409906,0.043902894612101874,0.001629381750375543
daily_2644t_risk_on_ridge,576,,FAILED,0.05502441241440485,0.002427642774046045,0.0023549889359641787
daily_2644t_risk_on_ridge,577,,FAILED,0.011209448331987608,0.00021898749785588949,0.008687805209142143
daily_2644t_risk_on_ridge,578,,FAILED,0.4279469289124074,0.001781279113897348,0.02271631142386044
daily_2644t_risk_on_ridge,579,,FAILED,0.15816772848359845,0.007640043103001661,0.004983323241247273
daily_2644t_risk_on_ridge,580,,FAILED,0.12503372134297316,0.5237819000369789,0.014274005087023315
daily_2644t_risk_on_ridge,581,,FAILED,0.38386310653606415,0.004502556297493489,0.006448031157393594
daily_2644t_risk_on_ridge,582,,FAILED,0.03299980427114996,0.00035633285692986426,7.170179019663894e-05
daily_2644t_risk_on_ridge,583,,FAILED,0.07878132083630841,0.03359974750407033,0.00038836938254180206
daily_2644t_risk_on_ridge,584,,FAILED,0.18029097294836965,0.0010875765172229017,0.002790677724707709
daily_2644t_risk_on_ridge,585,,FAILED,0.44483896426239233,0.0005444724560178557,0.0003060193739894071
daily_2644t_risk_on_ridge,586,,FAILED,0.1430796214740626,0.00012493042875082636,0.0005124594664597964
daily_2644t_risk_on_ridge,587,,FAILED,0.35221988640510254,0.0012840526908730516,0.0002009493297455492
daily_2644t_risk_on_ridge,588,,FAILED,0.11480195956571429,9.588073818720655,0.00034619614086341024
daily_2644t_risk_on_ridge,589,,FAILED,0.23529498561557366,0.015121369115110098,0.0014833045333343378
daily_2644t_risk_on_ridge,590,,FAILED,0.1647222989828322,0.0033010975042867055,0.010335874214024486
daily_2644t_risk_on_ridge,591,,FAILED,0.22364806869078818,0.021850852279922374,0.0007155372962119725
daily_2644t_risk_on_ridge,592,,FAILED,0.19211439693733562,0.09448627487583747,8.174380995732603e-05
daily_2644t_risk_on_ridge,593,,FAILED,0.06950385311255186,0.223159402998067,5.8285706995450114e-05
daily_2644t_risk_on_ridge,594,,FAILED,0.08794347463410487,0.006049802778083771,0.0018648301086870698
daily_2644t_risk_on_ridge,595,,FAILED,0.047430778027391984,0.0006966877583453845,9.724567902181272e-05
daily_2644t_risk_on_ridge,596,,FAILED,0.13642075257060832,0.00040373697436925637,0.030154200581376543
daily_2644t_risk_on_ridge,597,,FAILED,0.20039177583259157,0.0008819276432053948,0.0001628529547306258
daily_2644t_risk_on_ridge,598,,FAILED,0.28788437308897297,0.00903803363665459,0.0009613804864034715
daily_2644t_risk_on_ridge,599,,FAILED,0.2534367261484561,0.06519426925004515,0.0012135530879395658
daily_2644t_risk_on_ridge,600,,FAILED,0.018175415250976733,0.000185682666071645,0.00043560373981394633
daily_2644t_risk_on_ridge,601,,FAILED,0.10601659185662879,0.0002996134887038111,0.002066975908674918
daily_2644t_risk_on_ridge,602,,FAILED,0.12276053876240611,0.04463765184710059,0.00011609264864844634
daily_2644t_risk_on_ridge,603,,FAILED,0.14908235747163792,0.16216304325155215,0.00022544867617846055
daily_2644t_risk_on_ridge,604,,FAILED,0.17414659215688885,0.0015933893617995686,0.0005764906161879351
daily_2644t_risk_on_ridge,605,,FAILED,0.4029295765286829,0.002053023196965782,0.007061534525145931
daily_2644t_risk_on_ridge,606,,FAILED,0.09412190381021207,0.029635202793625054,0.00013564647765850488
daily_2644t_risk_on_ridge,607,,FAILED,0.05278363512505197,0.01953269431579157,0.0008118822807825306
daily_2644t_risk_on_ridge,608,,FAILED,0.06348498019664406,0.9675740362681217,0.00026014854839244406
daily_2644t_risk_on_ridge,609,,FAILED,0.16006379913742474,5.6877159680274705,0.041374321157686016
daily_2644t_risk_on_ridge,610,,FAILED,0.21644858748273796,0.004915244591313847,0.0013797436963178353
daily_2644t_risk_on_ridge,611,,FAILED,0.3751198763155319,1.515790156387142,0.0044872162388992646
daily_2644t_risk_on_ridge,612,,FAILED,0.08140036758601853,0.3610880673632711,0.003459713202621312
daily_2644t_risk_on_ridge,613,,FAILED,0.1402993676964176,0.00284766759394739,0.00781662923978097
daily_2644t_risk_on_ridge,614,,FAILED,0.3043138925565594,0.00707094505768026,0.0003331005680360245
daily_2644t_risk_on_ridge,615,,FAILED,0.031462370081155176,0.013106393353822179,0.0016980237193816685
daily_2644t_risk_on_ridge,616,,FAILED,0.13087528923611538,2.098607448098621,0.0010749576978454608
daily_2644t_risk_on_ridge,617,,FAILED,0.24063239096775801,0.0005684406269972493,0.0004946952463306229
daily_2644t_risk_on_ridge,618,,FAILED,0.007927416283739476,3.6357579448276165,5.000831858078573e-05
daily_2644t_risk_on_ridge,619,,FAILED,0.17993706586591512,0.0002468361341149224,0.0001458587143428923
daily_2644t_risk_on_ridge,620,,FAILED,0.20838729393893612,0.0013141100613004943,0.00018402885445642178
daily_2644t_risk_on_ridge,621,,FAILED,0.41169754548622833,0.05368904358846765,6.996028241582605e-05
daily_2644t_risk_on_ridge,622,,FAILED,0.26290804766990616,0.0036033515018589002,0.012614610802864334
daily_2644t_risk_on_ridge,623,,FAILED,0.1104164613749366,0.03728579135282977,0.01793470260918234
daily_2644t_risk_on_ridge,624,,FAILED,0.15261621495814157,0.00015700109700181254,0.00039937770253045066
daily_2644t_risk_on_ridge,625,,FAILED,0.07339568735603241,0.00044945540935291054,0.00010464688067632683
daily_2644t_risk_on_ridge,626,,FAILED,0.05915913400415512,0.010850875681336747,0.0030517328000143787
daily_2644t_risk_on_ridge,627,,FAILED,0.1230448487868583,0.02569137366984341,0.000639964580742787
daily_2644t_risk_on_ridge,628,,FAILED,0.00022198518937694388,0.12872686272765227,0.002463238799764021
daily_2644t_risk_on_ridge,629,,FAILED,0.09222152226150461,0.0008817213082400724,8.353896044025462e-05
daily_2644t_risk_on_ridge,630,,FAILED,0.044602808787584027,0.00012205526765492159,0.0012583669266162279
daily_2644t_risk_on_ridge,631,,FAILED,0.02015257015219342,0.00031603011014967196,0.04835299462780808
daily_2644t_risk_on_ridge,632,,FAILED,0.1405955334104395,0.002550114067029759,0.00021342584615522016
daily_2644t_risk_on_ridge,633,,FAILED,0.33616888601430134,0.25450141411852134,0.011126515731716054
daily_2644t_risk_on_ridge,634,,FAILED,0.16234430374947956,0.003998068859630793,0.000163510511987954
daily_2644t_risk_on_ridge,635,,FAILED,0.2314970527726671,0.001066331733922516,0.00012141974175072987
daily_2644t_risk_on_ridge,636,,FAILED,0.3224703873537351,0.00020843371334216873,0.005759932209873142
daily_2644t_risk_on_ridge,637,,FAILED,0.19004988405674633,0.6696365516528777,0.00029146862451968035
daily_2644t_risk_on_ridge,638,,FAILED,0.10195082611186893,0.001547578886464914,0.0010017519761406474
daily_2644t_risk_on_ridge,639,,FAILED,0.08049305276047257,0.016261887383611572,0.0015231304160220767
daily_2644t_risk_on_ridge,640,,FAILED,0.14998934698087593,0.008654807978667496,0.0004274640691928739
daily_2644t_risk_on_ridge,641,,FAILED,0.13037095799938675,1.141220543376224,0.034562917517453294
daily_2644t_risk_on_ridge,642,,FAILED,0.11839683597927479,0.0007175941107571705,0.00217784376242486
daily_2644t_risk_on_ridge,643,,FAILED,0.20344528523792152,0.10242337633439906,5.914922444996674e-05
daily_2644t_risk_on_ridge,644,,FAILED,0.2758537676331014,4.439690674929274,0.0005337958013931577
daily_2644t_risk_on_ridge,645,,FAILED,0.16945765314208405,0.005660332400058559,0.0008861382123651122
daily_2644t_risk_on_ridge,646,,FAILED,0.06949395841705287,0.06870494947727886,0.0007027621136670045
daily_2644t_risk_on_ridge,647,,FAILED,0.21968409137003023,0.0019350580684893918,0.015548248089812177
daily_2644t_risk_on_ridge,648,,FAILED,0.35994547173750796,0.0004009313695718464,0.00035775989127495697
daily_2644t_risk_on_ridge,649,,FAILED,0.487772769820879,0.037951327191115415,0.009103937588673103
daily_2644t_risk_on_ridge,650,,FAILED,0.039509998977690926,0.023721197383578776,0.00018469798968055956
daily_2644t_risk_on_ridge,651,,FAILED,0.028026180916091818,0.0002778482269301707,0.0002342693273684032
daily_2644t_risk_on_ridge,652,,FAILED,0.393130139269506,0.0022410110596750585,0.00013868705905015617
daily_2644t_risk_on_ridge,653,,FAILED,0.14279840017961312,0.0005569265135353873,0.0018105284366039705
daily_2644t_risk_on_ridge,654,,FAILED,0.31195137440537185,0.0011822810599733846,9.645734929578015e-05
daily_2644t_risk_on_ridge,655,,FAILED,0.05820682237770889,0.00016957019776770062,0.0010892932448748297
daily_2644t_risk_on_ridge,656,,FAILED,0.29446313753355885,0.04871385763773001,0.022421303654723737
daily_2644t_risk_on_ridge,657,,FAILED,0.1800453794139681,0.006990057745615598,6.341707332194414e-05
daily_2644t_risk_on_ridge,658,,FAILED,0.15779879954244894,0.011295071749158773,0.0014148672744026284
daily_2644t_risk_on_ridge,659,,FAILED,0.2537742340470483,0.004218339524652445,0.003997877214622744
daily_2644t_risk_on_ridge,660,,FAILED,0.09659463253832755,0.003066646533911136,0.00015820991561782874
daily_2644t_risk_on_ridge,661,,FAILED,0.11212427711761114,0.29025884109357675,0.00011048554956978977
daily_2644t_risk_on_ridge,662,,FAILED,0.1322556258303912,0.00012096733228719304,0.00030989132115841596
daily_2644t_risk_on_ridge,663,,FAILED,0.013789225210487213,0.018789253065437262,0.008156442119125184
daily_2644t_risk_on_ridge,664,,FAILED,0.08215459054691644,0.0014695621033972567,0.0004728964502612123
daily_2644t_risk_on_ridge,665,,FAILED,0.21028867876900842,0.511997026272955,0.0005868274925619438
daily_2644t_risk_on_ridge,666,,FAILED,0.14999977944740497,0.0006919985883245038,0.00020130237510281428
daily_2644t_risk_on_ridge,667,,FAILED,0.3428675345040579,0.014308707833352238,0.0002661539052880505
daily_2644t_risk_on_ridge,668,,FAILED,0.1938879769137846,0.0009477658715015365,8.352182058091016e-05
daily_2644t_risk_on_ridge,669,,FAILED,0.05005601969689458,0.08244743349585425,0.0007608217795578262
daily_2644t_risk_on_ridge,670,,FAILED,0.4505361011732899,0.030923224764047515,0.005144594951813626
daily_2644t_risk_on_ridge,671,,FAILED,0.07124174553131637,0.0004487739293426556,0.00037069049986248074
daily_2644t_risk_on_ridge,672,,FAILED,0.12148396983743226,0.00022683692372413034,0.0016625072975974043
daily_2644t_risk_on_ridge,673,,FAILED,0.13276148326261242,0.0003499812805866224,0.0012149560358573374
daily_2644t_risk_on_ridge,674,,FAILED,0.24123559093370486,0.05942745474328632,0.026929126474400072
daily_2644t_risk_on_ridge,675,,FAILED,0.17147915859349147,0.0001042116009094715,0.0028283539807273717
daily_2644t_risk_on_ridge,676,,FAILED,0.43543921386195167,0.004933795341056793,0.00012773461764279965
daily_2644t_risk_on_ridge,677,,FAILED,0.08718059325126283,6.879260398216605,7.000264264382105e-05
daily_2644t_risk_on_ridge,678,,FAILED,0.4741305382627988,0.00854898440760243,0.00042215771985209866
daily_2644t_risk_on_ridge,679,,FAILED,0.2679026969315919,0.0008381052846214443,0.019895612322047646
daily_2644t_risk_on_ridge,680,,FAILED,0.10788630580715233,0.15228046368627324,5.412825522316475e-05
daily_2644t_risk_on_ridge,681,,FAILED,0.22669458971173112,0.865561044626552,0.006410883706265943
daily_2644t_risk_on_ridge,682,,FAILED,0.14377653755588596,0.0018448583826009542,0.0020584123515927223
daily_2644t_risk_on_ridge,683,,FAILED,0.06344454296180001,0.002500307962099079,0.031321086787007464
daily_2644t_risk_on_ridge,684,,FAILED,0.1645717703220639,0.4090058191592117,0.0009088423169142852
daily_2644t_risk_on_ridge,685,,FAILED,0.15495529322616497,0.00014494997207703409,0.04137680131373861
daily_2644t_risk_on_ridge,686,,FAILED,0.010047146983238385,0.0013845830553747551,0.00016836176906136305
daily_2644t_risk_on_ridge,687,,FAILED,0.4237552850091405,0.010657300447509902,0.01128077506166716
daily_2644t_risk_on_ridge,688,,FAILED,0.03657525503148809,2.83576129397949,0.00023584861189811582
daily_2644t_risk_on_ridge,689,,FAILED,0.19762329285773012,0.03774894043730407,0.0014247704941337937
daily_2644t_risk_on_ridge,690,,FAILED,0.1872182747367029,0.024803250569434315,0.0006430595394910073
daily_2644t_risk_on_ridge,691,,FAILED,0.09606641096860788,0.006267126921277706,0.013476757599647992
daily_2644t_risk_on_ridge,692,,FAILED,0.02511266987134741,0.21472123475764393,0.003220718447631762
daily_2644t_risk_on_ridge,693,,FAILED,0.0781583299083131,0.00028128430789974257,0.00014289867722081095
daily_2644t_risk_on_ridge,694,,FAILED,0.13686371594118477,0.0006049679879441745,0.002409081096935631
daily_2644t_risk_on_ridge,695,,FAILED,0.28593635152657604,0.01832056052053051,9.16091658728504e-05
daily_2644t_risk_on_ridge,696,,FAILED,0.12088947309915667,0.0011365571435396362,0.009491550421321918
daily_2644t_risk_on_ridge,697,,FAILED,0.0502591608895595,0.003855406909652102,0.0003449660837585788
daily_2644t_risk_on_ridge,698,,FAILED,0.2173392593143807,0.11618743416267169,0.0011151330152473196
daily_2644t_risk_on_ridge,699,,FAILED,0.06348867159062979,0.00019849213869160368,0.00020367711960247987
daily_2644t_risk_on_ridge,700,,FAILED,0.3270301540455254,1.3467573216065092,7.711158734514543e-05
daily_2644t_risk_on_ridge,701,,FAILED,0.17494397828446429,0.00048088612999565755,0.0004939147485130468
daily_2644t_risk_on_ridge,702,,FAILED,0.0011337977219701588,0.0292877544368999,0.00011569319382042307
daily_2644t_risk_on_ridge,703,,FAILED,0.14994924244095412,0.00038939496794731165,0.0072613852738199185
daily_2644t_risk_on_ridge,704,,FAILED,0.10186376712016684,0.04174348190182717,0.0012910372873239505
daily_2644t_risk_on_ridge,705,,FAILED,0.12637225637464386,9.974550913762045,0.00027960450035676874
daily_2644t_risk_on_ridge,706,,FAILED,0.249585823673933,0.00326843202678616,0.0001747906325579429
daily_2644t_risk_on_ridge,707,,FAILED,0.2307992869133646,0.0021406390504477694,0.0016279705406155478
daily_2644t_risk_on_ridge,708,,FAILED,0.20628791010072628,0.012704663173540721,0.00443401210384841
daily_2644t_risk_on_ridge,709,,FAILED,0.07393252425673598,0.0008949568919172431,0.0018284257302158932
daily_2644t_risk_on_ridge,710,,FAILED,0.3004564521119341,0.0017258260545590259,0.003788673457980105
daily_2644t_risk_on_ridge,711,,FAILED,0.11278527310843363,0.0003156807096008636,0.0005385877884170091
daily_2644t_risk_on_ridge,712,,FAILED,0.14097621447810205,0.051822188576073326,0.0008052554735050224
daily_2644t_risk_on_ridge,713,,FAILED,0.15837250839510825,0.0057543002906612194,5.826266542257784e-05
daily_2644t_risk_on_ridge,714,,FAILED,0.016800756867195746,0.0012509745073755515,0.00014349460011714332
daily_2644t_risk_on_ridge,715,,FAILED,0.0399251192681648,0.0002459700508833543,0.0004546331879685451
daily_2644t_risk_on_ridge,716,,FAILED,0.1821086003788601,0.009122153193323598,0.0003978059668196403
daily_2644t_risk_on_ridge,717,,FAILED,0.058407066139193164,2.2989729066734634,0.0003210409666525676
daily_2644t_risk_on_ridge,718,,FAILED,0.08775369426838553,0.0001390638193218551,0.00010224735174616926
daily_2644t_risk_on_ridge,719,,FAILED,0.13186384987650987,0.02098947270686083,0.000915114816548346
daily_2644t_risk_on_ridge,720,,FAILED,0.36914490065658434,0.07629500336676219,0.00025024866260492124
daily_2644t_risk_on_ridge,721,,FAILED,0.14645677464732204,0.015114305568048327,0.005925509182178367
daily_2644t_risk_on_ridge,722,,FAILED,0.3497148286786559,0.0001735194692879679,0.0010245730658541346
daily_2644t_risk_on_ridge,723,,FAILED,0.1648912440334878,1.7367745017860652,0.0026897138647974136
daily_2644t_risk_on_ridge,724,,FAILED,0.2621346910077567,0.0028407373855214705,0.0007143208797568265
daily_2644t_risk_on_ridge,725,,FAILED,0.21858767084646938,0.0006118218560324683,0.035514725380838594
daily_2644t_risk_on_ridge,726,,FAILED,0.0295568913638306,0.0010258642522869852,6.693605164050704e-05
daily_2644t_risk_on_ridge,727,,FAILED,0.31265120800997653,0.00010075569703128978,0.024433539805304945
daily_2644t_risk_on_ridge,728,,FAILED,0.38745981837818233,0.00456439538573875,0.0020816305710569033
daily_2644t_risk_on_ridge,729,,FAILED,0.11910900200398106,3.9841487777863986,5.017473683540475e-05
daily_2644t_risk_on_ridge,730,,FAILED,0.2387353349525749,0.3286547066372135,0.00021993691464413593
daily_2644t_risk_on_ridge,731,,FAILED,0.1998323630624544,0.5919176287407559,0.0015083319812553458
daily_2644t_risk_on_ridge,732,,FAILED,0.2792100478125919,0.0007361043657972339,0.04422138991740591
daily_2644t_risk_on_ridge,733,,FAILED,0.06898801567162377,0.0014573084146010111,0.00015874575014303041
daily_2644t_risk_on_ridge,734,,FAILED,0.092142719255427,0.1862785534407714,0.00012024347706349794
daily_2644t_risk_on_ridge,735,,FAILED,0.4629210386041192,0.00819411335069665,0.0011918079143989275
daily_2644t_risk_on_ridge,736,,FAILED,0.051132742832971256,0.0004835100165516177,0.0006069610721262652
daily_2644t_risk_on_ridge,737,,FAILED,0.10569310297373836,0.09085644789819458,0.0497735474528674
daily_2644t_risk_on_ridge,738,,FAILED,0.13839306234780685,0.0003505695265292994,0.00018073212789044372
daily_2644t_risk_on_ridge,739,,FAILED,0.16209649868437537,0.00021891670819553581,0.008407942422155564
daily_2644t_risk_on_ridge,740,,FAILED,0.08250835596709517,0.03214963674178832,0.017299241965988952
daily_2644t_risk_on_ridge,741,,FAILED,0.1528154769132254,0.054613304316385315,0.010101034316287557
daily_2644t_risk_on_ridge,742,,FAILED,0.41773866145123745,0.0018537867818429214,0.00020289150826148088
daily_2644t_risk_on_ridge,743,,FAILED,0.00990065800082937,0.007248475548570022,0.00037947328092733426
daily_2644t_risk_on_ridge,744,,FAILED,0.17323498532908482,0.0036133153397200223,0.0051044908487358365
daily_2644t_risk_on_ridge,745,,FAILED,0.21143202827628474,0.025188383719263664,7.450444967038913e-05
daily_2644t_risk_on_ridge,746,,FAILED,0.1275592216134216,0.010736060065924917,0.001371916029906998
daily_2644t_risk_on_ridge,747,,FAILED,0.4949646423757169,5.3308820563938575,9.089201684688624e-05
daily_2644t_risk_on_ridge,748,,FAILED,0.18646223006255186,0.0051685848166948874,0.0018063137312929315
daily_2644t_risk_on_ridge,749,,FAILED,0.13969811683943714,0.7418382805366215,0.00013258708818274408
daily_2644t_risk_on_ridge,750,,FAILED,0.22579639006199373,0.04250909607356517,0.00027725690011416216
daily_2644t_risk_on_ridge,751,,FAILED,0.11305537270915589,0.0008269809820274439,0.00044438029840835626
daily_2644t_risk_on_ridge,752,,FAILED,0.021328180573946188,0.019312317105549266,0.003386346582348186
daily_2644t_risk_on_ridge,753,,FAILED,0.07598902436840474,0.1341531205187654,0.01508708858613509
daily_2644t_risk_on_ridge,754,,FAILED,0.059664205614125644,0.0001563635106537534,0.012053831605875646
daily_2644t_risk_on_ridge,755,,FAILED,0.4008980625286516,0.014209428524341214,0.006968956578286365
daily_2644t_risk_on_ridge,756,,FAILED,0.24547396656604345,0.000279333454770951,0.0010350009213295768
daily_2644t_risk_on_ridge,757,,FAILED,0.09987174520004398,0.001149106003517984,0.00034028458113840167
daily_2644t_risk_on_ridge,758,,FAILED,0.04831127904219572,1.0793678926266785,0.029843927160187137
daily_2644t_risk_on_ridge,759,,FAILED,0.1296475894539907,0.002502474404041251,0.0007887923013553159
daily_2644t_risk_on_ridge,760,,FAILED,0.1450871176120747,0.00043192022957646767,0.002262403255016075
daily_2644t_risk_on_ridge,761,,FAILED,0.06771180840035065,0.4565107739877395,0.00015859540468840226
daily_2644t_risk_on_ridge,762,,FAILED,0.15565739737082074,0.2604327317473672,0.0005662674916401054
daily_2644t_risk_on_ridge,763,,FAILED,0.32969965439866245,0.0013538672222513598,6.41632306090012e-05
daily_2644t_risk_on_ridge,764,,FAILED,0.19442795971774465,0.0005750721812658281,0.0012489555450139332
daily_2644t_risk_on_ridge,765,,FAILED,0.12185373323247663,0.03174793018694514,0.0015907850215581972
daily_2644t_risk_on_ridge,766,,FAILED,0.04010979193546986,0.0022037332729997017,0.00011244831453431104
daily_2644t_risk_on_ridge,767,,FAILED,0.0839896743597312,0.00019872730660180438,0.00019572548764685505
daily_2644t_risk_on_ridge,768,,FAILED,0.17952656542583148,0.00012491832111745794,0.0006626681656494945
daily_2644t_risk_on_ridge,769,,FAILED,0.29343652687389316,0.060926483736523984,8.095440042267088e-05
daily_2644t_risk_on_ridge,770,,FAILED,0.256628878058013,7.51080875142262,0.0004923852017435071
daily_2644t_risk_on_ridge,771,,FAILED,0.08995643336333198,0.0031952334417317736,0.0002987347552298715
daily_2644t_risk_on_ridge,772,,FAILED,0.16426697468721907,0.005680399912487807,0.00022895961071180997
daily_2644t_risk_on_ridge,773,,FAILED,0.005113980236772768,0.0015368359019274508,0.03727275640028879
daily_2644t_risk_on_ridge,774,,FAILED,0.20984427748542556,0.0007582807370334671,5.712423998085434e-05
daily_2644t_risk_on_ridge,775,,FAILED,0.27009949641410036,0.0003614657185997927,0.019855940211285762
daily_2644t_risk_on_ridge,776,,FAILED,0.10830382294748687,0.0010030955933622017,0.0009043500340108304
daily_2644t_risk_on_ridge,777,,FAILED,0.31880160781923467,0.0040137925741351495,0.00267787902150446
daily_2644t_risk_on_ridge,778,,FAILED,0.2340047407202223,0.010520494140137268,0.0003940004670321032
daily_2644t_risk_on_ridge,779,,FAILED,0.36282009205090604,0.0002784496572182658,0.001992824205269529
daily_2644t_risk_on_ridge,780,,FAILED,0.028990601781132528,0.022166547919036016,0.00013372750439240942
daily_2644t_risk_on_ridge,781,,FAILED,0.13530299688970432,0.09859158533407132,0.0010936518039620668
daily_2644t_risk_on_ridge,782,,FAILED,0.15167219385068775,0.00018582916626655072,0.0001050088547624066
daily_2644t_risk_on_ridge,783,,FAILED,0.01823750575813945,0.038561145543583426,0.0001655876218832567
daily_2644t_risk_on_ridge,784,,FAILED,0.2218704566345559,0.006782438406284536,0.00797361929540869
daily_2644t_risk_on_ridge,785,,FAILED,0.3430873192733469,0.0018528293331003937,0.0015667240091150811
daily_2644t_risk_on_ridge,786,,FAILED,0.3801167468252428,0.012642507716408144,0.005679107542475207
daily_2644t_risk_on_ridge,787,,FAILED,0.07608153639742825,0.017177187547653454,0.0030386732641719673
daily_2644t_risk_on_ridge,788,,FAILED,0.059130602744331816,2.8398319977985347,0.0002502515398902395
daily_2644t_risk_on_ridge,789,,FAILED,0.098503009307449,0.0005084518794092894,0.00034079878475494106
daily_2644t_risk_on_ridge,790,,FAILED,0.12144852252754781,0.0008924993709345443,0.003870107907435742
daily_2644t_risk_on_ridge,791,,FAILED,0.16856953271832936,0.004546192149596534,0.0012228993157841319
daily_2644t_risk_on_ridge,792,,FAILED,1.731623937253554e-05,0.07797602026467036,9.619147639360587e-05
daily_2644t_risk_on_ridge,793,,FAILED,0.14069109049078377,0.1665592030042107,0.004504277596645013
daily_2644t_risk_on_ridge,794,,FAILED,0.04162398759491895,0.0012641060313266536,0.0001809163678800387
daily_2644t_risk_on_ridge,795,,FAILED,0.12947018122258713,0.0030543920596046363,0.0013720373558597121
daily_2644t_risk_on_ridge,796,,FAILED,0.30128956561053966,0.0006580377243959577,0.0005163534778130934
daily_2644t_risk_on_ridge,797,,FAILED,0.06686505471729598,0.04609404892869678,0.010660926722715795
daily_2644t_risk_on_ridge,798,,FAILED,0.1975778884447622,0.008498953926211,0.0007959461540876985
daily_2644t_risk_on_ridge,799,,FAILED,0.4525472239637105,0.027253672873302486,0.00015163737862535184
daily_2644t_risk_on_ridge,800,,FAILED,0.15360339550517513,0.36308922816767736,0.02478047085334981
daily_2644t_risk_on_ridge,801,,FAILED,0.2039718118400553,2.1481666737909926,0.00012552503099083165
daily_2644t_risk_on_ridge,802,,FAILED,0.28477441126792846,1.33869458218565,0.00042368961412510807
daily_2644t_risk_on_ridge,803,,FAILED,0.11735637007910517,0.00013201371021766183,0.0017965855630551104
daily_2644t_risk_on_ridge,804,,FAILED,0.4783031453548908,0.0002240041125439609,7.089891858666729e-05
daily_2644t_risk_on_ridge,805,,FAILED,0.18644688200462203,0.0003990028669950924,0.0009942339250231923
daily_2644t_risk_on_ridge,806,,FAILED,0.17460689043049055,0.0024333870314616392,0.009120318827549741
daily_2644t_risk_on_ridge,807,,FAILED,0.08035582185344245,0.00033025399664454974,0.00030909603244431885
daily_2644t_risk_on_ridge,808,,FAILED,0.05317614669947849,0.014970920760338294,0.03242541544461478
daily_2644t_risk_on_ridge,809,,FAILED,0.15807945298704087,0.0011102892325949886,0.01381280259990814
daily_2644t_risk_on_ridge,810,,FAILED,0.09022075549536888,0.12104769694984123,6.110895737185674e-05
daily_2644t_risk_on_ridge,811,,FAILED,0.4375196237953911,0.0017480261991918808,0.0005804462866577676
daily_2644t_risk_on_ridge,812,,FAILED,0.14342355772317855,0.22335294364570868,0.002459922828263012
daily_2644t_risk_on_ridge,813,,FAILED,0.2247008346113475,0.06458452544444525,0.00022081321753714467
daily_2644t_risk_on_ridge,814,,FAILED,0.033124443530771874,0.0002599274507407775,8.902144166159765e-05
daily_2644t_risk_on_ridge,815,,FAILED,0.24526839954954727,0.004993625384754769,0.04094132427602692
daily_2644t_risk_on_ridge,816,,FAILED,0.10649959552548191,0.6222486302395218,0.00018801577364188716
daily_2644t_risk_on_ridge,817,,FAILED,0.015545917838444816,0.00016353679382692408,5.063248225432782e-05
daily_2644t_risk_on_ridge,818,,FAILED,0.13516397906310773,0.8346199305832931,0.00014562080120928794
daily_2644t_risk_on_ridge,819,,FAILED,0.07481524429524032,0.006646008972317882,0.0007045765203788711
daily_2644t_risk_on_ridge,820,,FAILED,0.21185562834228772,0.03475508794383061,0.006244416880414145
daily_2644t_risk_on_ridge,821,,FAILED,0.14659338734346314,0.0005635173967535759,0.0013953666817634184
daily_2644t_risk_on_ridge,822,,FAILED,0.41216774327358646,0.0014774530265034397,0.0003906363948688849
daily_2644t_risk_on_ridge,823,,FAILED,0.12615341503266672,0.04805357026296876,0.00048244949077393996
daily_2644t_risk_on_ridge,824,,FAILED,0.2351521227716871,0.010216167239681452,0.0002621544972585563
daily_2644t_risk_on_ridge,825,,FAILED,0.06113334219232752,0.002890463396955661,0.0008962144024053027
daily_2644t_risk_on_ridge,826,,FAILED,0.09463145416054851,0.023346050618214976,0.00206110718330351
daily_2644t_risk_on_ridge,827,,FAILED,0.1684737431752301,0.0007343511044047221,0.007259400903493515
daily_2644t_risk_on_ridge,828,,FAILED,0.11387702183666326,3.4205105454333657,0.00011619218712846068
daily_2644t_risk_on_ridge,829,,FAILED,0.3529711942784667,0.0009070609252382091,0.0011222889882416427
daily_2644t_risk_on_ridge,830,,FAILED,0.259747288542603,0.004082130970913264,8.01250383322888e-05
daily_2644t_risk_on_ridge,831,,FAILED,0.04428309356424884,0.002122846328073976,0.001502741574493291
daily_2644t_risk_on_ridge,832,,FAILED,0.16277309358335865,0.017797581826512945,0.004923400093159665
daily_2644t_risk_on_ridge,833,,FAILED,0.020901622248250033,4.542417842363049,0.0006218142348153035
daily_2644t_risk_on_ridge,834,,FAILED,0.06808202196511612,6.267124597925927,0.02826102501429291
daily_2644t_risk_on_ridge,835,,FAILED,0.18966326831586275,0.4820743376038697,0.0003496931442566101
daily_2644t_risk_on_ridge,836,,FAILED,0.33731105280386486,0.0011690304583635133,0.0017405303837114416
daily_2644t_risk_on_ridge,837,,FAILED,0.2723254910635982,0.00010535002916118016,0.00042976045581326377
daily_2644t_risk_on_ridge,838,,FAILED,0.3075464916495064,0.0004087320585915025,0.02180244206058423
daily_2644t_risk_on_ridge,839,,FAILED,0.1492122244050775,0.012734340268473435,0.0035087954048672525
daily_2644t_risk_on_ridge,840,,FAILED,0.008442408527490935,0.008223808467566748,0.0002055860861280859
daily_2644t_risk_on_ridge,841,,FAILED,0.12965059243390062,1.6778680561446753,5.716787704661398e-05
daily_2644t_risk_on_ridge,842,,FAILED,0.08519397582999791,0.0002249625415897407,0.00016925407287772862
daily_2644t_risk_on_ridge,843,,FAILED,0.3718581983577973,0.0001597396317652199,0.00014873384825086464
daily_2644t_risk_on_ridge,844,,FAILED,0.10540447549677684,0.02959534906275793,0.00029537286455607345
daily_2644t_risk_on_ridge,845,,FAILED,0.21653864014662916,0.16736092550214485,0.0001053083269498146
daily_2644t_risk_on_ridge,846,,FAILED,0.2021635728995206,0.28781623950344604,0.0023376074885715884
daily_2644t_risk_on_ridge,847,,FAILED,0.1362349657417824,0.0004907395168782927,0.00012662594096238586
daily_2644t_risk_on_ridge,848,,FAILED,0.032255944991344494,0.05994337831074574,0.0005444335701653251
daily_2644t_risk_on_ridge,849,,FAILED,0.46777218523554837,0.0003134273427958565,0.04955283026596623
daily_2644t_risk_on_ridge,850,,FAILED,0.1777089492848147,0.006431812245389231,0.01683926503535958
daily_2644t_risk_on_ridge,851,,FAILED,0.31962047385356596,0.0034243752376530378,0.009115866142099126
daily_2644t_risk_on_ridge,852,,FAILED,0.05567064000579813,0.0017472164938090605,0.012561317839718117
daily_2644t_risk_on_ridge,853,,FAILED,0.1147973996511215,0.038936493541047855,0.0012030600904138484
daily_2644t_risk_on_ridge,854,,FAILED,0.2517551002014793,0.02061027357306949,6.957055281414739e-05
daily_2644t_risk_on_ridge,855,,FAILED,0.0763073261866083,0.0014250255253193097,0.001021046923136211
daily_2644t_risk_on_ridge,856,,FAILED,0.09472031428261049,0.0007667664379297778,0.0007564658697328845
daily_2644t_risk_on_ridge,857,,FAILED,0.15209740184848966,0.09328292561408483,0.0019647900026696146
daily_2644t_risk_on_ridge,858,,FAILED,0.2276295048562405,0.0010388128293526307,0.00022509640915738355
daily_2644t_risk_on_ridge,859,,FAILED,0.1644193077159539,0.015594108267368366,0.004168455789429239
daily_2644t_risk_on_ridge,860,,FAILED,0.13729371821245348,0.0050125439105713826,0.0008858214225355954
daily_2644t_risk_on_ridge,861,,FAILED,0.42609991395155017,0.00013153024935706262,0.002744696485189474
daily_2644t_risk_on_ridge,862,,FAILED,0.12140068403293185,0.002318997444384194,8.980165006955726e-05
daily_2644t_risk_on_ridge,863,,FAILED,0.06667776973554539,0.000276784594182909,0.001361052027649674
daily_2644t_risk_on_ridge,864,,FAILED,0.14392576300375054,0.000563416930525178,0.0004649726036718501
daily_2644t_risk_on_ridge,865,,FAILED,0.18458594155210584,0.00018811187629347976,0.00018289703663550887
daily_2644t_risk_on_ridge,866,,FAILED,0.3949336661748884,0.009251908369478753,0.0003717904536138312
daily_2644t_risk_on_ridge,867,,FAILED,0.2909786684584484,0.9609707100152194,0.00025239769045156226
daily_2644t_risk_on_ridge,868,,FAILED,0.24170600194428254,0.05067210782145047,0.03692164885112909
daily_2644t_risk_on_ridge,869,,FAILED,0.15883220379707003,0.0003556311985622012,0.0016368675684866416
daily_2644t_risk_on_ridge,870,,FAILED,0.052649486830137524,0.0036934533314464,0.01114370229805767
daily_2644t_risk_on_ridge,871,,FAILED,0.04518821209543905,0.031771372112230606,6.273468064636606e-05
daily_2644t_risk_on_ridge,872,,FAILED,0.0835530650786892,8.207409406081842,0.00013017545852318582
daily_2644t_risk_on_ridge,873,,FAILED,0.1746418417284496,0.0015058417488095519,0.0006682923375463402
daily_2644t_risk_on_ridge,874,,FAILED,0.00032731328785857647,0.06929344584858416,0.007897855954049236
daily_2644t_risk_on_ridge,875,,FAILED,0.20690954613722493,0.012843031685106924,7.42636443849895e-05
daily_2644t_risk_on_ridge,876,,FAILED,0.1955816534401568,0.0027076609029173418,0.0001511496030457502
daily_2644t_risk_on_ridge,877,,FAILED,0.022665303799225333,0.007081400985143428,0.0012233427290318272
daily_2644t_risk_on_ridge,878,,FAILED,0.12347500735602278,0.001960325141184053,0.00028431922504379415
daily_2644t_risk_on_ridge,879,,FAILED,0.10411441162105647,0.4038505559327925,0.006627640563132672
daily_2644t_risk_on_ridge,880,,FAILED,0.1317160990159754,0.0009986169943727752,0.003194353815315278
daily_2644t_risk_on_ridge,881,,FAILED,0.21675280979221093,0.02788395105073293,0.005615457197481474
daily_2644t_risk_on_ridge,882,,FAILED,0.32786563192846696,0.0006629947599560678,0.00035108779481187895
daily_2644t_risk_on_ridge,883,,FAILED,0.2777411249422672,0.00045675806997808656,0.00019542606638471265
daily_2644t_risk_on_ridge,884,,FAILED,0.07142620006942284,0.00023990850831298992,0.001472938370486327
daily_2644t_risk_on_ridge,885,,FAILED,0.14592051345989213,0.11340460754488259,9.945200403840878e-05
daily_2644t_risk_on_ridge,886,,FAILED,0.15725195626550553,0.00015835100166143297,0.04323910212928824
daily_2644t_risk_on_ridge,887,,FAILED,0.4447561721605079,2.571557190390443,5.527523744841128e-05
daily_2644t_risk_on_ridge,888,,FAILED,0.09496013439471523,0.0012285743874915775,0.00044093088042186635
daily_2644t_risk_on_ridge,889,,FAILED,0.012912388218574945,0.005154217868643058,0.0010300157066188698
daily_2644t_risk_on_ridge,890,,FAILED,0.11285210970071767,0.022964218852614474,0.0008214195273632927
daily_2644t_risk_on_ridge,891,,FAILED,0.034461572563068074,0.00012011524684884488,0.01006244555181464
daily_2644t_risk_on_ridge,892,,FAILED,0.2315852022958923,0.04368039370421281,0.0005240694418782486
daily_2644t_risk_on_ridge,893,,FAILED,0.3572678545235156,0.010714099959664984,0.00016676045760015385
daily_2644t_risk_on_ridge,894,,FAILED,0.059357478581921655,0.004196589524339298,0.0022596749179724465
daily_2644t_risk_on_ridge,895,,FAILED,0.08495181822332683,1.2511454805665618,0.00011402577946568845
daily_2644t_risk_on_ridge,896,,FAILED,0.1336031791299878,0.2043003301791937,0.0005939098470228078
daily_2644t_risk_on_ridge,897,,FAILED,0.1699226088058385,0.0008480863656680888,0.00031943415716431575
daily_2644t_risk_on_ridge,898,,FAILED,0.26017987710358104,0.14155448015248875,0.018781721872288798
daily_2644t_risk_on_ridge,899,,FAILED,0.1438249646848665,0.29647815191337146,0.015161835991781199
daily_2644t_risk_on_ridge,900,,FAILED,0.07407595526791484,0.018516112398317828,0.0017669311131600436
daily_2644t_risk_on_ridge,901,,FAILED,0.30929574520758835,0.7302494108690126,8.303202509019097e-05
daily_2644t_risk_on_ridge,902,,FAILED,0.1229884265934324,0.0003553266348568775,0.0001352156197749856
daily_2644t_risk_on_ridge,903,,FAILED,0.04933912235732399,0.0028743272896489657,0.00022789878166592218
daily_2644t_risk_on_ridge,904,,FAILED,0.10039366389397719,0.0824311114000184,0.0011815512980415807
daily_2644t_risk_on_ridge,905,,FAILED,0.025261966781162753,0.00020127872787616024,6.344647591152846e-05
daily_2644t_risk_on_ridge,906,,FAILED,0.4877548294842061,0.005847614243468826,0.0003931065165402962
daily_2644t_risk_on_ridge,907,,FAILED,0.20167647809178643,0.0006123181245156023,0.02426861216214877
daily_2644t_risk_on_ridge,908,,FAILED,0.18642312654087506,0.0001000698469396888,0.0013236155484411772
daily_2644t_risk_on_ridge,909,,FAILED,0.15625247341512932,0.0361796117795714,0.0009421714329829005
daily_2644t_risk_on_ridge,910,,FAILED,0.22457756296795617,0.0012683901966721088,0.03149121620233341
daily_2644t_risk_on_ridge,911,,FAILED,0.0614187722383309,0.05331906058853726,0.00027041835067711
daily_2644t_risk_on_ridge,912,,FAILED,0.13914796641491753,0.0015724898029121747,0.00465372745279699
daily_2644t_risk_on_ridge,913,,FAILED,0.0409889157974479,1.8508596535387525,0.0002011625310734256
daily_2644t_risk_on_ridge,914,,FAILED,0.1771512871165689,0.014465220306374559,0.00016254186167406862
daily_2644t_risk_on_ridge,915,,FAILED,0.013406624800051887,0.008883662654624775,0.0004626392930841737
daily_2644t_risk_on_ridge,916,,FAILED,0.11553390399063343,0.00027238387233055784,5.003886232474164e-05
daily_2644t_risk_on_ridge,917,,FAILED,0.23928662328923633,0.00047308986506258325,0.002982359371501376
daily_2644t_risk_on_ridge,918,,FAILED,0.08683516770006955,0.5594612182017061,0.002111716257678266
daily_2644t_risk_on_ridge,919,,FAILED,0.38495182174743947,0.02580178450234055,0.0006856816126081119
daily_2644t_risk_on_ridge,920,,FAILED,0.4043251233943487,0.0009454701191740494,0.0037120844338686568
daily_2644t_risk_on_ridge,921,,FAILED,0.3433484282920437,0.0023007654486023885,0.0001256171994522311
daily_2644t_risk_on_ridge,922,,FAILED,0.2109727183974402,0.007343210745377915,0.0016436838672567971
daily_2644t_risk_on_ridge,923,,FAILED,0.14724592842813142,0.003332297454184641,0.00010548906827785531
daily_2644t_risk_on_ridge,924,,FAILED,0.12950678372448585,0.0007674750551076989,0.00018188982831599258
daily_2644t_risk_on_ridge,925,,FAILED,0.16374510472158704,5.277546784375485,0.00032774238229462576
daily_2644t_risk_on_ridge,926,,FAILED,0.19482414575909707,0.011593982539940758,0.00838030881023992
daily_2644t_risk_on_ridge,927,,FAILED,0.2943234216531712,0.00015091581826269626,0.0025333084480657258
daily_2644t_risk_on_ridge,928,,FAILED,0.09998276076411278,0.0019325695244515435,7.741660782505425e-05
daily_2644t_risk_on_ridge,929,,FAILED,0.07118147193117792,0.004224100441391415,0.013598242423197633
daily_2644t_risk_on_ridge,930,,FAILED,0.1114861588041893,0.00030677557361938665,0.00014426863927193898
daily_2644t_risk_on_ridge,931,,FAILED,0.008914694727535883,0.017679999663224172,0.0010785890838965835
daily_2644t_risk_on_ridge,932,,FAILED,0.45558078846130845,0.00040330177784905243,0.001435221075265879
daily_2644t_risk_on_ridge,933,,FAILED,0.07981333367686282,0.0012301032413329985,0.00040329951526366656
daily_2644t_risk_on_ridge,934,,FAILED,0.1470100648735862,0.25420712410951835,0.0005274979230047331
daily_2644t_risk_on_ridge,935,,FAILED,0.28119471845272526,0.00019951121370885506,0.00024157863226273343
daily_2644t_risk_on_ridge,936,,FAILED,0.25147687310316724,3.4479208740393688,0.026858130249112884
daily_2644t_risk_on_ridge,937,,FAILED,0.1658403235087925,0.06743368094683469,0.03905075720713323
daily_2644t_risk_on_ridge,938,,FAILED,0.06429764838785051,0.04495742950308223,0.0007668633278502732
daily_2644t_risk_on_ridge,939,,FAILED,0.05418016202149139,0.0005322184290690846,0.001865932634580601
daily_2644t_risk_on_ridge,940,,FAILED,0.12789265662200364,0.03518258851906254,0.0006356220952213183
daily_2644t_risk_on_ridge,941,,FAILED,0.2219737166536045,0.0010079431956034922,0.006964608107420555
daily_2644t_risk_on_ridge,942,,FAILED,0.03779192837991588,0.0016731910885117041,6.919196029259994e-05
daily_2644t_risk_on_ridge,943,,FAILED,0.15197147399041008,0.00023897242862894386,0.001560218951221144
daily_2644t_risk_on_ridge,944,,FAILED,0.026793406506622316,0.006201409326549327,0.00986628812823916
daily_2644t_risk_on_ridge,945,,FAILED,0.27099493746846665,0.1630098641687526,9.198071645027707e-05
daily_2644t_risk_on_ridge,946,,FAILED,0.09057822297298276,0.02503563139318421,0.011711775510965899
daily_2644t_risk_on_ridge,947,,FAILED,0.30123390100702735,0.002651262885378304,0.005671425874078108
daily_2644t_risk_on_ridge,948,,FAILED,0.3331970400249723,0.00014522190464404607,0.00020891333863945824
daily_2644t_risk_on_ridge,949,,FAILED,0.13941672555434703,0.0006471560921661288,0.00031754255658211745
daily_2644t_risk_on_ridge,950,,FAILED,0.183603887574467,0.0003637617736793181,0.0008643448055490053
daily_2644t_risk_on_ridge,951,,FAILED,0.15754327823836978,0.38816827118226105,0.02106744439067815
daily_2644t_risk_on_ridge,952,,FAILED,0.3200023229315786,0.0049337234959994265,0.0013177915196191207
daily_2644t_risk_on_ridge,953,,FAILED,0.21305997696418288,0.010413073474464359,5.827812212807855e-05
daily_2644t_risk_on_ridge,954,,FAILED,0.11835950070043763,0.056734722419102664,0.0001465016687870665
daily_2644t_risk_on_ridge,955,,FAILED,0.37113678748832646,2.250162721101657,0.0003684720541676846
daily_2644t_risk_on_ridge,956,,FAILED,0.07488618012296441,0.11518902853308334,0.00011300602213130426
daily_2644t_risk_on_ridge,957,,FAILED,0.1066793034361003,0.0012117209292356102,0.0004727367316038172
daily_2644t_risk_on_ridge,958,,FAILED,0.43411837037143813,0.02129433634532013,0.0333382125554171
daily_2644t_risk_on_ridge,959,,FAILED,0.2018051129105525,1.0579713487581555,0.0011775304475459861
daily_2644t_risk_on_ridge,960,,FAILED,0.23787402971386132,0.014319724211059343,0.00016622482317915795
daily_2644t_risk_on_ridge,961,,FAILED,0.13495777799834233,0.0034373412292356673,0.0005402769254562998
daily_2644t_risk_on_ridge,962,,FAILED,0.16865685897878177,0.08386488377361459,0.00027300856224926807
daily_2644t_risk_on_ridge,963,,FAILED,0.006287963944124751,0.0001234939967021988,0.04517577407944174
daily_2644t_risk_on_ridge,964,,FAILED,0.4164700044733689,0.00802243344440556,0.000952881050170041
daily_2644t_risk_on_ridge,965,,FAILED,0.05019005090837274,0.0020666246585254195,0.004782538284346343
daily_2644t_risk_on_ridge,966,,FAILED,0.018448736225164932,1.6034642276542466,0.0033203474176302567
daily_2644t_risk_on_ridge,967,,FAILED,0.06476072165767635,0.0041865025077883495,0.00017601323622846258
daily_2644t_risk_on_ridge,968,,FAILED,0.12308502097530598,0.0008694721256385005,0.0018372762286906332
daily_2644t_risk_on_ridge,969,,FAILED,0.17527717020244965,0.0015064720411151462,0.00010138366205444451
daily_2644t_risk_on_ridge,970,,FAILED,0.08216972504745276,0.00045609635811389896,0.00042051952801223973
daily_2644t_risk_on_ridge,971,,FAILED,0.2649677568127919,0.027131150859263875,0.00023085923336680836
daily_2644t_risk_on_ridge,972,,FAILED,0.18923048848392138,0.005842420876418913,0.00223426254650497
daily_2644t_risk_on_ridge,973,,FAILED,0.09890635846474796,0.00018877064305221206,0.003889240516852858
daily_2644t_risk_on_ridge,974,,FAILED,0.22693919056463108,0.1990288673810591,0.0001242154220176469
daily_2644t_risk_on_ridge,975,,FAILED,0.15530755369530264,0.038613226756954645,0.0026158745379340187
daily_2644t_risk_on_ridge,976,,FAILED,0.49651770667693224,0.0003279674809588686,8.08220561164191e-05
daily_2644t_risk_on_ridge,977,,FAILED,0.14336202690606706,0.0002516594689773563,0.008589585077074934
daily_2644t_risk_on_ridge,978,,FAILED,0.044270563681921345,0.0007370115782989199,0.0011008472563569795
daily_2644t_risk_on_ridge,979,,FAILED,0.1297082531868122,3.87698731214051,0.000745242131327554
daily_2644t_risk_on_ridge,980,,FAILED,0.05883428165310096,0.012545489770318599,6.64692930011738e-05
daily_2644t_risk_on_ridge,981,,FAILED,0.24976699788429726,0.01648023364498045,0.0006153049583363391
daily_2644t_risk_on_ridge,982,,FAILED,0.0003284342208973168,9.936376321752675,0.00030185627584839825
daily_2644t_risk_on_ridge,983,,FAILED,0.11020206058576992,0.7004765282040151,0.016522445096493456
daily_2644t_risk_on_ridge,984,,FAILED,0.47157061452852145,0.0010166211809692677,0.00152060070655981
daily_2644t_risk_on_ridge,985,,FAILED,0.0886605171058315,0.04859094677611661,0.007649149589090243
daily_2644t_risk_on_ridge,986,,FAILED,0.027853712273725465,0.3245119197879286,0.00019847833022993084
daily_2644t_risk_on_ridge,987,,FAILED,0.21666817828643406,6.469004505439964,0.006335573221789437
daily_2644t_risk_on_ridge,988,,FAILED,0.3505489708565933,0.002516482082542993,0.0012922291110046603
daily_2644t_risk_on_ridge,989,,FAILED,0.31326939181186936,0.0004317082148276188,5.533146418993596e-05
daily_2644t_risk_on_ridge,990,,FAILED,0.07037026044856796,0.5214740570287131,0.00013977710319127963
daily_2644t_risk_on_ridge,991,,FAILED,0.15202815439527567,0.009557891655214116,0.00034148271067078036
daily_2644t_risk_on_ridge,992,,FAILED,0.13812755220921838,0.007201654985324532,0.0019448401504910699
daily_2644t_risk_on_ridge,993,,FAILED,0.3632366424160737,0.001668552724709357,9.293174318907634e-05
daily_2644t_risk_on_ridge,994,,FAILED,0.1626758259575108,0.00028897098524652753,0.00048078956344067267
daily_2644t_risk_on_ridge,995,,FAILED,0.17480254257034666,0.03245202506367646,0.0029347235784275426
daily_2644t_risk_on_ridge,996,,FAILED,0.23364527379718525,0.06695139409113977,0.0002536918819309009
daily_2644t_risk_on_ridge,997,,FAILED,0.1968139513153394,0.0032773763017126026,0.028974717366686466
daily_2644t_risk_on_ridge,998,,FAILED,0.20820360842238483,0.00060320064741365,0.0003900911574405503
daily_2644t_risk_on_ridge,999,,FAILED,0.2850862168601853,0.00017185535442911288,0.0001604501990806084
daily_2644t_risk_on_ridge,1000,,FAILED,0.12102416197399526,0.019031068221543906,0.0016683756871833683
daily_2644t_risk_on_ridge,1001,,FAILED,0.08993070300600332,0.09686737533749352,0.0008641004219813333
daily_2644t_risk_on_ridge,1002,,FAILED,0.07983471738619356,0.00010156700383499261,0.0001809493981152261
daily_2644t_risk_on_ridge,1003,,FAILED,0.035056691535233164,0.0012257945633919903,7.513132436267556e-05
daily_2644t_risk_on_ridge,1004,,FAILED,0.017543425696352706,0.004545152574824212,0.0002133376795026405
daily_2644t_risk_on_ridge,1005,,FAILED,0.3910382425916132,0.002111478563951427,0.013155493985449476
daily_2644t_risk_on_ridge,1006,,FAILED,0.10434328760559416,0.1348181507998019,0.0009707879796547706
daily_2644t_risk_on_ridge,1007,,FAILED,0.13772080497592348,2.925500534247331,0.00011159130452920972
daily_2644t_risk_on_ridge,1008,,FAILED,0.15158604536910247,0.0015300957931426874,0.0007027422822836178
daily_2644t_risk_on_ridge,1009,,FAILED,0.06207310034676395,0.0008072412257902478,0.03774115213083404
daily_2644t_risk_on_ridge,1010,,FAILED,0.11442822556083114,1.2904049011863854,0.004249792139333209
daily_2644t_risk_on_ridge,1011,,FAILED,0.05027784649062028,0.0009958095020520085,0.010406424903473795
daily_2644t_risk_on_ridge,1012,,FAILED,0.4815638807136053,0.2506301849855167,0.001329125061075949
daily_2644t_risk_on_ridge,1013,,FAILED,0.12797238331233374,0.00022335165507475713,0.049843863165498846
daily_2644t_risk_on_ridge,1014,,FAILED,0.07111648127304705,0.00013583853668004654,0.0005744110675194633
daily_2644t_risk_on_ridge,1015,,FAILED,0.37937105357109724,0.0005025113735230713,6.14314093667793e-05
daily_2644t_risk_on_ridge,1016,,FAILED,0.1619974609077019,0.04034458660990707,0.00043226636412197156
daily_2644t_risk_on_ridge,1017,,FAILED,0.18957777945354218,0.03206093801194757,0.00013977315135814457
daily_2644t_risk_on_ridge,1018,,FAILED,0.14794785540916652,0.011973277760860573,0.0011118280584262316
daily_2644t_risk_on_ridge,1019,,FAILED,0.17968110573582635,0.0003083291620589335,0.0003008677692535112
daily_2644t_risk_on_ridge,1020,,FAILED,0.2442377602565331,0.005416683618510173,0.00532451312489796
daily_2644t_risk_on_ridge,1021,,FAILED,0.2959965403800442,0.021944622440816415,0.023472779006720106
daily_2644t_risk_on_ridge,1022,,FAILED,0.13145393735778943,0.9504504673027302,0.01865527854964414
daily_2644t_risk_on_ridge,1023,,FAILED,0.21803366788472528,0.0085726640808046,0.00012040191928931736
daily_2644t_risk_on_ridge,1024,,FAILED,0.3322796367521756,0.0029045445244032042,0.0021098697968343796
daily_2644t_risk_on_ridge,1025,,FAILED,0.0983045695484671,0.0003948838146020158,8.586914263652283e-05
daily_2644t_risk_on_ridge,1026,,FAILED,0.01127408437371779,0.05394314178462495,0.00038598550405542884
daily_2644t_risk_on_ridge,1027,,FAILED,0.2579392972754032,0.003679020659005885,0.001533923522266964
daily_2644t_risk_on_ridge,1028,,FAILED,0.07762382641851909,4.797138296694968,0.00025999953563968285
daily_2644t_risk_on_ridge,1029,,FAILED,0.16884771489520342,0.015982795012975885,5.019674435590831e-05
daily_2644t_risk_on_ridge,1030,,FAILED,0.22680804519199374,0.0006582373623006944,0.00021140195384877048
daily_2644t_risk_on_ridge,1031,,FAILED,0.042555054170613595,0.0013199321002692935,0.00015064293958918314
daily_2644t_risk_on_ridge,1032,,FAILED,0.206338832601072,0.0001957305654797253,0.0004918245307674746
daily_2644t_risk_on_ridge,1033,,FAILED,0.11932967217190944,0.0018632987382019657,0.0034596426077494616
daily_2644t_risk_on_ridge,1034,,FAILED,0.4217712791436034,0.007211128642944781,0.009224324443504758
daily_2644t_risk_on_ridge,1035,,FAILED,0.44542093423861523,0.027807310887006418,0.007155165743126282
daily_2644t_risk_on_ridge,1036,,FAILED,0.09239364775335446,0.19728600081261352,0.0008468240997905661
daily_2644t_risk_on_ridge,1037,,FAILED,0.13788220330929374,0.0024325433879195373,0.002401406137614486
daily_2644t_risk_on_ridge,1038,,FAILED,0.03183672181490221,0.00015917313774601411,0.014817628495298144
daily_2644t_risk_on_ridge,1039,,FAILED,0.05501182695874612,0.0002490788080021074,0.000339185255246198
daily_2644t_risk_on_ridge,1040,,FAILED,0.06642033399518632,0.001112330012698924,0.00121818043045853
daily_2644t_risk_on_ridge,1041,,FAILED,0.1445099953946701,0.0003723658035088797,9.972203379619881e-05
daily_2644t_risk_on_ridge,1042,,FAILED,0.15633879114157734,0.08058583527911901,0.00018780483460045786
daily_2644t_risk_on_ridge,1043,,FAILED,0.19554132729670762,7.901491034168725,0.0017557474994270034
daily_2644t_risk_on_ridge,1044,,FAILED,0.2717901391256935,0.4411600789597702,0.0009954906242052783
daily_2644t_risk_on_ridge,1045,,FAILED,0.1109573411483851,0.0008408756337417537,6.737450635440842e-05
daily_2644t_risk_on_ridge,1046,,FAILED,0.4605092454920707,0.010777437123492939,0.01128741757640043
daily_2644t_risk_on_ridge,1047,,FAILED,0.02322142679089443,0.005567963322635573,0.0005353220219774595
daily_2644t_risk_on_ridge,1048,,FAILED,0.3216152881506119,0.000123931932478709,0.0006758053559142522
daily_2644t_risk_on_ridge,1049,,FAILED,0.08339354427560845,0.0005845880112737951,0.0014858111479720646
daily_2644t_risk_on_ridge,1050,,FAILED,0.39890276729794827,0.020457834409639823,0.0026915073905827056
daily_2644t_risk_on_ridge,1051,,FAILED,0.3390707110132265,0.06165478351574635,0.0001300807392341056
daily_2644t_risk_on_ridge,1052,,FAILED,0.3025457889606936,0.001441542157930932,0.006402500987063558
daily_2644t_risk_on_ridge,1053,,FAILED,0.1227571774977684,0.043541476772589675,0.00016005870135218727
daily_2644t_risk_on_ridge,1054,,FAILED,0.18048470071156697,0.3551924455541548,0.0003671518308032134
daily_2644t_risk_on_ridge,1055,,FAILED,0.0003986462844377311,0.004042694230215831,5.69873233263169e-05
daily_2644t_risk_on_ridge,1056,,FAILED,0.16454674347798068,0.013918020249616168,0.03495306887067769
daily_2644t_risk_on_ridge,1057,,FAILED,0.2325340479599411,0.15811933372872616,0.0002789906900882695
daily_2644t_risk_on_ridge,1058,,FAILED,0.14568620521937956,0.7720729664300591,0.0007704080454476531
daily_2644t_risk_on_ridge,1059,,FAILED,0.12914288292244291,0.002828885090315443,0.0002445502292133439
daily_2644t_risk_on_ridge,1060,,FAILED,0.10471468732854033,0.0002942704734266592,0.0013165040943566167
daily_2644t_risk_on_ridge,1061,,FAILED,0.20736712405028604,0.10167463595933551,0.00044661629971510586
daily_2644t_risk_on_ridge,1062,,FAILED,0.07404162652130077,2.3113846640719555,0.0005843852086514198
daily_2644t_risk_on_ridge,1063,,FAILED,0.047303611636235324,0.03563978420988778,0.001093847369703592
daily_2644t_risk_on_ridge,1064,,FAILED,0.248320136658003,0.002078995465790208,0.0423875734308412
daily_2644t_risk_on_ridge,1065,,FAILED,0.05778508302993973,1.617420334287671,0.004955955595260427
daily_2644t_risk_on_ridge,1066,,FAILED,0.09393628607818277,0.00048734155171618,0.00018149898341441394
daily_2644t_risk_on_ridge,1067,,FAILED,0.15633265515898592,0.008788018776314932,0.008182357141874024
daily_2644t_risk_on_ridge,1068,,FAILED,0.21360829773588216,0.0010918615223681931,0.0019147993110383787
daily_2644t_risk_on_ridge,1069,,FAILED,0.13835236252392025,0.00021162469486456283,0.02779944201040436
daily_2644t_risk_on_ridge,1070,,FAILED,0.1713130278716946,0.0007087246453450951,7.611424342628264e-05
daily_2644t_risk_on_ridge,1071,,FAILED,0.010248263475867849,0.02536396457833483,0.0001225990193173386
daily_2644t_risk_on_ridge,1072,,FAILED,0.08335600939169802,0.0016113732267709047,8.98917517641465e-05
daily_2644t_risk_on_ridge,1073,,FAILED,0.06599583771772408,0.0003330891008559188,0.001656522145644164
daily_2644t_risk_on_ridge,1074,,FAILED,0.3596564180858262,0.5491075074524959,0.00021469792138217232
daily_2644t_risk_on_ridge,1075,,FAILED,0.2804279530664889,0.006877476619482626,0.0031749759199679937
daily_2644t_risk_on_ridge,1076,,FAILED,0.18591397680357508,0.0009257769534786792,0.004299129595109057
daily_2644t_risk_on_ridge,1077,,FAILED,0.036548262762517394,0.0001475468464658413,0.0001561594101133231
daily_2644t_risk_on_ridge,1078,,FAILED,0.113892526538459,0.004007908303043399,0.0003112545329679447
daily_2644t_risk_on_ridge,1079,,FAILED,0.2217533878842462,0.05247005880286018,0.021612083725340177
daily_2644t_risk_on_ridge,1080,,FAILED,0.14952764995401224,0.07418891455019437,0.00010342662393607283
daily_2644t_risk_on_ridge,1081,,FAILED,0.12286698627191867,0.010046792237226524,6.359997158068408e-05
daily_2644t_risk_on_ridge,1082,,FAILED,0.31070432605384707,0.014435232702652213,0.012425382228255248
daily_2644t_risk_on_ridge,1083,,FAILED,0.023352882132663903,0.00010123525156092479,0.0009753078404637071
daily_2644t_risk_on_ridge,1084,,FAILED,0.13266479400104797,0.0012880560294563587,0.0004987698597166832
daily_2644t_risk_on_ridge,1085,,FAILED,0.26610088570918616,0.00044444447634730237,0.0004248798563113281
daily_2644t_risk_on_ridge,1086,,FAILED,0.16483328688376025,0.005018000161754073,0.0021710133809004716
daily_2644t_risk_on_ridge,1087,,FAILED,0.23487132028136876,0.1254262568949195,0.001354133450004407
daily_2644t_risk_on_ridge,1088,,FAILED,0.4293127540537774,0.01899143150386153,0.0056862452434711
daily_2644t_risk_on_ridge,1089,,FAILED,0.20182671698475604,0.0002714854981210048,0.0011583027410898565
daily_2644t_risk_on_ridge,1090,,FAILED,0.4122876703900246,0.2285212815652499,0.00019181224874104428
daily_2644t_risk_on_ridge,1091,,FAILED,0.10057109668719115,0.0017956297251630288,5.0232621660730966e-05
daily_2644t_risk_on_ridge,1092,,FAILED,0.2885514963181537,0.0029332442547643444,0.0006347560676784299
daily_2644t_risk_on_ridge,1093,,FAILED,0.07941425260274912,0.0006134363269066595,0.009901976084937125
daily_2644t_risk_on_ridge,1094,,FAILED,0.05538660033455427,0.028126375652361275,0.00013398750619595865
daily_2644t_risk_on_ridge,1095,,FAILED,0.14751235683528455,0.006324576532766302,0.0014352732122686245
daily_2644t_risk_on_ridge,1096,,FAILED,0.016853373481217845,0.00018306842933058775,0.00016038958174809236
daily_2644t_risk_on_ridge,1097,,FAILED,0.1328960678283712,0.03938180483597144,0.0008035711502079265
daily_2644t_risk_on_ridge,1098,,FAILED,0.34825104229643483,6.041040457448683,0.00010933958564867083
daily_2644t_risk_on_ridge,1099,,FAILED,0.06974023382471235,0.0008003800522938361,7.425202976017819e-05
daily_2644t_risk_on_ridge,1100,,FAILED,0.1941417870607709,0.0023744593193396665,0.0002345291784935742
daily_2644t_risk_on_ridge,1101,,FAILED,0.1566261811921831,0.01154928560988174,0.00370051770620478
daily_2644t_risk_on_ridge,1102,,FAILED,0.17537752792394606,3.250455872027477,0.000412432127875954
daily_2644t_risk_on_ridge,1103,,FAILED,0.2578489974195124,0.00036404811893069245,0.0003459449409679119
daily_2644t_risk_on_ridge,1104,,FAILED,0.0924424621857013,0.28919814148937395,0.03315699863871516
daily_2644t_risk_on_ridge,1105,,FAILED,0.10852306499651114,0.000941021173322535,0.000279713769263798
daily_2644t_risk_on_ridge,1106,,FAILED,0.045627226726952505,0.0033572416675766814,0.0019529770377485565
daily_2644t_risk_on_ridge,1107,,FAILED,0.12499919407672555,1.1184224432207375,0.002437820806627536
daily_2644t_risk_on_ridge,1108,,FAILED,0.32800626394333093,0.00022699055781095424,0.0005667277028879777
daily_2644t_risk_on_ridge,1109,,FAILED,0.2203850525414261,0.007919073715969366,0.015877178695164983
daily_2644t_risk_on_ridge,1110,,FAILED,0.008691692289166414,0.01657213486128616,0.04194361685466401
daily_2644t_risk_on_ridge,1111,,FAILED,0.3750153455710222,0.00013648184244385747,0.001675448832215127
daily_2644t_risk_on_ridge,1112,,FAILED,0.14075177273470024,1.9818642707993694,0.0029432406421530987
daily_2644t_risk_on_ridge,1113,,FAILED,0.06492917521974552,0.0013251661034125925,0.00014175792499887576
daily_2644t_risk_on_ridge,1114,,FAILED,0.032236869710271815,0.02277873116753745,0.007156217878386499
daily_2644t_risk_on_ridge,1115,,FAILED,0.15801666575796483,0.000570539726413294,8.780062743903075e-05
daily_2644t_risk_on_ridge,1116,,FAILED,0.1171394952527769,0.001808531264028022,6.232955275944117e-05
daily_2644t_risk_on_ridge,1117,,FAILED,0.08615775593554915,0.0043202477242544,0.0009189634130550481
daily_2644t_risk_on_ridge,1118,,FAILED,0.182302348612723,0.458448528164064,0.0001876006653555734
daily_2644t_risk_on_ridge,1119,,FAILED,0.24357152745806498,0.06064316016866388,0.025596276706243853
daily_2644t_risk_on_ridge,1120,,FAILED,0.14542295017918724,0.03485473630536384,0.0011677522452995706
daily_2644t_risk_on_ridge,1121,,FAILED,0.05370216043674372,0.047594972665379855,0.00038101400177761304
daily_2644t_risk_on_ridge,1122,,FAILED,0.07180557052576526,0.0010666440967013883,0.00011473313288150593
daily_2644t_risk_on_ridge,1123,,FAILED,0.21077118563391722,0.00015987437901293002,0.00048059589061428236
daily_2644t_risk_on_ridge,1124,,FAILED,0.10448673430081815,0.6139079090947839,5.6686450376567765e-05
daily_2644t_risk_on_ridge,1125,,FAILED,0.16650062113111228,0.005097255359623301,0.019899389257114656
daily_2644t_risk_on_ridge,1126,,FAILED,0.04277638499621118,0.013102063510748352,0.0007109120120541789
daily_2644t_risk_on_ridge,1127,,FAILED,0.13810832007612897,0.09392892069006113,0.008754917114772904
daily_2644t_risk_on_ridge,1128,,FAILED,0.12890457526378724,0.0004038509605232155,0.00021036208683252827
daily_2644t_risk_on_ridge,1129,,FAILED,0.30468538785677796,0.0014175615079535953,0.0013988347699007387
daily_2644t_risk_on_ridge,1130,,FAILED,0.22752516308105297,0.8692115433223668,0.000295867310027542
daily_2644t_risk_on_ridge,1131,,FAILED,0.1956977002649331,0.00027091349199442655,0.00025359876423639553
daily_2644t_risk_on_ridge,1132,,FAILED,0.024262081960458717,0.0023371321950480988,0.00016975169654032322
daily_2644t_risk_on_ridge,1133,,FAILED,0.07715735245579007,0.15784452472553465,0.0010641166220804877
daily_2644t_risk_on_ridge,1134,,FAILED,0.0005311024210849242,0.008661694024377232,0.0003374291139185954
daily_2644t_risk_on_ridge,1135,,FAILED,0.17451595669552478,0.0007831214154509432,9.645244085267518e-05
daily_2644t_risk_on_ridge,1136,,FAILED,0.1540000933287279,0.031127144580271743,7.271778937770635e-05
daily_2644t_risk_on_ridge,1137,,FAILED,0.4726456191905938,0.006186384301519563,0.006261872740277976
daily_2644t_risk_on_ridge,1138,,FAILED,0.09540293699705485,0.0004686381165887096,0.011619671745125829
daily_2644t_risk_on_ridge,1139,,FAILED,0.06125742459021316,0.003137849733782725,0.0012673593218519468
daily_2644t_risk_on_ridge,1140,,FAILED,0.12130961742421392,0.021068465286153724,0.04994931438470466
daily_2644t_risk_on_ridge,1141,,FAILED,0.23683738907579582,4.460071397706397,0.0001356009843715091
daily_2644t_risk_on_ridge,1142,,FAILED,0.3177291639533423,0.34933526777021473,0.0008310862340847187
daily_2644t_risk_on_ridge,1143,,FAILED,0.4399631312480965,0.00013087017716209852,0.0017845824215280662
daily_2644t_risk_on_ridge,1144,,FAILED,0.2048142666331127,0.00019873307750916934,0.0006484450296839498
daily_2644t_risk_on_ridge,1145,,FAILED,0.13455131763677847,0.000330833282313349,0.004199886555077993
daily_2644t_risk_on_ridge,1146,,FAILED,0.11116459884694554,0.0010350337869351066,0.0005255870656799825
daily_2644t_risk_on_ridge,1147,,FAILED,0.015721456204950933,0.0005183476660301047,0.0015837578676967737
daily_2644t_risk_on_ridge,1148,,FAILED,0.14699005355278338,0.0015501897473564608,0.0004192633614147704
daily_2644t_risk_on_ridge,1149,,FAILED,0.08091505382562134,0.06894790284082655,0.00015134796835834232
daily_2644t_risk_on_ridge,1150,,FAILED,0.4083939803148247,0.0163365224440308,0.007705990128477095
daily_2644t_risk_on_ridge,1151,,FAILED,0.45506807930234683,1.5217101267150734,0.0027792849382992538
daily_2644t_risk_on_ridge,1152,,FAILED,0.25350300686155697,0.04403895806937037,0.00023204934835982752
daily_2644t_risk_on_ridge,1153,,FAILED,0.21671560850040794,0.000673890844215562,0.0021359063105488756
daily_2644t_risk_on_ridge,1154,,FAILED,0.18629529133615133,0.0022259351351150993,0.00011970679976091396
daily_2644t_risk_on_ridge,1155,,FAILED,0.2965680706834316,0.02503644969566167,0.030080948714800517
daily_2644t_risk_on_ridge,1156,,FAILED,0.16188670867811783,0.11266235764015198,8.040173987770478e-05
daily_2644t_risk_on_ridge,1157,,FAILED,0.27002228888089763,0.010909055510708079,0.0009698236934795216
daily_2644t_risk_on_ridge,1158,,FAILED,0.04003979749590113,0.004205227529721654,0.013686767765510807
daily_2644t_risk_on_ridge,1159,,FAILED,0.09095490236337586,0.00010172218708372029,0.00528198793601794
daily_2644t_risk_on_ridge,1160,,FAILED,0.38737408829476533,0.00017444822930425438,0.00017333683222994886
daily_2644t_risk_on_ridge,1161,,FAILED,0.05304659286023859,0.00025288696697332516,0.018055603842174046
daily_2644t_risk_on_ridge,1162,,FAILED,0.1427703705833775,2.4695585004797826,0.010075419391852806
daily_2644t_risk_on_ridge,1163,,FAILED,0.12680372011284946,0.0011520124196756618,6.547729875249775e-05
daily_2644t_risk_on_ridge,1164,,FAILED,0.029941099127501716,0.003792437836135464,0.0014644740544388698
daily_2644t_risk_on_ridge,1165,,FAILED,0.3410705831448809,0.20441437981147112,0.0036347540216336563
daily_2644t_risk_on_ridge,1166,,FAILED,0.06723181821824092,0.0019661492478564835,0.0003514569034246064
daily_2644t_risk_on_ridge,1167,,FAILED,0.11659089302738056,0.0007917866443130944,0.00044974443538546517
daily_2644t_risk_on_ridge,1168,,FAILED,0.16921803706030702,0.007702934354696595,0.0012514791980558961
daily_2644t_risk_on_ridge,1169,,FAILED,0.1520624660085754,0.0003619609509392838,0.0002024376013699742
daily_2644t_risk_on_ridge,1170,,FAILED,0.2813620979306422,7.440852934811765,9.955895592062446e-05
daily_2644t_risk_on_ridge,1171,,FAILED,0.368040459225928,0.033769516695739986,0.0005828957764785283
daily_2644t_risk_on_ridge,1172,,FAILED,0.13834147386548434,0.05054957980485991,0.000729698992645907
daily_2644t_risk_on_ridge,1173,,FAILED,0.08654377962389292,0.002613680368838714,0.03972546548182532
daily_2644t_risk_on_ridge,1174,,FAILED,0.011741417809717197,0.004926131644662509,5.557002607703228e-05
daily_2644t_risk_on_ridge,1175,,FAILED,0.19608086920784468,0.0826286988690209,0.0024213909563355267
daily_2644t_risk_on_ridge,1176,,FAILED,0.09992543922714484,0.0005175627951179992,0.0010402840571928885
daily_2644t_risk_on_ridge,1177,,FAILED,0.22168041981208111,0.012860676511255963,0.00030467731828465986
daily_2644t_risk_on_ridge,1178,,FAILED,0.0765155254908686,0.0003193337035839658,0.0003876761888896075
daily_2644t_risk_on_ridge,1179,,FAILED,0.10525318629888981,0.0013403747921108882,0.00014044393826702055
daily_2644t_risk_on_ridge,1180,,FAILED,0.2447055911562418,0.018437540927162505,0.0020050335724875394
daily_2644t_risk_on_ridge,1181,,FAILED,0.1614727916084607,0.009501994299636028,8.57319560600529e-05
daily_2644t_risk_on_ridge,1182,,FAILED,0.4884394170801988,0.0062576252249544285,0.00016916587714226457
daily_2644t_risk_on_ridge,1183,,FAILED,0.13123913914031518,4.051430870764883,0.0004908574223478756
daily_2644t_risk_on_ridge,1184,,FAILED,0.053892022671459885,0.00012262576578048464,0.00011063339223099616
daily_2644t_risk_on_ridge,1185,,FAILED,0.17971833883273394,0.0016253083514100326,0.00025648284396628617
daily_2644t_risk_on_ridge,1186,,FAILED,0.06037035156647631,0.0034968383999890275,0.001604464053066393
daily_2644t_risk_on_ridge,1187,,FAILED,0.15160933002621374,0.0002274069649507609,0.0008861462150637564
daily_2644t_risk_on_ridge,1188,,FAILED,0.20238328848605533,0.6908619334165395,5.015226978548332e-05
daily_2644t_risk_on_ridge,1189,,FAILED,0.23138857502469226,0.0006387435904182326,0.004926055366237809
daily_2644t_risk_on_ridge,1190,,FAILED,0.3243566102515847,0.0009241872244590317,0.009251170809235088
daily_2644t_risk_on_ridge,1191,,FAILED,0.4978695255854669,0.06617002408592479,0.024327966114055716
daily_2644t_risk_on_ridge,1192,,FAILED,0.3531578905179774,0.2667681082339163,0.03416911077104333
daily_2644t_risk_on_ridge,1193,,FAILED,0.024956357729815744,0.0012728614537255275,0.0002131100891939911
daily_2644t_risk_on_ridge,1194,,FAILED,0.11970560323590305,0.15366173938664382,0.00012696846269314365
daily_2644t_risk_on_ridge,1195,,FAILED,0.2111074207438569,1.202916260837817,0.001112777502869851
daily_2644t_risk_on_ridge,1196,,FAILED,0.3993157182348983,0.02721686179721714,0.00683862057650199
daily_2644t_risk_on_ridge,1197,,FAILED,0.03813351281653939,0.0004444915294090106,0.0030998659870105573
daily_2644t_risk_on_ridge,1198,,FAILED,0.2628504670777067,0.0402818172436135,0.00018727302707153393
daily_2644t_risk_on_ridge,1199,,FAILED,0.0771698086616702,0.015695015410608037,0.0006545204110702022
daily_2644t_risk_on_ridge,1200,,FAILED,0.0075373955738543335,0.00015624759053927767,0.0013774088818327326
daily_2644t_risk_on_ridge,1201,,FAILED,0.13996421524163588,0.0020491694328512795,7.123025369588524e-05
daily_2644t_risk_on_ridge,1202,,FAILED,0.2898698032079067,5.365452988304577,0.0003473649936690204
daily_2644t_risk_on_ridge,1203,,FAILED,0.1906028874225958,0.42783754570930854,0.00015675719354904085
daily_2644t_risk_on_ridge,1204,,FAILED,0.09156712388232952,0.00027269555516305983,0.0005459635675965646
daily_2644t_risk_on_ridge,1205,,FAILED,0.169356446299131,0.009898503254874397,0.0018514835791132954
daily_2644t_risk_on_ridge,1206,,FAILED,0.3110252423539637,0.022829248700489187,6.228093306277551e-05
daily_2644t_risk_on_ridge,1207,,FAILED,0.048294218853991516,0.003113046008725332,0.00592747139871348
daily_2644t_risk_on_ridge,1208,,FAILED,0.11315008009939223,0.0058746635324947805,0.0002978778523872876
daily_2644t_risk_on_ridge,1209,,FAILED,0.06366184983058004,0.0009760044940519067,0.0011763211073081894
daily_2644t_risk_on_ridge,1210,,FAILED,0.1567541113335313,0.055782506386735785,0.0004556327525377963
daily_2644t_risk_on_ridge,1211,,FAILED,0.13458027214941992,0.0007592167086822846,0.008423359670396507
daily_2644t_risk_on_ridge,1212,,FAILED,0.1440743705967804,0.00018944244381344726,0.01436551095332409
daily_2644t_risk_on_ridge,1213,,FAILED,0.016990026684635905,0.10729567675820294,0.00023465745342056389
daily_2644t_risk_on_ridge,1214,,FAILED,0.13030997869070127,0.0003819046103937505,0.002556201404886447
daily_2644t_risk_on_ridge,1215,,FAILED,0.07295161365774305,1.9361087496316844,0.0008219690169266252
daily_2644t_risk_on_ridge,1216,,FAILED,0.2388266420464101,9.860425699575913,0.011503768157566416
daily_2644t_risk_on_ridge,1217,,FAILED,0.17660201150126917,2.969479646951671,0.0015240414673745443
daily_2644t_risk_on_ridge,1218,,FAILED,0.10185448492497334,0.0074014250091568095,0.00038971412545855055
daily_2644t_risk_on_ridge,1219,,FAILED,0.22650785743519825,0.001821560796067333,0.0041805244838160486
daily_2644t_risk_on_ridge,1220,,FAILED,0.08559170878884101,0.012321368752180548,9.168323851230761e-05
daily_2644t_risk_on_ridge,1221,,FAILED,0.12487447563072676,0.03382608823369505,0.00014358999537022725
daily_2644t_risk_on_ridge,1222,,FAILED,0.2501746533444715,0.19555458377953774,0.00018382905279490112
daily_2644t_risk_on_ridge,1223,,FAILED,0.16170018643066028,0.004877015061828809,0.00012038053129062636
daily_2644t_risk_on_ridge,1224,,FAILED,0.21498395569296477,0.0012767818474862117,0.0021570751059100113
daily_2644t_risk_on_ridge,1225,,FAILED,0.2734274249771815,0.045678156217073634,0.04525852331011817
daily_2644t_risk_on_ridge,1226,,FAILED,0.14905402334206444,0.0002345680968933507,0.01631963446197321
daily_2644t_risk_on_ridge,1227,,FAILED,0.18507576559250405,0.002807668924683461,0.0017711624944401815
daily_2644t_risk_on_ridge,1228,,FAILED,0.03079520486760811,0.8264997057099746,0.0010091593788701509
daily_2644t_risk_on_ridge,1229,,FAILED,0.46140897837027217,0.2996213841950565,0.000730746456309358
daily_2644t_risk_on_ridge,1230,,FAILED,0.0707531946918956,0.00013991515676222837,0.000271521106728314
daily_2644t_risk_on_ridge,1231,,FAILED,0.3360189587173645,0.02065238258627079,0.027506764101167983
daily_2644t_risk_on_ridge,1232,,FAILED,0.11736621515986041,0.0006054327922375922,0.0006073574704894511
daily_2644t_risk_on_ridge,1233,,FAILED,0.2062372040146556,0.1246760947446988,0.00010419950359577326
daily_2644t_risk_on_ridge,1234,,FAILED,0.06105469076130616,0.00029405715563499157,5.879268540991154e-05
daily_2644t_risk_on_ridge,1235,,FAILED,0.04967263658746782,0.00042359912319538297,8.295841292652742e-05
daily_2644t_risk_on_ridge,1236,,FAILED,0.38190336460541474,0.029574110484651018,0.0012693604245782473
daily_2644t_risk_on_ridge,1237,,FAILED,0.42401584862548947,0.08157166858929511,0.0032716181006520605
daily_2644t_risk_on_ridge,1238,,FAILED,0.001694479865509307,0.0015178016574386474,0.00031850916240680466
daily_2644t_risk_on_ridge,1239,,FAILED,0.10680116409209475,0.0010802056086038974,0.03720246155922968
daily_2644t_risk_on_ridge,1240,,FAILED,0.14936760346645353,0.0038907998621890774,0.00020515423959534745
daily_2644t_risk_on_ridge,1241,,FAILED,0.0969790546641189,0.015591494468813518,0.020996213568897838
daily_2644t_risk_on_ridge,1242,,FAILED,0.169238789606805,0.0025092074838542542,0.0005228773656065239
daily_2644t_risk_on_ridge,1243,,FAILED,0.4801297912216573,0.5722625315828525,0.00044026989243068493
daily_2644t_risk_on_ridge,1244,,FAILED,0.12653911415789912,0.0008391106500412213,0.00015735332227833086
daily_2644t_risk_on_ridge,1245,,FAILED,0.08360122103855955,0.00011810425083364344,0.010468571488047512
daily_2644t_risk_on_ridge,1246,,FAILED,0.13993250068003008,0.007283139291267315,0.0009352515471726396
daily_2644t_risk_on_ridge,1247,,FAILED,0.04078461186485233,0.0005067363933436075,0.007630209792426914
daily_2644t_risk_on_ridge,1248,,FAILED,0.4464424818868983,0.00017853029734174748,6.704052043618526e-05
daily_2644t_risk_on_ridge,1249,,FAILED,0.15917110652407296,0.011462137794283324,0.001479896779413177
daily_2644t_risk_on_ridge,1250,,FAILED,0.22175663425405218,1.3771793852969827,0.000248776843404107
daily_2644t_risk_on_ridge,1251,,FAILED,0.19657738774208763,0.00169098981326032,0.0003729796475011844
daily_2644t_risk_on_ridge,1252,,FAILED,0.3604343180832158,0.04388429367035152,0.0001274499544892313
daily_2644t_risk_on_ridge,1253,,FAILED,0.024267119469528607,0.05705249560325868,0.00465151812835018
daily_2644t_risk_on_ridge,1254,,FAILED,0.30674068999959003,0.008824488355401987,0.00017460470749726569
daily_2644t_risk_on_ridge,1255,,FAILED,0.2562938272395709,0.004667111214996639,0.01275438122960937
daily_2644t_risk_on_ridge,1256,,FAILED,0.07257436282516003,0.0003271012425521106,7.716638786372707e-05
daily_2644t_risk_on_ridge,1257,,FAILED,0.11461773348295914,0.00021235754099296726,0.03131944227610402
daily_2644t_risk_on_ridge,1258,,FAILED,0.1422008772014615,0.0011396511222869622,0.0017018079016482132
daily_2644t_risk_on_ridge,1259,,FAILED,0.1304001591509628,0.0006666060610293336,0.0037587041562773516
daily_2644t_risk_on_ridge,1260,,FAILED,0.013987364536926814,0.02387531851812785,0.0011459465288699228
daily_2644t_risk_on_ridge,1261,,FAILED,0.43458898453644657,0.00010058845272854213,0.002324789876084731
daily_2644t_risk_on_ridge,1262,,FAILED,0.060727449959384214,0.0147836369526538,0.0007636124575436314
daily_2644t_risk_on_ridge,1263,,FAILED,0.2370490544408409,0.0031927308978034717,0.00010296410791899014
daily_2644t_risk_on_ridge,1264,,FAILED,0.17265043974475272,0.005800336147371184,5.546375985869333e-05
daily_2644t_risk_on_ridge,1265,,FAILED,0.0006000676604971432,0.24797866643207658,0.0001472558044633684
daily_2644t_risk_on_ridge,1266,,FAILED,0.08983746287616273,0.002011134342818394,0.005971781873214967
daily_2644t_risk_on_ridge,1267,,FAILED,0.18309864896280278,0.038633726697204926,0.0004177838096566864
daily_2644t_risk_on_ridge,1268,,FAILED,0.08078602441845449,0.0008708141396829502,0.002729519360478939
daily_2644t_risk_on_ridge,1269,,FAILED,0.21322643492852553,0.38011536345848684,0.0020027033756908927
daily_2644t_risk_on_ridge,1270,,FAILED,0.15314124708052257,0.028720786888636725,0.00020321541343129338
daily_2644t_risk_on_ridge,1271,,FAILED,0.29925526153954396,1.0136433968488892,0.0003309076211526987
daily_2644t_risk_on_ridge,1272,,FAILED,0.09659772274050825,0.00041423742535072055,0.001324743857572867
daily_2644t_risk_on_ridge,1273,,FAILED,0.28323247002114127,0.0001646158675202632,0.00022601502078293913
daily_2644t_risk_on_ridge,1274,,FAILED,0.04118241065463315,0.16955809885774561,0.0006061834080553557
daily_2644t_risk_on_ridge,1275,,FAILED,0.32335708452723844,0.0005500985075022725,0.0009916808689787728
daily_2644t_risk_on_ridge,1276,,FAILED,0.12285480100253349,0.06921537129974432,0.04317372297618637
daily_2644t_risk_on_ridge,1277,,FAILED,0.20199488587680747,3.771054012021433,0.0008670648917946438
daily_2644t_risk_on_ridge,1278,,FAILED,0.1090295158361051,0.020615428033939655,0.008710641086189566
daily_2644t_risk_on_ridge,1279,,FAILED,0.16386041901457335,0.0015211178851592426,0.00017348903833564182
daily_2644t_risk_on_ridge,1280,,FAILED,0.13628961238496584,0.0002678038833045682,0.00012741514804098415
daily_2644t_risk_on_ridge,1281,,FAILED,0.06946101050238238,6.2491404462934925,0.0004737470696451229
daily_2644t_risk_on_ridge,1282,,FAILED,0.14784132995750068,0.0012120315589754386,0.00028031493340973404
daily_2644t_risk_on_ridge,1283,,FAILED,0.2285351635973723,0.0025242275059945765,0.006735202836457983
daily_2644t_risk_on_ridge,1284,,FAILED,0.048150676030134655,0.003703036196716659,0.0014067943956991462
daily_2644t_risk_on_ridge,1285,,FAILED,0.02265929912920311,0.01773608438457472,0.0006663165232074614
daily_2644t_risk_on_ridge,1286,,FAILED,0.18967601910954604,0.00987343561503807,7.395704788403614e-05
daily_2644t_risk_on_ridge,1287,,FAILED,0.059819587509683664,0.0007072648789493135,0.0052869010428489415
daily_2644t_risk_on_ridge,1288,,FAILED,0.1363929929760379,0.13255419974601793,0.000514157781662319
daily_2644t_risk_on_ridge,1289,,FAILED,0.39443097221136836,0.48493533065884153,0.0003730940723879929
daily_2644t_risk_on_ridge,1290,,FAILED,0.2656122350992628,0.09676459721431284,0.001178207537020305
daily_2644t_risk_on_ridge,1291,,FAILED,0.12199613776519276,0.00531469914727161,0.001579738098920443
daily_2644t_risk_on_ridge,1292,,FAILED,0.03608521987716738,2.4783918363470976,0.00011583552998392913
daily_2644t_risk_on_ridge,1293,,FAILED,0.24623890951216643,0.007455979472934259,8.803870203936912e-05
daily_2644t_risk_on_ridge,1294,,FAILED,0.3454580823205562,0.0001307103724226531,0.022406070090677715
daily_2644t_risk_on_ridge,1295,,FAILED,0.0805545729232105,0.0002940843593541523,0.017754542583667616
daily_2644t_risk_on_ridge,1296,,FAILED,0.012583629520850003,0.00021851823856149422,0.00015364326863993698
daily_2644t_risk_on_ridge,1297,,FAILED,0.15696571269250933,0.012349518796815317,0.0017749336739786936
daily_2644t_risk_on_ridge,1298,,FAILED,0.10352423351960983,0.0008880875246663928,6.518855530174617e-05
daily_2644t_risk_on_ridge,1299,,FAILED,0.1718065971152433,0.0003432331248895334,5.512916720744924e-05
daily_2644t_risk_on_ridge,1300,,FAILED,0.40769803846304925,0.033998111091574586,9.76515651817599e-05
daily_2644t_risk_on_ridge,1301,,FAILED,0.3155716331418691,0.002043864114464137,0.0003031468746816841
daily_2644t_risk_on_ridge,1302,,FAILED,0.09049775710378663,0.0013598528776516637,0.007843007765489076
daily_2644t_risk_on_ridge,1303,,FAILED,0.2029766277562951,0.0004949720242171306,0.00019336076944728633
daily_2644t_risk_on_ridge,1304,,FAILED,0.14581069280827727,0.04508476749422809,0.0029710207634651574
daily_2644t_risk_on_ridge,1305,,FAILED,0.06715544456907682,0.001040345487855115,0.0022827265707912594
daily_2644t_risk_on_ridge,1306,,FAILED,0.22250689483095454,0.004191151431690637,0.04932494444388999
daily_2644t_risk_on_ridge,1307,,FAILED,0.33174607165373404,0.05372337384282061,0.03720191625622355
daily_2644t_risk_on_ridge,1308,,FAILED,0.05438223789908382,0.002994655661509058,0.00013603023441796633
daily_2644t_risk_on_ridge,1309,,FAILED,0.13063084388093343,0.001667322605165274,0.00022426967357507062
daily_2644t_risk_on_ridge,1310,,FAILED,0.11026780477135789,0.0001588689338012095,0.010136987969095665
daily_2644t_risk_on_ridge,1311,,FAILED,0.4671420517821851,0.006206870252958705,0.0004285535378370812
daily_2644t_risk_on_ridge,1312,,FAILED,0.3725592016479667,0.024145883919425074,0.0010609763885862605
daily_2644t_risk_on_ridge,1313,,FAILED,0.17966722660878404,0.6461249402122113,0.0007412066081019048
daily_2644t_risk_on_ridge,1314,,FAILED,0.07584946740120815,7.779425023598395,0.0005522432893234805
daily_2644t_risk_on_ridge,1315,,FAILED,0.15745703890964208,1.6801551803038304,5.0550562058144854e-05
daily_2644t_risk_on_ridge,1316,,FAILED,0.11950638453601402,0.000418685817386855,0.0012682463805595535
daily_2644t_risk_on_ridge,1317,,FAILED,0.13942314556067809,0.0006922176177624705,0.0001685971098127418
daily_2644t_risk_on_ridge,1318,,FAILED,0.19042164979731915,0.017552191811040816,0.0008687679981246234
daily_2644t_risk_on_ridge,1319,,FAILED,0.2921198579954418,0.008940100847188524,0.02829610479740367
daily_2644t_risk_on_ridge,1320,,FAILED,0.031009304223760647,0.3116193792379347,0.003542976272910238
daily_2644t_risk_on_ridge,1321,,FAILED,0.2420139966895622,0.02979828777787712,0.0018767273152877
daily_2644t_risk_on_ridge,1322,,FAILED,0.21302555642211832,0.06990134080789613,0.0015823551913150987
daily_2644t_risk_on_ridge,1323,,FAILED,0.09803986111881123,0.00019256187885564782,0.00024320773090914064
daily_2644t_risk_on_ridge,1324,,FAILED,0.16653892496201167,0.1899279460590228,0.0004795592086835111
daily_2644t_risk_on_ridge,1325,,FAILED,0.008655482765253138,0.001130822107861568,0.00033491377522011477
daily_2644t_risk_on_ridge,1326,,FAILED,0.08295239796653411,0.01149560444119662,0.00010885561081399801
daily_2644t_risk_on_ridge,1327,,FAILED,0.27574282173792775,0.00012272217477599207,0.012162469848058006
daily_2644t_risk_on_ridge,1328,,FAILED,0.15490911637743854,0.0024333520160464686,8.000650969919877e-05
daily_2644t_risk_on_ridge,1329,,FAILED,0.2301903632120614,0.0034814613983293065,0.00036762591628879896
daily_2644t_risk_on_ridge,1330,,FAILED,0.255507891341074,0.0002446922276168889,0.0001435633492048699
daily_2644t_risk_on_ridge,1331,,FAILED,0.12839053712132584,0.00034779202666372134,6.222940044951231e-05
daily_2644t_risk_on_ridge,1332,,FAILED,0.49981485761966205,0.0005793169236400306,0.0002763156036738274
daily_2644t_risk_on_ridge,1333,,FAILED,0.05353344518736157,0.0049853876040446155,0.004603289258316439
daily_2644t_risk_on_ridge,1334,,FAILED,0.14539597577131316,0.013519268625852907,0.0001962287906398759
daily_2644t_risk_on_ridge,1335,,FAILED,0.021371576170893462,0.0018130523758635947,0.0006050354510671516
daily_2644t_risk_on_ridge,1336,,FAILED,0.00044400034572270475,0.24153042656582993,0.014945856711078682
daily_2644t_risk_on_ridge,1337,,FAILED,0.115171445121179,0.037938090957918606,0.001122577422437337
daily_2644t_risk_on_ridge,1338,,FAILED,0.06823969818459134,0.0931078447269763,0.0014303075304884253
daily_2644t_risk_on_ridge,1339,,FAILED,0.2001047112782106,0.0008143908525105548,0.009445726691634697
daily_2644t_risk_on_ridge,1340,,FAILED,0.42099526475941407,0.00782529284494546,0.00017010997195526683
daily_2644t_risk_on_ridge,1341,,FAILED,0.3541781478886483,0.019335083933658122,0.00012466780755088694
daily_2644t_risk_on_ridge,1342,,FAILED,0.04512825341484053,0.0012215590746127464,0.0008534566518125057
daily_2644t_risk_on_ridge,1343,,FAILED,0.08845351321568379,0.8587228065701717,0.002507940470074067
daily_2644t_risk_on_ridge,1344,,FAILED,0.1806369834430588,1.3106132844111498,0.0068295781897460455
daily_2644t_risk_on_ridge,1345,,FAILED,0.13829881646942516,3.1916478061231888,0.003986983331024071
daily_2644t_risk_on_ridge,1346,,FAILED,0.16611080526703417,5.0780906541840976,0.00039811048003760723
daily_2644t_risk_on_ridge,1347,,FAILED,0.10463703165588498,0.053088351221261765,0.002100695464073193
daily_2644t_risk_on_ridge,1348,,FAILED,0.12765421910933208,0.14343614291505563,7.139469843489613e-05
daily_2644t_risk_on_ridge,1349,,FAILED,0.21279898308640116,0.0014765461230464296,0.0006936729018420208
daily_2644t_risk_on_ridge,1350,,FAILED,0.15479343082216815,0.0004421393994725189,0.01903328860641228
daily_2644t_risk_on_ridge,1351,,FAILED,0.06820367897708103,0.004482315708390752,0.003066779580583813
daily_2644t_risk_on_ridge,1352,,FAILED,0.05942228200250592,0.0022193366879688617,9.088782873155067e-05
daily_2644t_risk_on_ridge,1353,,FAILED,0.14800332418038972,0.0002688411637509021,0.0009874189903670953
daily_2644t_risk_on_ridge,1354,,FAILED,0.23376974167239903,0.00016895184494441508,0.02381388632519185
daily_2644t_risk_on_ridge,1355,,FAILED,0.016131863068784648,0.006487119503426614,0.0004947060722317656
daily_2644t_risk_on_ridge,1356,,FAILED,0.09492977744466759,0.009777563749346085,0.0012274292454399842
daily_2644t_risk_on_ridge,1357,,FAILED,0.1731635592841892,0.0009061889715564996,0.00022357003523443617
daily_2644t_risk_on_ridge,1358,,FAILED,0.07940164815140187,1.9612279563028008,0.00026025809753461946
daily_2644t_risk_on_ridge,1359,,FAILED,0.1182620004883503,0.027744340977865444,0.0017817733600936697
daily_2644t_risk_on_ridge,1360,,FAILED,0.034900868907509854,0.398090293663298,0.0003307341878825085
daily_2644t_risk_on_ridge,1361,,FAILED,0.1403525318653801,0.002957131921845726,0.00014074254587549773
daily_2644t_risk_on_ridge,1362,,FAILED,0.19448991110564565,0.038533415138368214,0.00011169659943189557
daily_2644t_risk_on_ridge,1363,,FAILED,0.3042586688533433,0.07522887823327948,0.01099097250981963
daily_2644t_risk_on_ridge,1364,,FAILED,0.3375237516409918,0.00035372960181407503,0.0013720991125946499
daily_2644t_risk_on_ridge,1365,,FAILED,0.36469580407806795,0.0006863590234273621,0.0004257638076778867
daily_2644t_risk_on_ridge,1366,,FAILED,0.21851934695630024,0.014937375616327946,6.183627173387746e-05
daily_2644t_risk_on_ridge,1367,,FAILED,0.26564264699735274,0.02359722149841392,0.0060143288544252166
daily_2644t_risk_on_ridge,1368,,FAILED,0.45278243669188084,0.00013966560304981492,0.03610781984895423
daily_2644t_risk_on_ridge,1369,,FAILED,0.13206906374465666,0.0005208412560039532,0.007868350712333215
daily_2644t_risk_on_ridge,1370,,FAILED,0.3803284703204288,0.0014560700536990127,0.0005814730623433607
daily_2644t_risk_on_ridge,1371,,FAILED,0.2849854559842184,0.00020945609903432643,0.00020287735548228544
daily_2644t_risk_on_ridge,1372,,FAILED,0.0464918762661623,0.0010889048574218374,0.0015703662771688377
daily_2644t_risk_on_ridge,1373,,FAILED,0.20528008603241402,0.003613261801386504,0.03166738966982622
daily_2644t_risk_on_ridge,1374,,FAILED,0.1627227616663512,0.005294769128817431,0.04451910423887778
daily_2644t_risk_on_ridge,1375,,FAILED,0.11172724661321251,0.06217918199468454,0.00015921531756261844
daily_2644t_risk_on_ridge,1376,,FAILED,0.07365676717232497,0.0021154913625586807,0.0002897770030427992
daily_2644t_risk_on_ridge,1377,,FAILED,0.15071100216820002,0.0003060774867881221,9.74771687317339e-05
daily_2644t_risk_on_ridge,1378,,FAILED,0.24433289093581567,0.530606170265735,0.0007716243008336048
daily_2644t_risk_on_ridge,1379,,FAILED,0.06281019925691578,1.0407996938275084,0.005379514073270572
daily_2644t_risk_on_ridge,1380,,FAILED,0.1881616179891493,0.03133119533241043,0.013584370820285786
daily_2644t_risk_on_ridge,1381,,FAILED,0.0973860268974671,0.00012263587692009243,0.0001831604016007211
daily_2644t_risk_on_ridge,1382,,FAILED,0.13533038687826562,0.04466121895531088,0.0011284254415808094
daily_2644t_risk_on_ridge,1383,,FAILED,0.025524935713718663,0.11528463425516293,0.00038094964656913986
daily_2644t_risk_on_ridge,1384,,FAILED,0.009354229337663791,0.010846415106616292,0.0033663047017194877
daily_2644t_risk_on_ridge,1385,,FAILED,0.32526803069653987,0.0070089153225751525,0.0009668431555901821
daily_2644t_risk_on_ridge,1386,,FAILED,0.08642843912794898,0.0009112350920260249,7.188760201823759e-05
daily_2644t_risk_on_ridge,1387,,FAILED,0.11923779409600115,0.00179013464657556,0.0027332285967586597
daily_2644t_risk_on_ridge,1388,,FAILED,0.17840179547835394,0.018967917482584806,5.4915742835732865e-05
daily_2644t_risk_on_ridge,1389,,FAILED,0.22412540164246775,0.21479878502757144,0.00012522783840916775
daily_2644t_risk_on_ridge,1390,,FAILED,0.43616321485084913,0.0026915668846224277,0.0019933920127771987
daily_2644t_risk_on_ridge,1391,,FAILED,0.1443650484311924,0.00039932522539110516,8.001983442575497e-05
daily_2644t_risk_on_ridge,1392,,FAILED,0.12433855739598804,0.0013159647173308358,0.00046043691928500033
daily_2644t_risk_on_ridge,1393,,FAILED,0.05805075025884133,0.013037991640020868,0.00015372648824831165
daily_2644t_risk_on_ridge,1394,,FAILED,0.15805959539248024,0.0005431182358552185,0.0005552938379494759
daily_2644t_risk_on_ridge,1395,,FAILED,0.2549849593773144,0.00020523126407938182,0.0006572665937109507
daily_2644t_risk_on_ridge,1396,,FAILED,0.4864008577038386,0.00010177359742855398,0.0002459113106042143
daily_2644t_risk_on_ridge,1397,,FAILED,0.03487474228547825,0.690436529348103,5.05205094947304e-05
daily_2644t_risk_on_ridge,1398,,FAILED,0.10737888476315127,0.0040252657369972515,0.0013178833839523408
daily_2644t_risk_on_ridge,1399,,FAILED,0.3149669037194635,0.000778942149975341,0.009239930575601808
daily_2644t_risk_on_ridge,1400,,FAILED,0.07157080721903822,4.3550511854454905,0.00030721705264833186
daily_2644t_risk_on_ridge,1401,,FAILED,0.16562695323829854,0.00024671691654183376,0.0016986427124690967
daily_2644t_risk_on_ridge,1402,,FAILED,0.2748790661322369,2.765732757707411,0.01646501319795669
daily_2644t_risk_on_ridge,1403,,FAILED,0.3451334161843772,0.008249606709674971,0.0022597372894499947
daily_2644t_risk_on_ridge,1404,,FAILED,0.08293239671960086,0.00015960921102176038,0.0001918868605459713
daily_2644t_risk_on_ridge,1405,,FAILED,0.05073607373892644,0.31343906742271277,0.026205847967535063
daily_2644t_risk_on_ridge,1406,,FAILED,0.2086970915547409,0.02561065847662623,0.0008199969593871075
daily_2644t_risk_on_ridge,1407,,FAILED,0.236190096494304,0.0157782750620769,0.0003510875900014019
daily_2644t_risk_on_ridge,1408,,FAILED,0.40241200590112997,7.991091576552519,0.00043196896784178775
daily_2644t_risk_on_ridge,1409,,FAILED,0.13197398856630613,0.08867289624069132,0.0014581529109908482
daily_2644t_risk_on_ridge,1410,,FAILED,0.14846091031411915,0.005789653750055036,0.00011216573019040297
daily_2644t_risk_on_ridge,1411,,FAILED,0.09768946538595649,0.03724799913504405,0.004477143807572081
daily_2644t_risk_on_ridge,1412,,FAILED,0.29329465538243255,0.05198602849530519,0.0010874127498841334
daily_2644t_risk_on_ridge,1413,,FAILED,0.1962276349192085,0.001010938758341872,9.157591909745342e-05
daily_2644t_risk_on_ridge,1414,,FAILED,0.4149924836270049,0.0006022971594992392,0.00022593152414027525
daily_2644t_risk_on_ridge,1415,,FAILED,0.01732354841112737,0.0014971389516957876,0.00013208077282120552
daily_2644t_risk_on_ridge,1416,,FAILED,0.12362954984790137,0.003501237414859532,0.00016400871704598763
daily_2644t_risk_on_ridge,1417,,FAILED,0.0756995742984307,0.0004525392424222929,0.0005047884597397824
daily_2644t_risk_on_ridge,1418,,FAILED,0.17370623107347896,0.004467459238645428,0.007396641752619181
daily_2644t_risk_on_ridge,1419,,FAILED,0.473039599638904,0.00029644603904096893,0.00017654782957537312
daily_2644t_risk_on_ridge,1420,,FAILED,0.21676956463138305,1.5526404975501191,0.0009396617597445074
daily_2644t_risk_on_ridge,1421,,FAILED,0.11010620561031588,0.010242297498267603,6.864996437156774e-05
daily_2644t_risk_on_ridge,1422,,FAILED,0.0008071509676377897,0.0024958071956329665,0.00027124730131632753
daily_2644t_risk_on_ridge,1423,,FAILED,0.3899467016865661,0.16410990898014746,0.03859801792252553
daily_2644t_risk_on_ridge,1424,,FAILED,0.06473812598771642,0.0018282468851773506,0.0039283141762899145
daily_2644t_risk_on_ridge,1425,,FAILED,0.1401404967680717,0.0012480658270752523,0.001279558680239023
daily_2644t_risk_on_ridge,1426,,FAILED,0.15489973638102036,0.00022882753822700788,0.0496047222586267
daily_2644t_risk_on_ridge,1427,,FAILED,0.18244473882872672,0.00033465976218637495,0.001985099186237952
daily_2644t_risk_on_ridge,1428,,FAILED,0.16156916517008554,0.001015400571559512,0.011749220630515452
daily_2644t_risk_on_ridge,1429,,FAILED,0.050684755615076675,0.02244115889821918,0.020944634429644608
daily_2644t_risk_on_ridge,1430,,FAILED,0.08987427981337925,0.0007447510186271521,0.0006599753164616403
daily_2644t_risk_on_ridge,1431,,FAILED,0.03290610085844444,0.03258648043058703,0.0025185041368183127
daily_2644t_risk_on_ridge,1432,,FAILED,0.22958992877402798,6.24809800997967,6.010324180038216e-05
daily_2644t_risk_on_ridge,1433,,FAILED,0.1297167129484989,0.0593490456429913,0.00010740947624434125
daily_2644t_risk_on_ridge,1434,,FAILED,0.2608792804612979,0.00015761316067937524,0.00014741515528578276
daily_2644t_risk_on_ridge,1435,,FAILED,0.010862873174602066,0.003011112007548896,0.00038264638501333935
daily_2644t_risk_on_ridge,1436,,FAILED,0.14556815500534814,0.007403147372704188,0.0015314627259293639
daily_2644t_risk_on_ridge,1437,,FAILED,0.20319588962360594,2.183449482897084,0.0007919700797336638
daily_2644t_risk_on_ridge,1438,,FAILED,0.30296602780113707,0.0004231303727422321,0.00020529100913940315
daily_2644t_risk_on_ridge,1439,,FAILED,0.09935113268233717,0.013053289868681492,0.006367637289538493
daily_2644t_risk_on_ridge,1440,,FAILED,0.04388970129401305,0.47435927897280067,8.464294357812568e-05
daily_2644t_risk_on_ridge,1441,,FAILED,0.02247645328126886,0.017999821607259877,0.03218149738696252
daily_2644t_risk_on_ridge,1442,,FAILED,0.06206693414810321,0.04698222459168798,0.008220303510154623
daily_2644t_risk_on_ridge,1443,,FAILED,0.2487066128198313,0.07531429135398844,0.003318278816364918
daily_2644t_risk_on_ridge,1444,,FAILED,0.1895300834821673,0.11007008569291873,0.005383804449457782
daily_2644t_risk_on_ridge,1445,,FAILED,0.11614253314672571,0.002249558741962175,0.0003288846396785268
daily_2644t_risk_on_ridge,1446,,FAILED,0.07848265547513522,0.24970733126928515,0.0005624083875961833
daily_2644t_risk_on_ridge,1447,,FAILED,0.4283159262104549,0.005516685647926312,0.001690562155040584
daily_2644t_risk_on_ridge,1448,,FAILED,0.16853830151271906,0.0005964648289366264,0.00013531378751679567
daily_2644t_risk_on_ridge,1449,,FAILED,0.3552627867465743,0.00012364689856631447,0.0004258492005521154
daily_2644t_risk_on_ridge,1450,,FAILED,0.13277208754041508,0.0016293767739151638,0.0011331281649348734
daily_2644t_risk_on_ridge,1451,,FAILED,0.15330381248334757,0.8876231376355418,0.00048647936364178964
daily_2644t_risk_on_ridge,1452,,FAILED,0.21216632679987035,0.0002568901716946143,0.009941904904571107
daily_2644t_risk_on_ridge,1453,,FAILED,0.3306485422197344,0.008718954453636631,0.0002449069471625428
daily_2644t_risk_on_ridge,1454,,FAILED,0.14248859178344872,0.000186661571685398,0.0028032298804930504
daily_2644t_risk_on_ridge,1455,,FAILED,0.22157198217103602,9.926412119555998,0.000979862107550477
daily_2644t_risk_on_ridge,1456,,FAILED,0.10942333913422245,0.0011354236234926444,9.908772590575447e-05
daily_2644t_risk_on_ridge,1457,,FAILED,0.08955832763332124,0.0038794264271537716,0.0012871549671049163
daily_2644t_risk_on_ridge,1458,,FAILED,0.4474823684956388,3.7503044610560408,6.125325904459188e-05
daily_2644t_risk_on_ridge,1459,,FAILED,0.2819998068761244,0.028231879057177056,0.0001683739897928728
daily_2644t_risk_on_ridge,1460,,FAILED,0.056902109520779204,0.0009227119193894841,0.041220309086700054
daily_2644t_risk_on_ridge,1461,,FAILED,0.07223436685621255,0.00036965666510022544,0.013435688645187429
daily_2644t_risk_on_ridge,1462,,FAILED,0.12013183226756834,0.03647966787525593,0.0019507647083099185
daily_2644t_risk_on_ridge,1463,,FAILED,0.3126961429304116,0.0148887358571,0.0003108628215886843
daily_2644t_risk_on_ridge,1464,,FAILED,0.17606092602286555,0.0006803836552332062,7.407467066443167e-05
daily_2644t_risk_on_ridge,1465,,FAILED,0.03854179715047955,0.38294421317118615,0.00011330895063681333
daily_2644t_risk_on_ridge,1466,,FAILED,0.1588681069015657,1.2584911702305337,0.00021142076765188821
daily_2644t_risk_on_ridge,1467,,FAILED,0.37350314101386667,0.0063139780634098395,0.0003856568334822068
daily_2644t_risk_on_ridge,1468,,FAILED,0.13490685260466292,0.021243674351820802,0.002306421637330262
daily_2644t_risk_on_ridge,1469,,FAILED,0.10122421440299523,0.004574651365348776,0.004853034438863779
daily_2644t_risk_on_ridge,1470,,FAILED,0.026487308006405932,0.001365553952356442,0.0006859898444605053
daily_2644t_risk_on_ridge,1471,,FAILED,0.0848881872219382,0.0004794485440483992,0.0014146276297257907
daily_2644t_risk_on_ridge,1472,,FAILED,0.23696075847006984,0.010539567079972934,5.009169249052682e-05
daily_2644t_risk_on_ridge,1473,,FAILED,0.12826630672511144,0.003083577861597617,0.025925638723413056
daily_2644t_risk_on_ridge,1474,,FAILED,0.011610029491637652,0.002012765345679824,0.00012846454174375422
daily_2644t_risk_on_ridge,1475,,FAILED,0.19194251373754773,0.1344265374130115,0.00018033791820547203
daily_2644t_risk_on_ridge,1476,,FAILED,0.14587779957182045,0.00031538974330915247,0.0009225905120330844
daily_2644t_risk_on_ridge,1477,,FAILED,0.1640937406519546,0.19310508781352018,0.0002716332097928712
daily_2644t_risk_on_ridge,1478,,FAILED,0.20309920929868797,0.0462372218734482,0.00015138670027547635
daily_2644t_risk_on_ridge,1479,,FAILED,0.07570967003733879,0.0007980598635816316,0.0016326427735439029
daily_2644t_risk_on_ridge,1480,,FAILED,0.26724753293886827,0.32236745973061626,0.0010651134019600435
daily_2644t_risk_on_ridge,1481,,FAILED,0.22561519466686294,0.0001439468042382315,0.0005368409668720742
daily_2644t_risk_on_ridge,1482,,FAILED,0.06552507832853038,0.00020978274258395008,0.00857406438369274
daily_2644t_risk_on_ridge,1483,,FAILED,0.2951931005132965,0.0005454583157831382,8.29222547085332e-05
daily_2644t_risk_on_ridge,1484,,FAILED,0.04550106273830154,0.0026450790827785425,0.0006007183692285852
daily_2644t_risk_on_ridge,1485,,FAILED,0.15422068470525754,0.0016504404174253668,0.0003439293932605477
daily_2644t_risk_on_ridge,1486,,FAILED,0.1393660294434477,0.060907725899544865,0.0007919611847278459
daily_2644t_risk_on_ridge,1487,,FAILED,0.0002942202636768438,0.5945970263211275,0.015329735471566101
daily_2644t_risk_on_ridge,1488,,FAILED,0.12057027283607086,0.009119077799400731,0.0004571139389927566
daily_2644t_risk_on_ridge,1489,,FAILED,0.24514908629076435,0.0012618667973292215,0.0011949567789056987
daily_2644t_risk_on_ridge,1490,,FAILED,0.4623226290295589,0.03093082486589912,0.019336005267555047
daily_2644t_risk_on_ridge,1491,,FAILED,0.1693688921832537,0.0002746445101936098,5.76381971118157e-05
daily_2644t_risk_on_ridge,1492,,FAILED,0.10397886117682784,0.08313985655566261,6.680048812117385e-05
daily_2644t_risk_on_ridge,1493,,FAILED,0.05277806957156099,0.0001165640753733152,0.00019501828484475508
daily_2644t_risk_on_ridge,1494,,FAILED,0.08384684049459737,0.01715001434287755,0.0017815998377419366
daily_2644t_risk_on_ridge,1495,,FAILED,0.21282654298928275,0.01201803764191359,9.306585522971984e-05
daily_2644t_risk_on_ridge,1496,,FAILED,0.020875594195925485,0.025280694832763784,0.0002220474616975951
daily_2644t_risk_on_ridge,1497,,FAILED,0.3628960283401059,0.004311861392098087,0.0001401139042353565
daily_2644t_risk_on_ridge,1498,,FAILED,0.15032998200519826,0.0001747198576226592,0.004081820967976483
daily_2644t_risk_on_ridge,1499,,FAILED,0.3455723421399644,0.0003836230901417889,0.007486364729703344
daily_2644t_risk_on_ridge,1500,,FAILED,0.12492497423949912,0.00647959095320751,0.010727210173830761
daily_2644t_risk_on_ridge,1501,,FAILED,0.13655071017224676,0.0021502148757749444,0.033675004465631465
daily_2644t_risk_on_ridge,1502,,FAILED,0.17882261531789612,0.0009707633046678786,0.00011753103809549752
daily_2644t_risk_on_ridge,1503,,FAILED,0.11026167875644216,0.0034855135310845812,0.006831321871340618
daily_2644t_risk_on_ridge,1504,,FAILED,0.06748825140717303,0.0007451608077123747,0.0014646383135028611
daily_2644t_risk_on_ridge,1505,,FAILED,0.09139418379033731,0.019500191489136627,0.00041010443288620735
daily_2644t_risk_on_ridge,1506,,FAILED,0.3222157733863643,0.00010170138963737527,0.00029773745053553456
daily_2644t_risk_on_ridge,1507,,FAILED,0.03465612747610737,0.0014291639812912679,0.0035440352743352703
daily_2644t_risk_on_ridge,1508,,FAILED,0.05746756637906628,1.8555153736259533,0.00015836759896488393
daily_2644t_risk_on_ridge,1509,,FAILED,0.19400072130797935,0.03992356959880624,0.0020230878365343264
daily_2644t_risk_on_ridge,1510,,FAILED,0.27637131710603347,5.281748169719728,0.0029418263278209044
daily_2644t_risk_on_ridge,1511,,FAILED,0.009449975222980373,0.10572472408501139,0.00025263406303577924
daily_2644t_risk_on_ridge,1512,,FAILED,0.25822792941376566,0.007701555677871149,0.00584952144092406
daily_2644t_risk_on_ridge,1513,,FAILED,0.16373524354632069,3.276384286238303,0.04281934710768476
daily_2644t_risk_on_ridge,1514,,FAILED,0.2336874897187368,0.013587105892774566,0.0006631506237555941
daily_2644t_risk_on_ridge,1515,,FAILED,0.18502372726484703,0.00502939137850694,0.0012537100385850996
daily_2644t_risk_on_ridge,1516,,FAILED,0.07943580756303688,0.00022805308639062545,0.0004979776671138635
daily_2644t_risk_on_ridge,1517,,FAILED,0.1427943954314895,0.06704805830761289,0.002514139633831372
daily_2644t_risk_on_ridge,1518,,FAILED,0.21595436406139548,0.000493721670860827,0.00018197381199927236
daily_2644t_risk_on_ridge,1519,,FAILED,0.4802617862769985,0.0010806424015404271,0.0010674097529681712
daily_2644t_risk_on_ridge,1520,,FAILED,0.13143524149713043,0.17453329654889846,0.022845370267339446
daily_2644t_risk_on_ridge,1521,,FAILED,0.3831962242518796,0.0018579918378960449,0.0008717570952552263
daily_2644t_risk_on_ridge,1522,,FAILED,0.11608822411234712,0.0003361996937462525,0.0003447233708420205
daily_2644t_risk_on_ridge,1523,,FAILED,0.17171456473699953,0.00014222992068436095,0.000100249735210463
daily_2644t_risk_on_ridge,1524,,FAILED,0.09496515632607451,0.0006449799271946182,6.898255204479898e-05
daily_2644t_risk_on_ridge,1525,,FAILED,0.3362958939434048,1.1375340446554725,0.0018286079458433896
daily_2644t_risk_on_ridge,1526,,FAILED,0.15065926637317625,0.0028225457897676606,0.028168662793345567
daily_2644t_risk_on_ridge,1527,,FAILED,0.20136420695907462,0.1383685706184478,0.0014188769057659212
daily_2644t_risk_on_ridge,1528,,FAILED,0.07047606420719084,0.8104684286051845,0.01696944816712567
daily_2644t_risk_on_ridge,1529,,FAILED,0.04530108722918943,0.043023568269331146,0.0007615922884202208
daily_2644t_risk_on_ridge,1530,,FAILED,0.1252842487520708,0.027235856893421527,0.0001309359722860094
daily_2644t_risk_on_ridge,1531,,FAILED,0.2883171146076321,0.000923980421822618,0.0022340879529072462
daily_2644t_risk_on_ridge,1532,,FAILED,0.22241284529555422,0.00028539525800994146,0.000391831430800106
daily_2644t_risk_on_ridge,1533,,FAILED,0.15569770258914936,0.44769297215758813,0.00022225078245818506
daily_2644t_risk_on_ridge,1534,,FAILED,0.13636786852417837,0.23144930520832405,0.0016043435519826333
daily_2644t_risk_on_ridge,1535,,FAILED,0.41103136186153433,0.00911058937685466,5.841631362017058e-05
daily_2644t_risk_on_ridge,1536,,FAILED,0.39957334360519603,0.0003870378483396553,0.012433772850168933
daily_2644t_risk_on_ridge,1537,,FAILED,0.10414099840433289,2.7048361559283185,0.0005478271476913099
daily_2644t_risk_on_ridge,1538,,FAILED,0.020604118781050042,0.0012187279790125522,0.00046009741247453556
daily_2644t_risk_on_ridge,1539,,FAILED,0.30195496940783595,0.0058804540663953695,0.00015670954823836033
daily_2644t_risk_on_ridge,1540,,FAILED,0.07905925944183716,0.053873775719034754,0.0002812528702672497
daily_2644t_risk_on_ridge,1541,,FAILED,0.05832849339557051,0.00018869953359621172,7.529416421728649e-05
daily_2644t_risk_on_ridge,1542,,FAILED,0.43938417339578434,0.0017860889475429644,0.00863121053588604
daily_2644t_risk_on_ridge,1543,,FAILED,0.031027796287075266,0.016002287440725634,0.001187355697242863
daily_2644t_risk_on_ridge,1544,,FAILED,0.1823550566589041,0.021072204520868245,0.00480665468593463
daily_2644t_risk_on_ridge,1545,,FAILED,0.2451134757040289,0.03283636477943794,0.00011199337292063794
daily_2644t_risk_on_ridge,1546,,FAILED,0.09131130124515774,0.0038508339931342833,8.441430775323733e-05
daily_2644t_risk_on_ridge,1547,,FAILED,0.14689191741183547,0.000550744286723425,0.0003606216362178838
daily_2644t_risk_on_ridge,1548,,FAILED,0.20593395055021063,0.002342793117577304,0.00020308442640299052
daily_2644t_risk_on_ridge,1549,,FAILED,0.009231895698625123,0.01243797376690633,0.0009868971163581198
daily_2644t_risk_on_ridge,1550,,FAILED,0.161865790852961,0.0014699804071310627,0.0001424516930285894
daily_2644t_risk_on_ridge,1551,,FAILED,0.11417351781171849,0.00045238190347243507,0.0006239313234465792
daily_2644t_risk_on_ridge,1552,,FAILED,0.06968684860878883,0.08655715377894234,0.00017796587715788426
daily_2644t_risk_on_ridge,1553,,FAILED,0.14200402944399662,0.29043204485238644,0.0008797823301769626
daily_2644t_risk_on_ridge,1554,,FAILED,0.22857732965569016,0.007072657535207432,0.006739027967636878
daily_2644t_risk_on_ridge,1555,,FAILED,0.3130337922035385,0.0007094676856088428,0.0030526202461694366
daily_2644t_risk_on_ridge,1556,,FAILED,0.0495818100293792,0.6897322284799844,0.03825854078890846
daily_2644t_risk_on_ridge,1557,,FAILED,0.12694021336891417,0.000261364139788454,0.0013533496732826735
daily_2644t_risk_on_ridge,1558,,FAILED,0.19691697408267583,0.0047826722922105335,0.031117053219145645
daily_2644t_risk_on_ridge,1559,,FAILED,0.06143094569151622,0.010169244892725452,0.004222414046347258
daily_2644t_risk_on_ridge,1560,,FAILED,0.03997657485517479,0.00015341708344608512,0.0001227784127249937
daily_2644t_risk_on_ridge,1561,,FAILED,0.09804677259208622,0.00010108757995258012,0.04985558130856068
daily_2644t_risk_on_ridge,1562,,FAILED,0.15235587737926135,0.0012459444321998912,5.060852280620822e-05
daily_2644t_risk_on_ridge,1563,,FAILED,0.16965213658331194,0.0032718819350281035,0.009995043148856053
daily_2644t_risk_on_ridge,1564,,FAILED,0.08492154743450127,7.275005293826707,0.0003155309333815529
daily_2644t_risk_on_ridge,1565,,FAILED,0.13474720533856763,0.0008621912066337817,0.0001018421756738589
daily_2644t_risk_on_ridge,1566,,FAILED,0.42179254337390126,0.06013812865348905,0.00023124098732623066
daily_2644t_risk_on_ridge,1567,,FAILED,0.10562087079604682,1.4343608758980375,0.00042798629078871737
daily_2644t_risk_on_ridge,1568,,FAILED,0.02639001679024755,0.033637561063004896,0.00075199097149168
daily_2644t_risk_on_ridge,1569,,FAILED,0.23742122197831045,0.0024978703000439707,6.304684120059614e-05
daily_2644t_risk_on_ridge,1570,,FAILED,0.26594059698499484,0.00018472392370967746,0.005512203514380829
daily_2644t_risk_on_ridge,1571,,FAILED,0.21766725149303842,0.0003645233509537142,0.0016518185010689441
daily_2644t_risk_on_ridge,1572,,FAILED,0.11613590493397459,4.324184034575589,0.00016603221968031966
daily_2644t_risk_on_ridge,1573,,FAILED,0.015355063188308852,0.0016773663986619893,0.0021798331846320795
daily_2644t_risk_on_ridge,1574,,FAILED,0.25265850279084257,0.025403732210174335,0.011098253776766204
daily_2644t_risk_on_ridge,1575,,FAILED,0.17809630312333039,0.0429743570380499,0.0005299606490874427
daily_2644t_risk_on_ridge,1576,,FAILED,0.07228641891593454,0.017453550364896087,0.0011043330275685877
daily_2644t_risk_on_ridge,1577,,FAILED,0.16127948136703424,0.00022131532508039325,0.0012804648237660272
daily_2644t_risk_on_ridge,1578,,FAILED,0.3268503153928391,0.3771978362096767,0.0003712919049177151
daily_2644t_risk_on_ridge,1579,,FAILED,0.12392391490310617,0.0010690841272005935,0.002651391732457963
daily_2644t_risk_on_ridge,1580,,FAILED,0.00028340929179793313,0.0049592624452654095,0.0002719878357362809
daily_2644t_risk_on_ridge,1581,,FAILED,0.35025875207330126,2.290642231163172,0.014553140874848295
daily_2644t_risk_on_ridge,1582,,FAILED,0.1873954723084701,0.07627435105506752,0.0019161737163509956
daily_2644t_risk_on_ridge,1583,,FAILED,0.20866132196458878,0.00012620393815749047,8.213359946210147e-05
daily_2644t_risk_on_ridge,1584,,FAILED,0.13952893448628106,0.0077981691754386235,0.00019803494306040763
daily_2644t_risk_on_ridge,1585,,FAILED,0.38973166935557735,0.5455051425998786,0.00013718810095192464
daily_2644t_risk_on_ridge,1586,,FAILED,0.08519860048791054,0.014335988629783945,0.003569378913431396
daily_2644t_risk_on_ridge,1587,,FAILED,0.36849719796381397,0.0003053818092903222,0.000596469966432209
daily_2644t_risk_on_ridge,1588,,FAILED,0.15118187943322328,0.0005682675598601804,0.009274795146438624
daily_2644t_risk_on_ridge,1589,,FAILED,0.050968602759502636,0.0020546841091015665,0.001456031291945898
daily_2644t_risk_on_ridge,1590,,FAILED,0.2758504891140704,0.11552564524051759,5.7795282498387e-05
daily_2644t_risk_on_ridge,1591,,FAILED,0.06362061070498963,1.0345042872147092,0.0004680974442761508
daily_2644t_risk_on_ridge,1592,,FAILED,0.13120089225996526,0.003643273247729721,0.024829624990995752
daily_2644t_risk_on_ridge,1593,,FAILED,0.15874352345644793,0.052013175325499116,0.000997972757796681
daily_2644t_risk_on_ridge,1594,,FAILED,0.07719432204938112,0.022363706905456884,0.0002589240120939296
daily_2644t_risk_on_ridge,1595,,FAILED,0.0963246855622745,0.006373713157555786,9.239035889035126e-05
daily_2644t_risk_on_ridge,1596,,FAILED,0.11477025121322712,0.0009110952820596683,0.00017392550105536616
daily_2644t_risk_on_ridge,1597,,FAILED,0.1409618461931911,0.00040223291048985585,7.029865393532905e-05
daily_2644t_risk_on_ridge,1598,,FAILED,0.04171064115732956,0.0014460917989872635,0.00757701277289525
daily_2644t_risk_on_ridge,1599,,FAILED,0.2263689274521597,0.16364426585564606,0.00011875730224872648
daily_2644t_risk_on_ridge,1600,,FAILED,0.17537120469410855,0.010234644381456293,0.0003205432147281778
daily_2644t_risk_on_ridge,1601,,FAILED,0.4593410053024931,0.00272009280712537,0.0007143181852354386
daily_2644t_risk_on_ridge,1602,,FAILED,0.19760727338634565,0.0007303399195370447,0.006339536929069922
daily_2644t_risk_on_ridge,1603,,FAILED,0.019600677476833236,0.0002419477675696471,0.00041594780960469075
daily_2644t_risk_on_ridge,1604,,FAILED,0.06069620100490331,0.00014099225521275552,0.001866394691135769
daily_2644t_risk_on_ridge,1605,,FAILED,0.14635006255494248,0.037360410701883555,0.018075899513340057
daily_2644t_risk_on_ridge,1606,,FAILED,0.2882579107998013,0.0011183736175938307,0.034980910344995085
daily_2644t_risk_on_ridge,1607,,FAILED,0.29962673951889923,0.21780088876146064,0.0015000202841059936
daily_2644t_risk_on_ridge,1608,,FAILED,0.033462179764656624,0.00017967284574764124,0.00015314064044465582
daily_2644t_risk_on_ridge,1609,,FAILED,0.1678062155850117,0.0004651210391513417,0.0011739386381327307
daily_2644t_risk_on_ridge,1610,,FAILED,0.1086933788762688,0.003948235872897343,0.0008271151271394225
daily_2644t_risk_on_ridge,1611,,FAILED,0.12347900743203678,0.011704012145662667,0.0003444564483533097
daily_2644t_risk_on_ridge,1612,,FAILED,0.08813563789663278,0.005742803363130195,0.0004976455168973141
daily_2644t_risk_on_ridge,1613,,FAILED,0.2548510298762283,0.001568205991538478,0.0031965648865273782
daily_2644t_risk_on_ridge,1614,,FAILED,0.07203351778302765,0.025520755482799005,0.00022400076928697627
daily_2644t_risk_on_ridge,1615,,FAILED,0.20728678066976045,0.008421904308103322,0.044552853661998175
daily_2644t_risk_on_ridge,1616,,FAILED,0.009879973561550688,1.7827458466983834,0.012736227284376086
daily_2644t_risk_on_ridge,1617,,FAILED,0.13289751155141344,0.0002921770388108668,0.00010420240918539187
daily_2644t_risk_on_ridge,1618,,FAILED,0.1576980491510504,0.002123755692287691,0.0024292340101110645
daily_2644t_risk_on_ridge,1619,,FAILED,0.31369995530097605,0.0006124199928919046,0.0008969650184892595
daily_2644t_risk_on_ridge,1620,,FAILED,0.4920043194300009,0.0029405121025669985,0.0006371076843454358
daily_2644t_risk_on_ridge,1621,,FAILED,0.18759903551947157,0.06901382921143215,0.02068234422300483
daily_2644t_risk_on_ridge,1622,,FAILED,0.23622084639648133,0.03010860620238166,0.00020039426833277457
daily_2644t_risk_on_ridge,1623,,FAILED,0.052923790364209196,0.10193501806478786,0.00013607013347438564
daily_2644t_risk_on_ridge,1624,,FAILED,0.33773385442647785,5.662047699086342,0.029015992059856485
daily_2644t_risk_on_ridge,1625,,FAILED,0.21570757778473468,0.01888628228491936,0.0017068058851512295
daily_2644t_risk_on_ridge,1626,,FAILED,0.1428120166073717,0.0491632661330256,0.004671924619000806
daily_2644t_risk_on_ridge,1627,,FAILED,0.09667331957589687,0.0009165660464916278,5.040747998724405e-05
daily_2644t_risk_on_ridge,1628,,FAILED,0.0274364883532338,0.0012352268521458756,0.00040429830885144896
daily_2644t_risk_on_ridge,1629,,FAILED,0.12480140180886748,0.00012468109927720532,0.001298650262112817
daily_2644t_risk_on_ridge,1630,,FAILED,0.08021604452870526,0.015562796045040315,7.777836397773987e-05
daily_2644t_risk_on_ridge,1631,,FAILED,0.15167308981196095,0.0004366762346905368,6.334649451253136e-05
daily_2644t_risk_on_ridge,1632,,FAILED,0.2418633893471439,0.004613710392768113,0.00030241441436273486
daily_2644t_risk_on_ridge,1633,,FAILED,0.10668063613675692,0.27325491735696616,0.0002552969400719012
daily_2644t_risk_on_ridge,1634,,FAILED,0.16732593016793307,0.0002081024613311668,0.00017363691353905605
daily_2644t_risk_on_ridge,1635,,FAILED,0.2257082466173972,0.012667162650513226,0.0011034045697809476
daily_2644t_risk_on_ridge,1636,,FAILED,0.3591592602085275,0.7567943583053952,0.0005480179112122153
daily_2644t_risk_on_ridge,1637,,FAILED,0.06310032240860626,0.0008197807722242416,0.0037376515280134522
daily_2644t_risk_on_ridge,1638,,FAILED,0.04314657957389839,0.0017940534659029981,0.0001530673308502389
daily_2644t_risk_on_ridge,1639,,FAILED,0.007387656617986529,0.00032099051709964755,9.012424247617585e-05
daily_2644t_risk_on_ridge,1640,,FAILED,0.4442768492857873,0.03616582501393016,0.00011215129965519438
daily_2644t_risk_on_ridge,1641,,FAILED,0.2707716347228888,3.7311231426699525,0.039003055638071576
daily_2644t_risk_on_ridge,1642,,FAILED,0.1971142557888207,0.0006366989038560607,5.726056358580373e-05
daily_2644t_risk_on_ridge,1643,,FAILED,0.47110608439561596,0.007303065468087907,0.002084831592135786
daily_2644t_risk_on_ridge,1644,,FAILED,0.1175963947957969,0.00016296586052144354,0.0010199659640639193
daily_2644t_risk_on_ridge,1645,,FAILED,0.13071409650087246,0.0002534237479802638,0.008577681251208261
daily_2644t_risk_on_ridge,1646,,FAILED,0.07425298739407524,0.13160984248172622,0.001533652345398357
daily_2644t_risk_on_ridge,1647,,FAILED,0.17653087108227056,0.02264330367689621,0.005211886529865424
daily_2644t_risk_on_ridge,1648,,FAILED,0.08891106813645037,0.0033921351627942725,0.0007358513164362462
daily_2644t_risk_on_ridge,1649,,FAILED,0.15315785225810613,0.0001003310455463705,0.00012384701463693038
daily_2644t_risk_on_ridge,1650,,FAILED,0.13648964326696708,0.005162050376664333,0.0004755715187684529
daily_2644t_risk_on_ridge,1651,,FAILED,0.05327400149890754,0.0013887469125184733,0.00037329430119166144
daily_2644t_risk_on_ridge,1652,,FAILED,0.37512349006059675,0.4296947714487308,0.0001977449789963231
daily_2644t_risk_on_ridge,1653,,FAILED,0.1456506277689962,0.0010483111027846182,0.006962163387926319
daily_2644t_risk_on_ridge,1654,,FAILED,0.16121390630375168,0.009629577754439535,0.010575501800736431
daily_2644t_risk_on_ridge,1655,,FAILED,0.18626925618932022,0.0005405716208480624,0.0013107007507106917
daily_2644t_risk_on_ridge,1656,,FAILED,0.4316350681607728,0.042475742648110625,0.002734576404279758
daily_2644t_risk_on_ridge,1657,,FAILED,0.3064866083352827,0.0024710790940223114,0.00024029906145107987
daily_2644t_risk_on_ridge,1658,,FAILED,0.016006134814319048,0.0003677942803066217,0.014981621922325095
daily_2644t_risk_on_ridge,1659,,FAILED,0.326174974754989,8.730810663503833,0.00018007746026104827
daily_2644t_risk_on_ridge,1660,,FAILED,0.20636298018282115,0.02827770760733329,0.0003116426718896451
daily_2644t_risk_on_ridge,1661,,FAILED,0.10058006743822809,0.08638230758209864,0.0006034080885091924
daily_2644t_risk_on_ridge,1662,,FAILED,0.06801518028349438,0.0019971590076262083,0.006090569786153022
daily_2644t_risk_on_ridge,1663,,FAILED,0.40425725830091047,0.32165561516981445,0.0017188433598861084
daily_2644t_risk_on_ridge,1664,,FAILED,0.2827182873413685,0.05658982313407987,0.0001483452924020011
daily_2644t_risk_on_ridge,1665,,FAILED,0.1211737966839204,0.006495969417564923,7.292118759591676e-05
daily_2644t_risk_on_ridge,1666,,FAILED,0.03758082811264451,0.5597401053744123,0.0022932624702066123
daily_2644t_risk_on_ridge,1667,,FAILED,0.21451926211378458,2.993301104984518,0.0009166157146864137
daily_2644t_risk_on_ridge,1668,,FAILED,0.02945243422705895,0.0007450131988776744,0.022789042186849906
daily_2644t_risk_on_ridge,1669,,FAILED,0.2588335455647547,0.014718453972125697,0.001458850409270259
daily_2644t_risk_on_ridge,1670,,FAILED,0.08485450047048525,0.0015705603211422028,0.00042297522781992435
daily_2644t_risk_on_ridge,1671,,FAILED,0.1696076550030566,0.9316556536623449,0.0012054459161313935
daily_2644t_risk_on_ridge,1672,,FAILED,0.0009012350687925379,0.18451598450252826,9.534038882925249e-05
daily_2644t_risk_on_ridge,1673,,FAILED,0.11267818865635046,0.0012580441553234625,0.012190515211866662
daily_2644t_risk_on_ridge,1674,,FAILED,0.14031009355890298,1.4253012840187578,0.0006805572502751665
daily_2644t_risk_on_ridge,1675,,FAILED,0.22405905073468613,0.003917544589474001,6.510836428402433e-05
daily_2644t_risk_on_ridge,1676,,FAILED,0.05713273113775243,0.00014135162824617804,0.0001339499144002838
daily_2644t_risk_on_ridge,1677,,FAILED,0.07586872157313879,0.00024847029746832047,0.00425731546972207
daily_2644t_risk_on_ridge,1678,,FAILED,0.1507995383492626,0.011608963242185702,0.0002832692238090751
daily_2644t_risk_on_ridge,1679,,FAILED,0.13257913976875332,0.00018325880330508714,0.00022298262747542333
daily_2644t_risk_on_ridge,1680,,FAILED,0.12690814258900265,0.0029398975355491444,0.009477219943302204
daily_2644t_risk_on_ridge,1681,,FAILED,0.09396136516005463,0.020258383535285283,0.007693670417230423
daily_2644t_risk_on_ridge,1682,,FAILED,0.24688834421316497,2.139452834881078,0.00016351054871337775
daily_2644t_risk_on_ridge,1683,,FAILED,0.29333962738392694,0.06459660356461765,0.0005040421961644735
daily_2644t_risk_on_ridge,1684,,FAILED,0.23272456851546988,0.00037943490205188084,0.0032010495791109273
daily_2644t_risk_on_ridge,1685,,FAILED,0.16081063927012923,0.0004931370487758691,0.0003508984908840499
daily_2644t_risk_on_ridge,1686,,FAILED,0.3421353968721266,0.037669926629345984,8.275283189389155e-05
daily_2644t_risk_on_ridge,1687,,FAILED,0.1901833294506319,0.0009586383611738537,0.0001080929675405528
daily_2644t_risk_on_ridge,1688,,FAILED,0.1756315002511737,0.008897052134541908,0.000830713187497925
daily_2644t_risk_on_ridge,1689,,FAILED,0.10560747036870523,0.005945881716061505,0.0010408887246608543
daily_2644t_risk_on_ridge,1690,,FAILED,0.02010956659380883,0.002327089182001909,5.719975079136195e-05
daily_2644t_risk_on_ridge,1691,,FAILED,0.0669713302504921,0.00030195386640670337,0.0004274603729681093
daily_2644t_risk_on_ridge,1692,,FAILED,0.08073345149837144,0.004388136253731093,0.03384150338811854
daily_2644t_risk_on_ridge,1693,,FAILED,0.1416943176218731,0.017152136936541128,0.0019012681996784613
daily_2644t_risk_on_ridge,1694,,FAILED,0.20585604851924852,0.0006729298503576616,0.045338798411087504
daily_2644t_risk_on_ridge,1695,,FAILED,0.4528960271670499,0.030496579854259808,0.017266273280840905
daily_2644t_risk_on_ridge,1696,,FAILED,0.04697150780138076,0.0016871804539872282,0.00019734131008705133
daily_2644t_risk_on_ridge,1697,,FAILED,0.3166945752136411,0.2257155438598372,0.00012548000373897278
daily_2644t_risk_on_ridge,1698,,FAILED,0.4181355105507665,0.046799373299527124,0.026536147653108407
daily_2644t_risk_on_ridge,1699,,FAILED,0.11788207596302426,0.0002236964683806895,0.002592172355414109
daily_2644t_risk_on_ridge,1700,,FAILED,0.15987950707561066,5.045093917708607,0.001596296995596507
daily_2644t_risk_on_ridge,1701,,FAILED,0.48200936539191425,0.0011037247575846462,0.0005490376430500823
daily_2644t_risk_on_ridge,1702,,FAILED,0.21801023556218585,0.14994256795872826,0.0013779912785761305
daily_2644t_risk_on_ridge,1703,,FAILED,0.13620967071085632,0.00046465632555165527,0.00015299624797809755
daily_2644t_risk_on_ridge,1704,,FAILED,0.09313111712383831,0.09376735161583233,0.00026172584433606903
daily_2644t_risk_on_ridge,1705,,FAILED,0.19705961303872496,6.724716592229282,0.00038209492091984893
daily_2644t_risk_on_ridge,1706,,FAILED,0.1526963542165648,0.0008208361353732211,0.00017937994951194316
daily_2644t_risk_on_ridge,1707,,FAILED,0.2504296131373315,0.024985472059130397,7.372329796085949e-05
daily_2644t_risk_on_ridge,1708,,FAILED,0.3890711628428853,0.00012655299476388307,0.0011459269764591542
daily_2644t_risk_on_ridge,1709,,FAILED,0.0597876942529674,0.007553100825822861,0.005215972291876393
daily_2644t_risk_on_ridge,1710,,FAILED,0.18428480475657216,0.011379974558727171,0.010958529086671508
daily_2644t_risk_on_ridge,1711,,FAILED,0.039638845323515436,0.002935754913761588,0.003715956525616745
daily_2644t_risk_on_ridge,1712,,FAILED,0.1285696071193759,0.0012332374252952967,0.002056477717804084
daily_2644t_risk_on_ridge,1713,,FAILED,0.015148762467539899,0.36340694489995073,0.0007178789543126389
daily_2644t_risk_on_ridge,1714,,FAILED,0.10466961972617693,0.005168713279757778,9.794628600556596e-05
daily_2644t_risk_on_ridge,1715,,FAILED,0.26696580374892653,0.0003278724261207717,0.0002169219355805307
daily_2644t_risk_on_ridge,1716,,FAILED,0.14465138056511545,0.00015599191470447996,0.00032548239581226956
daily_2644t_risk_on_ridge,1717,,FAILED,0.06956626798235788,0.001761061680592594,0.0009291474701102407
daily_2644t_risk_on_ridge,1718,,FAILED,0.11830534428216925,0.0005749228081641228,0.00127744531686269
daily_2644t_risk_on_ridge,1719,,FAILED,0.3519001945784312,0.014228112217683967,0.00011533699907871796
daily_2644t_risk_on_ridge,1720,,FAILED,0.17083415469583993,1.1139842662463582,5.0334077164235745e-05
daily_2644t_risk_on_ridge,1721,,FAILED,0.2354068264226085,0.6768232193038535,0.008640843858054427
daily_2644t_risk_on_ridge,1722,,FAILED,0.08119318876989534,0.062443236599774306,0.0004915205779299108
daily_2644t_risk_on_ridge,1723,,FAILED,0.026892413768138106,0.00020061180977690545,0.001746579006233536
daily_2644t_risk_on_ridge,1724,,FAILED,0.0496685075335033,0.020628864979214026,6.545574758780567e-05
daily_2644t_risk_on_ridge,1725,,FAILED,0.1478274766033551,0.0037282423559541807,0.039054150210183984
daily_2644t_risk_on_ridge,1726,,FAILED,0.2113711650274544,2.5924631337109685,0.00016753214855316212
daily_2644t_risk_on_ridge,1727,,FAILED,0.16389160420863746,0.00038892476266253053,0.0029566572745182693
daily_2644t_risk_on_ridge,1728,,FAILED,0.010496285343223747,0.0022124700522077167,0.0004465354066705521
daily_2644t_risk_on_ridge,1729,,FAILED,0.2221956207165402,0.03413724954180474,0.02002149634085208
daily_2644t_risk_on_ridge,1730,,FAILED,0.279585904672736,0.00904038636831292,0.0002489392811207114
daily_2644t_risk_on_ridge,1731,,FAILED,0.06369907631735662,0.0011308899017913937,0.030052753879078214
daily_2644t_risk_on_ridge,1732,,FAILED,0.10845699176998108,0.0761403918556147,0.0006036774383811894
daily_2644t_risk_on_ridge,1733,,FAILED,0.08994881603235029,0.00026950222663715416,0.014574869023420195
daily_2644t_risk_on_ridge,1734,,FAILED,0.13497498504402236,0.04946769576423446,0.00013132266339473394
daily_2644t_risk_on_ridge,1735,,FAILED,0.1990474138282635,0.000737168010655671,8.751488210836304e-05
daily_2644t_risk_on_ridge,1736,,FAILED,0.1768662562543996,0.0014063090781754114,0.0014565701962760012
daily_2644t_risk_on_ridge,1737,,FAILED,0.1250979564759302,0.11308577151207659,0.006341911691461637
daily_2644t_risk_on_ridge,1738,,FAILED,0.053956802866952036,0.006019419444023988,0.0002943225614059079
daily_2644t_risk_on_ridge,1739,,FAILED,0.07861932225315,0.00047243367870453563,0.0008640013249990254
daily_2644t_risk_on_ridge,1740,,FAILED,0.3329072801707993,0.46064189910062664,0.00014513538237271098
daily_2644t_risk_on_ridge,1741,,FAILED,0.15747537616680551,0.0010030110891997158,0.001021140695480519
daily_2644t_risk_on_ridge,1742,,FAILED,0.3022066848770706,0.00012022682850957236,0.00018817124784117277
daily_2644t_risk_on_ridge,1743,,FAILED,0.00036061498673664594,0.003132332992733149,0.000362692411759938
daily_2644t_risk_on_ridge,1744,,FAILED,0.03857908070799998,0.017128352484486447,0.002403018233010979
daily_2644t_risk_on_ridge,1745,,FAILED,0.241563589989852,0.04191256337680636,0.0074646900160274445
daily_2644t_risk_on_ridge,1746,,FAILED,0.13820287762798295,0.2608793366188703,0.0016319269803558346
daily_2644t_risk_on_ridge,1747,,FAILED,0.11527489792726478,0.004302066870435655,0.001229928572580536
daily_2644t_risk_on_ridge,1748,,FAILED,0.07181550757794358,0.00016939194637144135,0.0002214238141362242
daily_2644t_risk_on_ridge,1749,,FAILED,0.09919642664905193,0.01149032892997135,0.0007592570209375
daily_2644t_risk_on_ridge,1750,,FAILED,0.1466403950667043,0.00022494574313884608,0.0044029636315611066
daily_2644t_risk_on_ridge,1751,,FAILED,0.18824596946661118,0.0014867632772439714,0.00010362455194714566
daily_2644t_risk_on_ridge,1752,,FAILED,0.02295614236195566,0.025991141395558935,5.878845370099286e-05
daily_2644t_risk_on_ridge,1753,,FAILED,0.361804445734088,0.007582001437046789,0.0020832415262437543
daily_2644t_risk_on_ridge,1754,,FAILED,0.2297285088748288,0.0008573603461031231,7.67341397511822e-05
daily_2644t_risk_on_ridge,1755,,FAILED,0.3182876805855936,0.002103941590749529,0.00040488882689935493
daily_2644t_risk_on_ridge,1756,,FAILED,0.16639181820946278,1.8538319366477354,0.04984419230597722
daily_2644t_risk_on_ridge,1757,,FAILED,0.4093769640867851,0.00034207417861525924,0.0006353811118617245
daily_2644t_risk_on_ridge,1758,,FAILED,0.1264897153374958,0.19715250773863646,0.00015817700934874795
daily_2644t_risk_on_ridge,1759,,FAILED,0.4657072747966473,3.8337453706214983,0.012700782925923255
daily_2644t_risk_on_ridge,1760,,FAILED,0.20727235575855718,0.0005869883884846742,0.0005297591060032797
daily_2644t_risk_on_ridge,1761,,FAILED,0.08744043822233764,0.030070817633711642,0.009790909331591538
daily_2644t_risk_on_ridge,1762,,FAILED,0.1542378585162889,0.00010094161213754624,0.00034031151934134054
daily_2644t_risk_on_ridge,1763,,FAILED,0.3767788276048515,0.00027401436369688326,0.001091056175894952
daily_2644t_risk_on_ridge,1764,,FAILED,0.11075030837344695,0.05368282179570672,0.0018040761200012335
daily_2644t_risk_on_ridge,1765,,FAILED,0.25984882434773077,0.005317532462449063,0.00027537079405500495
daily_2644t_risk_on_ridge,1766,,FAILED,0.06040073543707517,0.13078775455089003,0.023542522601549338
daily_2644t_risk_on_ridge,1767,,FAILED,0.29309665887168185,0.0027041361954239793,0.0004541931491666451
daily_2644t_risk_on_ridge,1768,,FAILED,0.43206834453800347,1.359704068951137,0.0032928059615722964
daily_2644t_risk_on_ridge,1769,,FAILED,0.18016725904076383,0.019824021255197683,0.00012333444306392405
daily_2644t_risk_on_ridge,1770,,FAILED,0.13155385869260539,0.003529754108720695,6.533771412864862e-05
daily_2644t_risk_on_ridge,1771,,FAILED,0.028853628365677,0.8169746068056125,0.005803490542389303
daily_2644t_risk_on_ridge,1772,,FAILED,0.09653398305913603,0.012726722182216408,0.00018698192514651014
daily_2644t_risk_on_ridge,1773,,FAILED,0.21835243011112465,0.000412470527724403,0.04085727180352858
daily_2644t_risk_on_ridge,1774,,FAILED,0.00788010398578345,0.0019190554687478951,0.0014512071389383143
daily_2644t_risk_on_ridge,1775,,FAILED,0.07702735929573891,0.009636032328164174,0.0347283978712445
daily_2644t_risk_on_ridge,1776,,FAILED,0.1379613921015703,0.00014594203753429645,0.00013840752392987546
daily_2644t_risk_on_ridge,1777,,FAILED,0.3999576242088133,0.035581171742443504,0.0002299708715664555
daily_2644t_risk_on_ridge,1778,,FAILED,0.046009606422463385,0.0013389180020690439,0.0027166982107129506
daily_2644t_risk_on_ridge,1779,,FAILED,0.15089804462860623,0.0009728522046932931,0.0008384738357758696
daily_2644t_risk_on_ridge,1780,,FAILED,0.12265179996569676,0.0006402735647092838,0.001320148386467495
daily_2644t_risk_on_ridge,1781,,FAILED,0.19851207001147264,0.006681544364051155,8.534617522388628e-05
daily_2644t_risk_on_ridge,1782,,FAILED,0.2475336875305763,9.850398908788716,0.0037893552098557525
daily_2644t_risk_on_ridge,1783,,FAILED,0.05854028266632802,0.07280461005084365,0.000571542474460038
daily_2644t_risk_on_ridge,1784,,FAILED,0.1653110382080778,0.0016756103367270966,0.0009829604457268855
daily_2644t_risk_on_ridge,1785,,FAILED,0.06981490572059633,0.32115382909547296,0.00812136419077756
daily_2644t_risk_on_ridge,1786,,FAILED,0.14425644350066125,0.5403823652647717,0.0006951628110061279
daily_2644t_risk_on_ridge,1787,,FAILED,0.3081969010851724,0.0001833434494831974,0.00037787890758761303
daily_2644t_risk_on_ridge,1788,,FAILED,0.10221452197850266,0.004378604850942977,5.7431759558011586e-05
daily_2644t_risk_on_ridge,1789,,FAILED,0.08533815736784126,0.0007938055731555053,0.0001017204608276613
daily_2644t_risk_on_ridge,1790,,FAILED,0.03585314544357357,0.013694146939570322,0.0003057691015706315
daily_2644t_risk_on_ridge,1791,,FAILED,0.2735841277887672,0.022507724442196824,0.000167875534143444
daily_2644t_risk_on_ridge,1792,,FAILED,0.014355861756512078,0.0005142266756489636,0.001177716306596859
daily_2644t_risk_on_ridge,1793,,FAILED,0.19342104231880705,0.09472121042987862,0.002095095656816324
daily_2644t_risk_on_ridge,1794,,FAILED,0.22936303525254562,0.1604373488897665,0.016543381975786246
daily_2644t_risk_on_ridge,1795,,FAILED,0.34254574928693104,0.009229189229388663,0.0015839471404726527
daily_2644t_risk_on_ridge,1796,,FAILED,0.17170349020968184,0.0436449392713978,0.00046276893321722194
daily_2644t_risk_on_ridge,1797,,FAILED,0.11672522134646918,0.0003017434181846278,0.011366150059505496
daily_2644t_risk_on_ridge,1798,,FAILED,0.4982287778095321,0.00021812129873891717,0.0001960977915788795
daily_2644t_risk_on_ridge,1799,,FAILED,0.2115632828116584,0.0026503295648576484,0.005045560656411739
daily_2644t_risk_on_ridge,1800,,FAILED,0.3279397724523338,0.0012462590971486819,0.00014959098563907782
daily_2644t_risk_on_ridge,1801,,FAILED,0.1501390797361391,0.03278226274480247,0.00012049641972799611
daily_2644t_risk_on_ridge,1802,,FAILED,0.1328478495944073,0.016742263193149316,0.00678039724490997
daily_2644t_risk_on_ridge,1803,,FAILED,0.15729983371071896,0.0004310093099227312,7.847313467950045e-05
daily_2644t_risk_on_ridge,1804,,FAILED,0.04973379106345582,0.003546932010635756,0.02736369887190855
daily_2644t_risk_on_ridge,1805,,FAILED,0.06646807975225531,6.944608088308477,5.588447320293287e-05
daily_2644t_risk_on_ridge,1806,,FAILED,0.18062635062038473,0.05905779668224652,7.002196648193664e-05
daily_2644t_risk_on_ridge,1807,,FAILED,0.2845935232281788,0.0055804833919422085,0.0002381466322203607
daily_2644t_risk_on_ridge,1808,,FAILED,0.0922735683764441,0.00012374910818748752,0.00041548115722317896
daily_2644t_risk_on_ridge,1809,,FAILED,0.24158812380496975,0.0009921313636176508,0.00011050169726170054
daily_2644t_risk_on_ridge,1810,,FAILED,0.01910434330597816,0.002273272380755167,0.001866545492630946
daily_2644t_risk_on_ridge,1811,,FAILED,0.07581001966691814,0.001403572238656334,0.0007985515376955032
daily_2644t_risk_on_ridge,1812,,FAILED,0.4492355479612614,0.007703385432051602,0.009280885618668407
daily_2644t_risk_on_ridge,1813,,FAILED,0.10686927553996232,0.0003412693456954028,5.015668236918279e-05
daily_2644t_risk_on_ridge,1814,,FAILED,0.12320736584486605,0.0007173680240060125,0.0024130577845539246
daily_2644t_risk_on_ridge,1815,,FAILED,0.26152611218010235,0.00024311543082475442,0.00027747587525073545
daily_2644t_risk_on_ridge,1816,,FAILED,0.1439965200777466,0.00017048183088483855,0.00035341413076525754
daily_2644t_risk_on_ridge,1817,,FAILED,0.006631890090209273,0.025582973594055685,0.0010408324647658562
daily_2644t_risk_on_ridge,1818,,FAILED,0.2209795241688539,0.04027009089888716,0.00020411300109165714
daily_2644t_risk_on_ridge,1819,,FAILED,0.3843956386071714,4.5300783862874905,0.0006160300238958558
daily_2644t_risk_on_ridge,1820,,FAILED,0.03145488802122453,0.0018121882383717457,0.013624023745809035
daily_2644t_risk_on_ridge,1821,,FAILED,0.1378662774549644,0.25662612384152,0.0013264316164135865
daily_2644t_risk_on_ridge,1822,,FAILED,0.36916661965102987,3.068294369917398,0.0044534908752832635
daily_2644t_risk_on_ridge,1823,,FAILED,0.20410383611943747,1.0743347418667903,0.018666950374683515
daily_2644t_risk_on_ridge,1824,,FAILED,0.15902023399920467,0.0011184847459126375,0.0005048095450155806
daily_2644t_risk_on_ridge,1825,,FAILED,0.08411709326611784,0.010955921600044823,0.0009148729289674135
daily_2644t_risk_on_ridge,1826,,FAILED,0.05816728273301112,0.016819685803680734,0.00013736941751470974
daily_2644t_risk_on_ridge,1827,,FAILED,0.16708366227997423,0.0005383047493555005,9.290901649593822e-05
daily_2644t_risk_on_ridge,1828,,FAILED,0.11258867595954353,0.004593493351285412,0.00031513851423336993
daily_2644t_risk_on_ridge,1829,,FAILED,0.1315838709255717,0.0031668056133070115,0.00017880455513319334
daily_2644t_risk_on_ridge,1830,,FAILED,0.09833997394014801,0.0008097579381668861,0.031655791349771374
daily_2644t_risk_on_ridge,1831,,FAILED,0.41771854011502313,0.0002758667279623147,0.002977810870519535
daily_2644t_risk_on_ridge,1832,,FAILED,0.18692767494307766,0.048970399485975154,0.0011619981766238295
daily_2644t_risk_on_ridge,1833,,FAILED,0.06912771423309375,0.00038761076042627586,0.0014863145658391929
daily_2644t_risk_on_ridge,1834,,FAILED,0.04422510299864787,0.00701943331367277,0.001632718707100266
daily_2644t_risk_on_ridge,1835,,FAILED,0.34950609996062154,0.0015591139903836087,0.00016430067388868946
daily_2644t_risk_on_ridge,1836,,FAILED,0.14883003041176332,0.41900477761367677,0.0005535200772954197
daily_2644t_risk_on_ridge,1837,,FAILED,0.2298663134127702,0.021235176352078132,6.460384829589432e-05
daily_2644t_risk_on_ridge,1838,,FAILED,0.12422642084849428,0.00013987397328309747,0.0006864587137267406
daily_2644t_risk_on_ridge,1839,,FAILED,0.29678980016890416,2.2805093774041576,0.04469019153751391
daily_2644t_risk_on_ridge,1840,,FAILED,0.17320576369179644,0.1898246472162509,0.0022226045622159812
daily_2644t_risk_on_ridge,1841,,FAILED,0.32139600054030154,0.06682713187956485,0.006033262912858971
daily_2644t_risk_on_ridge,1842,,FAILED,0.21462669499924303,0.1072864341964654,0.007708667049194128
daily_2644t_risk_on_ridge,1843,,FAILED,0.15585626437863884,0.014710104342894137,0.00038672466763595056
daily_2644t_risk_on_ridge,1844,,FAILED,0.053178696638241874,0.08556269972720415,0.0018526496403685182
daily_2644t_risk_on_ridge,1845,,FAILED,0.019213544742822303,0.7272100396330131,0.003429413608465222
daily_2644t_risk_on_ridge,1846,,FAILED,0.08173179956316382,0.00010050505610715496,0.0001309586910899658
daily_2644t_risk_on_ridge,1847,,FAILED,0.2551949836775128,0.0023274801396118458,0.00024104088926493703
daily_2644t_risk_on_ridge,1848,,FAILED,0.1364642924788394,1.5781319388050832,0.003990337919574302
daily_2644t_risk_on_ridge,1849,,FAILED,0.09023573338896489,0.005505432115043862,0.0001144805960218983
daily_2644t_risk_on_ridge,1850,,FAILED,0.19558843839997123,0.00018836751651855234,0.00044150649683344264
daily_2644t_risk_on_ridge,1851,,FAILED,0.39324257741237006,0.0006153960628835207,0.011430619369062651
daily_2644t_risk_on_ridge,1852,,FAILED,0.4717026097987516,0.0011104806366129473,0.00021519623911954235
daily_2644t_risk_on_ridge,1853,,FAILED,0.11470982422917982,0.1464728902334194,9.115401469413819e-05
daily_2644t_risk_on_ridge,1854,,FAILED,0.4257657629639325,0.02813665273582606,0.0013440027552346647
daily_2644t_risk_on_ridge,1855,,FAILED,0.06726826113392453,0.004219204976617735,0.00014590241965103107
daily_2644t_risk_on_ridge,1856,,FAILED,0.14498933775826123,0.010183731605905869,0.03752039402355683
daily_2644t_risk_on_ridge,1857,,FAILED,0.12606675207513166,0.001982077771799356,0.00033484533170947484
daily_2644t_risk_on_ridge,1858,,FAILED,0.43870457793701095,0.00045613836220090965,0.0002779913295369689
daily_2644t_risk_on_ridge,1859,,FAILED,0.2397679556329695,0.0008303101368998441,0.0010913422332065688
daily_2644t_risk_on_ridge,1860,,FAILED,0.03471392590762887,0.03470157473466091,7.59577311799422e-05
daily_2644t_risk_on_ridge,1861,,FAILED,0.17964376129980458,6.0128865518195065,0.024256162478580482
daily_2644t_risk_on_ridge,1862,,FAILED,0.009359027848976798,0.002875198880319414,0.0007840635911137503
daily_2644t_risk_on_ridge,1863,,FAILED,0.10366530264002521,0.0013462026573782925,0.0009334269574353572
daily_2644t_risk_on_ridge,1864,,FAILED,0.15778826695767867,0.607098205694112,0.00019199664752218861
daily_2644t_risk_on_ridge,1865,,FAILED,0.2063266255227617,0.00032542118712987084,0.009591232420838725
daily_2644t_risk_on_ridge,1866,,FAILED,0.07812085196575821,0.36261823376912267,0.00017243074988713243
daily_2644t_risk_on_ridge,1867,,FAILED,0.27548325831185827,0.0035944599815257833,0.001643649964031
daily_2644t_risk_on_ridge,1868,,FAILED,0.0005184252117891742,0.00022736739464427762,0.0005005919439776287
daily_2644t_risk_on_ridge,1869,,FAILED,0.058217776405703615,0.00807113381807785,0.0003904972664800143
daily_2644t_risk_on_ridge,1870,,FAILED,0.1409624430018029,0.013165992601132343,0.0012170509162202916
daily_2644t_risk_on_ridge,1871,,FAILED,0.16300427678801344,0.0001362567977787878,0.0028536959746848782
daily_2644t_risk_on_ridge,1872,,FAILED,0.046049812149889284,0.047634068382159354,0.021783428111903803
daily_2644t_risk_on_ridge,1873,,FAILED,0.19051924407226625,0.0010199921057690471,9.775745033798165e-05
daily_2644t_risk_on_ridge,1874,,FAILED,0.22834181510829304,0.022883762400469704,6.048507139918035e-05
daily_2644t_risk_on_ridge,1875,,FAILED,0.13049396699380675,0.017464996456153944,0.002018829936008099
daily_2644t_risk_on_ridge,1876,,FAILED,0.0959225711633775,0.0017047873653281294,0.005424484714322597
daily_2644t_risk_on_ridge,1877,,FAILED,0.48351480579962614,0.006377814853667908,0.0001504817557097017
daily_2644t_risk_on_ridge,1878,,FAILED,0.3098366952872606,0.0002848115296996694,5.0197979066250925e-05
daily_2644t_risk_on_ridge,1879,,FAILED,0.337319035304386,0.0005786021400803801,0.0006198197625087229
daily_2644t_risk_on_ridge,1880,,FAILED,0.07529645129256884,0.062249275075888885,6.978672752787808e-05
daily_2644t_risk_on_ridge,1881,,FAILED,0.11162364781314194,0.0007099230220256018,0.00010855101824027951
daily_2644t_risk_on_ridge,1882,,FAILED,0.3578717935490159,0.0003880558357196933,0.0003061240720066518
daily_2644t_risk_on_ridge,1883,,FAILED,0.17177921043795033,0.00016489837537585807,0.0014678470933103757
daily_2644t_risk_on_ridge,1884,,FAILED,0.025741601713039335,0.029122827794223958,0.0002171080624152264
daily_2644t_risk_on_ridge,1885,,FAILED,0.2877770571049052,0.0013756684893447327,0.00814104597809338
daily_2644t_risk_on_ridge,1886,,FAILED,0.25094860828587573,0.004916135858274133,0.03022880525870526
daily_2644t_risk_on_ridge,1887,,FAILED,0.22005753879569637,0.9537541255337078,0.002572257834296779
daily_2644t_risk_on_ridge,1888,,FAILED,0.14615432389119792,0.002475885434057705,0.0432077412270534
daily_2644t_risk_on_ridge,1889,,FAILED,0.12025678920345677,0.03764606367218995,0.00026353578035158887
daily_2644t_risk_on_ridge,1890,,FAILED,0.06415852432386562,7.7917017142331275,0.01547212022922666
daily_2644t_risk_on_ridge,1891,,FAILED,0.4580696638078776,0.009027038968094599,0.006899220204530478
daily_2644t_risk_on_ridge,1892,,FAILED,0.15360628218037217,0.2643992365024348,8.367665509015563e-05
daily_2644t_risk_on_ridge,1893,,FAILED,0.13836554504057924,0.0009950163894529404,0.0005561753283042728
daily_2644t_risk_on_ridge,1894,,FAILED,0.2043510565094763,3.323022287386373,0.00012799468457202448
daily_2644t_risk_on_ridge,1895,,FAILED,0.03975852992125246,0.011420346980536641,0.0004467877918233354
daily_2644t_risk_on_ridge,1896,,FAILED,0.08743509299456162,0.00022626241091462776,0.0008569382483068108
daily_2644t_risk_on_ridge,1897,,FAILED,0.05199248325583197,0.07629902141489071,0.0010050645138402169
daily_2644t_risk_on_ridge,1898,,FAILED,0.1820242099043547,1.8082016430810364,0.00017073892420963076
daily_2644t_risk_on_ridge,1899,,FAILED,0.13066564717875315,0.003825652631915039,0.000743621514459006
daily_2644t_risk_on_ridge,1900,,FAILED,0.16361523398253794,0.12904480166975815,0.00481868298096289
daily_2644t_risk_on_ridge,1901,,FAILED,0.10494529211960471,0.00047866071626939693,0.00035069466265080226
daily_2644t_risk_on_ridge,1902,,FAILED,0.2675062155597071,0.0029145893186015084,0.0017974864991078057
daily_2644t_risk_on_ridge,1903,,FAILED,0.011063378167749317,1.2187469323843516,0.0011951914682613912
daily_2644t_risk_on_ridge,1904,,FAILED,0.21466297783310873,0.00036222335325075493,0.0013128074948584713
daily_2644t_risk_on_ridge,1905,,FAILED,0.07287257454441072,0.05255796286592441,0.00020505093837931254
daily_2644t_risk_on_ridge,1906,,FAILED,0.02755078916346972,0.0008533043747251731,0.0004811098048883269
daily_2644t_risk_on_ridge,1907,,FAILED,0.19357297849524618,0.0017313629824302567,5.806633328247357e-05
daily_2644t_risk_on_ridge,1908,,FAILED,0.12297270439540632,0.48509692205093863,0.0006543870541774946
daily_2644t_risk_on_ridge,1909,,FAILED,0.23747798795233327,0.20294531698612872,0.012671735586475618
daily_2644t_risk_on_ridge,1910,,FAILED,0.1470145982912915,0.013910907436932667,0.00011772487672604085
daily_2644t_risk_on_ridge,1911,,FAILED,0.09627392052585157,0.006550892135421267,0.000153521362108431
daily_2644t_risk_on_ridge,1912,,FAILED,0.3211693732145412,0.0011996866840402927,0.00024270569381015645
daily_2644t_risk_on_ridge,1913,,FAILED,0.29967101721741213,0.00016426685629567663,0.010711684978975386
daily_2644t_risk_on_ridge,1914,,FAILED,0.06493107595779894,0.00012130454899883697,0.001623056096567882
daily_2644t_risk_on_ridge,1915,,FAILED,0.170895292458255,0.01908730791410976,0.002348751003587949
daily_2644t_risk_on_ridge,1916,,FAILED,0.0822989663320279,0.00019921490303358787,0.034491600202122386
daily_2644t_risk_on_ridge,1917,,FAILED,0.11584881452382302,0.0002703581743260139,0.000393525867234905
daily_2644t_risk_on_ridge,1918,,FAILED,0.05410727587760183,0.026353270203332196,0.0014078445257127605
daily_2644t_risk_on_ridge,1919,,FAILED,0.0006433583048066419,4.430460425187218,0.003561761815662674
daily_2644t_risk_on_ridge,1920,,FAILED,0.13284972090719266,0.0020883349141906705,0.00018951574019573434
daily_2644t_risk_on_ridge,1921,,FAILED,0.15655013359989692,0.000667748114601979,0.01927298682543958
daily_2644t_risk_on_ridge,1922,,FAILED,0.13782121576659007,0.0005087982822711736,6.63257813822538e-05
daily_2644t_risk_on_ridge,1923,,FAILED,0.01725405950912747,0.10646261214484845,0.0011075867095753195
daily_2644t_risk_on_ridge,1924,,FAILED,0.04115854857086063,2.6424994404962003,0.0003035108144093357
daily_2644t_risk_on_ridge,1925,,FAILED,0.22914572181821977,0.005165629619401277,0.00014664743725479684
daily_2644t_risk_on_ridge,1926,,FAILED,0.20060701038602305,0.009857623146252756,0.009214435544607763
daily_2644t_risk_on_ridge,1927,,FAILED,0.1071762846923206,0.0003411168724026606,0.00010158815830102427
daily_2644t_risk_on_ridge,1928,,FAILED,0.0882026201169065,0.0404680302646103,8.006279761483623e-05
daily_2644t_risk_on_ridge,1929,,FAILED,0.33060561580035097,0.0032028933178024728,0.001984246036771779
daily_2644t_risk_on_ridge,1930,,FAILED,0.07518064919223777,0.0014780389384907084,0.0004283688722083413
daily_2644t_risk_on_ridge,1931,,FAILED,0.38164107477164017,0.31717609419948967,0.005973260229284882
daily_2644t_risk_on_ridge,1932,,FAILED,0.24636117416479308,0.022214820566586625,0.0032074554337374744
daily_2644t_risk_on_ridge,1933,,FAILED,0.14887584243853647,0.08353223400824533,0.0005267884663184421
daily_2644t_risk_on_ridge,1934,,FAILED,0.21386855673873081,0.007625380626527712,0.02626946606291822
daily_2644t_risk_on_ridge,1935,,FAILED,0.16474748025445843,0.03176255835489609,0.0009037583425371867
daily_2644t_risk_on_ridge,1936,,FAILED,0.3680273114925389,0.0011108618297119423,0.00013167899407836534
daily_2644t_risk_on_ridge,1937,,FAILED,0.2663378485081285,0.00436340027351457,0.0002536881766434375
daily_2644t_risk_on_ridge,1938,,FAILED,0.18244102440635052,0.01650225666403515,0.0003518422964152371
daily_2644t_risk_on_ridge,1939,,FAILED,0.12399677305250728,0.001906749291947938,0.007321419524361679
daily_2644t_risk_on_ridge,1940,,FAILED,0.061285804937082425,0.054505856752704904,0.0007201293626743414
daily_2644t_risk_on_ridge,1941,,FAILED,0.30845264357982094,0.0009081948386354905,0.001670328993236519
daily_2644t_risk_on_ridge,1942,,FAILED,0.09907298069256232,0.0001234637754350508,0.004583820912521476
daily_2644t_risk_on_ridge,1943,,FAILED,0.021933219357247805,0.002427676635605978,0.0001774759516393764
daily_2644t_risk_on_ridge,1944,,FAILED,0.14171969196547027,0.6716416882461986,0.003957036199587768
daily_2644t_risk_on_ridge,1945,,FAILED,0.15404745421212018,0.00025907545829095954,0.014060709655947913
daily_2644t_risk_on_ridge,1946,,FAILED,0.11267106961790885,0.0004177172599732023,0.0023046491859326636
daily_2644t_risk_on_ridge,1947,,FAILED,0.17425123223242212,0.0007005054581069154,0.0012270867354898052
daily_2644t_risk_on_ridge,1948,,FAILED,0.28057948848963726,0.00020897573584377827,0.0010060721891195915
daily_2644t_risk_on_ridge,1949,,FAILED,0.40289364339924233,0.154001274680953,8.665455989057055e-05
daily_2644t_risk_on_ridge,1950,,FAILED,0.22086577573986368,0.012991830453341681,0.0005779583297467608
daily_2644t_risk_on_ridge,1951,,FAILED,0.03509486742911436,0.0012955791579401716,0.00020190511702334875
daily_2644t_risk_on_ridge,1952,,FAILED,0.08065770452986687,9.932233648792156,0.043671531654182964
daily_2644t_risk_on_ridge,1953,,FAILED,0.34620684611087615,0.8558742227674964,7.085770262890279e-05
daily_2644t_risk_on_ridge,1954,,FAILED,0.0671726987686881,0.03673597296029336,5.6559714877309826e-05
daily_2644t_risk_on_ridge,1955,,FAILED,0.13025665966971853,0.00033219632791604516,0.002756237901534332
daily_2644t_risk_on_ridge,1956,,FAILED,0.0492288112075872,0.006313867025835637,0.00011590082699387301
daily_2644t_risk_on_ridge,1957,,FAILED,0.010734696783980122,0.003681700374121946,0.00028765825434885555
daily_2644t_risk_on_ridge,1958,,FAILED,0.23478320419062457,0.010825652243895301,0.0003280888420289069
daily_2644t_risk_on_ridge,1959,,FAILED,0.1877009638954127,0.0001636743384794577,0.0004544078855153324
daily_2644t_risk_on_ridge,1960,,FAILED,0.08974136894228797,0.06785118829720739,0.0493129876959175
daily_2644t_risk_on_ridge,1961,,FAILED,0.4432332085216114,0.0005477732924656524,0.00016222557525050516
daily_2644t_risk_on_ridge,1962,,FAILED,0.20945401335638267,1.3625496117280331,0.0014404651465638662
daily_2644t_risk_on_ridge,1963,,FAILED,0.4994357255629831,0.0016058655183046437,0.0008087766258535196
daily_2644t_risk_on_ridge,1964,,FAILED,0.15948279311408606,0.04579746041146182,0.00022988369126425738
daily_2644t_risk_on_ridge,1965,,FAILED,0.14236079438934718,5.510528862272374,0.0011005568427038944
daily_2644t_risk_on_ridge,1966,,FAILED,0.11844195286170547,0.023974562915791,0.0003943064041631018
daily_2644t_risk_on_ridge,1967,,FAILED,0.19985002656080192,0.0007959025902789246,0.010151552881076994
daily_2644t_risk_on_ridge,1968,,FAILED,0.25107149404880974,0.004865832821081007,0.0001020977060972446
daily_2644t_risk_on_ridge,1969,,FAILED,0.10270146218840467,0.008585988966821358,0.029522344127457772
daily_2644t_risk_on_ridge,1970,,FAILED,0.17219520363229726,0.0023995362824347577,0.017177440380537905
daily_2644t_risk_on_ridge,1971,,FAILED,0.060622898726194266,0.21053715628512354,0.008398225114190198
daily_2644t_risk_on_ridge,1972,,FAILED,0.0752469397897993,0.019153012388061417,0.0019783261849824797
daily_2644t_risk_on_ridge,1973,,FAILED,0.029301317182442173,0.0011456655694752093,0.0005133609131086963
daily_2644t_risk_on_ridge,1974,,FAILED,0.14704141717322497,0.00013871918340887732,0.0001393056986021274
daily_2644t_risk_on_ridge,1975,,FAILED,0.1279677870180881,0.47533004379713883,0.0015938981067855945
daily_2644t_risk_on_ridge,1976,,FAILED,0.1621285314783986,0.03156797130442747,0.03627869529964668
daily_2644t_risk_on_ridge,1977,,FAILED,0.136622105269958,0.00010107552170432833,0.00018239957594222742
daily_2644t_risk_on_ridge,1978,,FAILED,0.0421597988533967,0.01516087574154978,5.607220998087671e-05
daily_2644t_risk_on_ridge,1979,,FAILED,0.09085867748743821,0.0004769931370815524,0.000697550505194244
daily_2644t_risk_on_ridge,1980,,FAILED,0.4095855989438766,2.0860611106308404,6.607231038748808e-05
daily_2644t_risk_on_ridge,1981,,FAILED,0.3549306568292353,0.0009101466802763047,9.009654291583109e-05
daily_2644t_risk_on_ridge,1982,,FAILED,0.22354484381569914,0.00020710590116413847,0.001346733443472683
daily_2644t_risk_on_ridge,1983,,FAILED,0.2617638855266655,0.003319877594974973,0.0001264386704887008
daily_2644t_risk_on_ridge,1984,,FAILED,0.29609717407985925,0.00031652009374486624,0.0009417491592394236
daily_2644t_risk_on_ridge,1985,,FAILED,0.054292603281965196,0.0015426999967843471,0.020987820750553388
daily_2644t_risk_on_ridge,1986,,FAILED,0.0006177150145031639,0.0006080834287137765,0.005158909853735738
daily_2644t_risk_on_ridge,1987,,FAILED,0.12154909952920803,0.005544447429183335,0.001833688756446915
daily_2644t_risk_on_ridge,1988,,FAILED,0.021092452466411685,0.0019846175241270405,0.0070557632576235645
daily_2644t_risk_on_ridge,1989,,FAILED,0.1520396268758908,0.1149883976524251,0.0005939021869857804
daily_2644t_risk_on_ridge,1990,,FAILED,0.10999080285527807,0.0004062732723515411,0.0002172608341778301
daily_2644t_risk_on_ridge,1991,,FAILED,0.07255728644277695,0.004317265657110649,0.00016413830485919402
daily_2644t_risk_on_ridge,1992,,FAILED,0.19337678273414485,0.26511880660401116,0.012082417253949367
daily_2644t_risk_on_ridge,1993,,FAILED,0.08360967058083925,0.05208971758846181,0.00036597437577549284
daily_2644t_risk_on_ridge,1994,,FAILED,0.3364983566453535,0.027944768872093538,0.0002801315033297235
daily_2644t_risk_on_ridge,1995,,FAILED,0.1766086225602439,0.04098097697281731,7.538820725312494e-05
daily_2644t_risk_on_ridge,1996,,FAILED,0.4787518225306325,0.0002850789824535471,0.00042426623325239973
daily_2644t_risk_on_ridge,1997,,FAILED,0.4241224897352309,0.3987747353285066,0.006084902650860509
daily_2644t_risk_on_ridge,1998,,FAILED,0.20910279375741753,0.007211115946158711,0.001192006054823852
daily_2644t_risk_on_ridge,1999,,FAILED,0.13205347939211642,0.002606216002986271,5.0748618712585915e-05
