Date,regime,realized_open_to_open,status,pred_seed0,pred_seed1,pred_seed2,pred_seed3,pred_seed4,pred_seed5,pred_seed6,pred_seed7,pred_seed8,pred_seed9,pred_seed_mean
2024-06-20,risk_on,-0.005230125523012608,ok,0.018285321071743965,-0.0011449982412159443,-0.01552059967070818,0.020479675382375717,-0.008189726620912552,0.01087118498980999,0.011614431627094746,0.023996800184249878,0.02431744709610939,0.0023833487648516893,0.00870928845833987
2024-06-21,risk_on,-0.003154574132492094,ok,0.010554271750152111,0.03152253106236458,-0.010704792104661465,-0.0005140455905348063,-0.023968925699591637,-0.014747751876711845,0.0009708895813673735,-0.052653178572654724,0.018731946125626564,-0.00816889014095068,-0.004897794546559453
2024-06-24,risk_on,0.016877637130801704,ok,-0.03802494704723358,-0.003807125147432089,-0.012928620912134647,-0.039535507559776306,-0.010258575901389122,-0.012551732361316681,-0.025208784267306328,0.015233936719596386,-0.00031249341554939747,-0.02170046605169773,-0.01490943159442395
2024-06-25,risk_on,0.003112033195020736,ok,0.02967694029211998,0.034335970878601074,0.008320946246385574,0.006332693621516228,-0.007852479815483093,-0.007216831669211388,-0.013696767389774323,-0.024207571521401405,-0.024806475266814232,-0.009900452569127083,-0.0009014027193188668
2024-06-26,risk_on,-0.004136504653567741,ok,-0.0015415126690641046,-0.022264176979660988,-0.007220905274152756,-0.020529774948954582,0.02680138498544693,0.03426351770758629,0.022863337770104408,0.02178117446601391,0.014756583608686924,-0.017116539180278778,0.005179308948572725
2024-06-27,risk_on,0.008307372793354029,ok,-0.009505350142717361,-0.00980503112077713,0.01007040124386549,-0.006971570663154125,0.0063612330704927444,0.00581170292571187,0.008462637662887573,-0.0030262465588748455,-0.02916588820517063,0.01752460189163685,-0.0010243509896099567
2024-06-28,risk_on,-0.012358393408856805,ok,-0.005550227127969265,0.04433204606175423,0.010086193680763245,0.020076919347047806,0.014141883701086044,-0.014152389951050282,0.0075212521478533745,-0.013567568734288216,-0.013622653670608997,0.0010452109854668379,0.005031066644005477
2024-07-01,risk_on,0.010427528675703845,ok,-0.01715540885925293,0.009308881126344204,0.010806144215166569,0.0007459728512912989,-0.00241302652284503,-0.005835887044668198,0.007561376318335533,0.03268454596400261,-0.0044960035011172295,0.005109951365739107,0.0036316545912995933
2024-07-02,risk_on,0.031991744066047545,ok,0.010202299803495407,0.0034259273670613766,0.028568729758262634,0.026835406199097633,0.012972986325621605,0.009776170365512371,0.03151938319206238,0.018990732729434967,0.04812781512737274,0.0027556412387639284,0.019317509210668504
2024-07-03,risk_on,0.006000000000000005,ok,0.012396203354001045,-0.011302605271339417,-0.006550400517880917,0.0010392959229648113,-0.0013405756326392293,-0.019135454669594765,-0.005166960880160332,0.0010876852320507169,-0.03505031764507294,-0.012884837575256824,-0.007690796768292785
2024-07-04,risk_on,-0.001988071570576566,ok,0.013209822587668896,0.0024050967767834663,0.01975899189710617,-0.016683636233210564,0.002272962126880884,0.0031223641708493233,-0.01974080502986908,0.0008546204771846533,0.03109588474035263,-0.012525304220616817,0.0023769997293129562
2024-07-05,risk_on,0.01195219123505975,ok,-0.004994648974388838,0.013270717114210129,-0.019967786967754364,-0.016549503430724144,-0.0255432166159153,-0.004266271833330393,0.04135695472359657,-0.015511112287640572,-0.008843894116580486,0.002730135340243578,-0.0038318627048283815
2024-07-08,risk_on,0.003937007874015741,ok,-0.019716396927833557,-0.030862877145409584,0.012629617005586624,-0.05193233862519264,0.014378739520907402,0.00019618720398284495,-0.024900196120142937,-0.0009599445620551705,-0.011359424330294132,-0.009120158851146698,-0.012164679283159785
2024-07-09,risk_on,0.0235294117647058,ok,0.021858220919966698,0.0076466696336865425,-0.015842322260141373,0.003013444133102894,-0.03663984686136246,0.027147963643074036,-0.014110492542386055,-0.027330953627824783,-0.03378830850124359,-0.02121640369296074,-0.008926202915608883
2024-07-10,risk_on,-0.036398467432950166,ok,-0.027760710567235947,0.02305288426578045,0.024857886135578156,0.02634248696267605,0.022725017741322517,0.02554987743496895,8.598226122558117e-05,0.04500449076294899,0.026212254539132118,0.0324438139796257,0.019851398351602257
2024-07-11,risk_on,-0.005964214711729587,ok,0.05915328487753868,0.024311985820531845,0.024755161255598068,0.0018828643951565027,0.012451487593352795,0.026322562247514725,0.010767116211354733,0.004235666245222092,0.009277473203837872,0.03931805118918419,0.02124756530392915
2024-07-12,risk_on,0.0040000000000000036,ok,-0.037065014243125916,0.07011879980564117,0.023084484040737152,0.008380478248000145,-0.016235314309597015,-0.0009712112951092422,0.026966752484440804,0.005144192837178707,0.015812238678336143,0.026672933250665665,0.012190833949716762
2024-07-15,,,not_session,,,,,,,,,,,
2024-07-16,risk_on,-0.10159362549800799,ok,0.018423844128847122,0.01757524348795414,0.042313676327466965,-0.00912720337510109,-0.0036221789196133614,-0.00010993178148055449,0.008098551072180271,0.027137216180562973,0.01927126944065094,0.0026003087405115366,0.012256079530197894
2024-07-17,risk_on,0.0022172949002217113,ok,0.020208163186907768,-0.007587763015180826,-0.00633617490530014,-0.0012144732754677534,0.02521093375980854,-0.024246353656053543,0.023424439132213593,-0.013992015272378922,-0.007393139414489269,-0.019234487786889076,-0.001116087124682963
2024-07-18,risk_on,-0.00553097345132747,ok,-0.021815577521920204,-0.004955045413225889,-0.020068597048521042,-0.031083695590496063,-0.047793176025152206,-0.010023370385169983,-0.00997899565845728,-0.012083465233445168,-0.00712201464921236,0.020333504304289818,-0.014459043322131038
2024-07-19,risk_on,-0.0022246941045606095,ok,0.024721704423427582,-0.007638498209416866,-0.017374692484736443,-0.0022277147509157658,0.013287634588778019,-0.00889982096850872,-0.011112045496702194,-0.02475425973534584,-0.06588393449783325,-0.01138858962804079,-0.011127021675929428
2024-07-22,risk_on,-0.027870680044593144,ok,0.01763451099395752,-0.007641935721039772,-0.011358529329299927,-0.03738229721784592,-0.012597302906215191,0.04362890496850014,0.018911924213171005,0.02951214648783207,0.05142098292708397,0.010977642610669136,0.010310604702681303
2024-07-23,risk_on,-0.05733944954128445,ok,0.008534890599548817,-0.0034629718866199255,0.010240689851343632,0.01702125556766987,0.029162781313061714,0.009728465229272842,0.013201000168919563,-0.0017994665540754795,-0.01986848935484886,0.03846198692917824,0.01012201418634504
2024-07-24,risk_on,-0.02311435523114358,ok,-0.023304840549826622,-0.007981321774423122,-0.010767603293061256,-0.03121580369770527,-0.038516100496053696,-0.0055690947920084,-0.0019700885750353336,0.018281780183315277,0.00928749330341816,-0.011902148835361004,-0.010365772852674126
2024-07-25,risk_off,0.0062266500622665255,ok,,,,,,,,,,,
2024-07-26,risk_off,-0.008663366336633671,ok,,,,,,,,,,,
2024-07-29,risk_off,-0.024968789013732784,ok,,,,,,,,,,,
2024-07-30,risk_off,0.09731113956466064,ok,,,,,,,,,,,
2024-07-31,risk_off,-0.10268378063010497,ok,,,,,,,,,,,
2024-08-01,risk_off,-0.12093628088426533,ok,,,,,,,,,,,
2024-08-02,risk_off,0.023668639053254337,ok,,,,,,,,,,,
2024-08-05,risk_off,-0.018786127167630062,ok,,,,,,,,,,,
2024-08-06,risk_off,0.042709867452135564,ok,,,,,,,,,,,
2024-08-07,risk_off,0.0805084745762712,ok,,,,,,,,,,,
2024-08-08,risk_off,-0.04705882352941182,ok,,,,,,,,,,,
2024-08-09,risk_off,0.053497942386831365,ok,,,,,,,,,,,
2024-08-12,,,not_session,,,,,,,,,,,
2024-08-13,risk_off,-0.01041666666666663,ok,,,,,,,,,,,
2024-08-14,risk_off,0.06447368421052624,ok,,,,,,,,,,,
2024-08-15,risk_on,0.0024721878862794533,ok,-0.036495842039585114,0.011187310330569744,0.0010464524384588003,0.005515469703823328,0.01992119289934635,-0.007793446537107229,0.006203642580658197,-0.051107361912727356,-0.019548136740922928,0.0509747751057148,-0.002009594417177141
2024-08-16,risk_on,0.004932182490752224,ok,0.04538165405392647,0.06791415810585022,0.003850861918181181,0.04920081049203873,0.03125104680657387,0.04353544861078262,0.04385159909725189,-0.0048535848036408424,0.0037264195270836353,0.026089005172252655,0.030994741898030042
2024-08-19,risk_on,-0.018404907975460127,ok,0.07030758261680603,-0.031796492636203766,0.05075183883309364,0.05409255623817444,0.05711730569601059,-0.04415106400847435,-5.3677940741181374e-05,0.04812885448336601,0.057401955127716064,0.02051498368382454,0.028231384209357203
2024-08-20,risk_on,0.0024999999999999467,ok,-0.032105594873428345,-0.0045237671583890915,-0.013161903247237206,0.00775891961529851,-0.03662704676389694,-0.04259752482175827,0.006144293583929539,0.0011846536071971059,-0.027075298130512238,-0.07565663009881973,-0.021665989828761667
2024-08-21,risk_on,-0.013715710723191998,ok,0.01086600311100483,0.0279056616127491,-0.027386397123336792,0.006792060099542141,-0.05913202837109566,-0.07724611461162567,-0.040956251323223114,-0.011894982308149338,-0.08483097702264786,-0.01662532426416874,-0.02725083502009511
2024-08-22,risk_on,-0.008849557522123908,ok,0.03515564650297165,-0.017772188410162926,-0.037226445972919464,-0.041377581655979156,-0.05640276521444321,0.006884551141411066,-0.022982943803071976,-0.01871616020798683,-0.012581023387610912,-0.024457212537527084,-0.018947612354531886
2024-08-23,risk_off,-0.022959183673469385,ok,0.6490656137466431,0.5961198806762695,0.7984882593154907,-0.18528302013874054,-0.06924276053905487,0.690579354763031,0.555504560470581,1.32869553565979,0.22449930012226105,0.23295481503009796,0.4821381539106369
2024-08-26,risk_on,0.0013054830287206887,ok,0.0076539721339941025,-0.04735314100980759,0.020704392343759537,-0.0015433523803949356,0.12507551908493042,0.05953001230955124,-0.01426778081804514,0.0444302074611187,0.09996332973241806,-0.03158709779381752,0.02626060610637069
2024-08-27,risk_on,-0.011734028683181186,ok,-0.028104515746235847,0.04683263599872589,0.05443336069583893,0.11002493649721146,-0.052660729736089706,0.0024788514710962772,-0.02598566561937332,-0.008745198138058186,0.0012449795613065362,0.07362523674964905,0.017314389173407108
2024-08-28,risk_on,0.03034300791556732,ok,-0.06073124706745148,0.04643856734037399,0.021178975701332092,0.01801292411983013,0.005791092291474342,0.011450530961155891,0.045822013169527054,0.018140284344553947,-0.015672706067562103,0.016830507665872574,0.010726094245910645
2024-08-29,risk_off,0.0294494238156211,ok,-0.1721743494272232,-0.22009538114070892,0.15716059505939484,0.1257394552230835,0.7099344730377197,-0.46861764788627625,1.2135889530181885,0.1953727900981903,-0.2908729612827301,-1.6493436098098755,-0.03993076831102371
2024-08-30,risk_on,-0.02238805970149249,ok,-0.016980696469545364,0.019257759675383568,0.021942485123872757,0.0008974652155302465,0.11122088879346848,0.034099165350198746,-0.016549766063690186,0.015152602456510067,-0.018610335886478424,-0.02127891406416893,0.012915065413108096
2024-09-02,risk_on,-0.08015267175572516,ok,0.03318101540207863,0.022529559209942818,0.04325805604457855,0.023436307907104492,0.030090082436800003,-0.039972808212041855,-0.09911827743053436,-0.01574019528925419,-0.05926864221692085,0.03956372290849686,-0.002204117923974991
2024-09-03,risk_on,-0.02904564315352698,ok,-0.0370001457631588,-0.00332063646055758,0.02033132314682007,-0.03360823914408684,0.014690704643726349,-0.03447932004928589,-0.0010401983745396137,-0.0553935244679451,0.053648270666599274,-0.004865917842835188,-0.008103768364526332
2024-09-04,risk_off,-0.007122507122507171,ok,-0.0778229609131813,-0.5938325524330139,-0.24068424105644226,0.8049928545951843,0.04234260320663452,0.2580225467681885,-0.5848139524459839,0.3873787820339203,0.5891433954238892,0.23386740684509277,0.08185938820242881
2024-09-05,risk_off,-0.07747489239598282,ok,-0.5062481164932251,0.7054182291030884,-0.9721726775169373,0.12885549664497375,0.5218567252159119,0.2419094443321228,0.7875504493713379,0.02431495301425457,0.3320423364639282,0.12391360849142075,0.1387440448626876
2024-09-06,risk_off,0.05754276827371685,ok,-0.6598454117774963,-0.4093122184276581,-0.5645132064819336,1.2991445064544678,0.40953710675239563,-0.19478778541088104,0.14458324015140533,-0.1670503467321396,-0.35093754529953003,0.21263282001018524,-0.028054884076118468
2024-09-09,risk_off,-0.007352941176470562,ok,0.11194656044244766,0.39455315470695496,-0.23954156041145325,-0.12153683602809906,-0.45292165875434875,-0.26146799325942993,0.7571760416030884,0.73289555311203,-0.554407000541687,-0.38630834221839905,-0.001961208134889603
2024-09-10,risk_off,0.03703703703703698,ok,0.46595337986946106,-0.9935161471366882,0.27833566069602966,-0.40218520164489746,-0.0660846158862114,0.7599663734436035,0.1500377207994461,0.7730100154876709,0.062337055802345276,-0.6038383841514587,0.04240158572793007
2024-09-11,risk_off,-0.0014285714285714457,ok,0.06458783149719238,0.14857672154903412,-0.3032661974430084,0.37046563625335693,0.4480510652065277,0.8256300687789917,0.5884703397750854,-0.06960241496562958,0.6995708346366882,-0.3129686713218689,0.24595152139663695
2024-09-12,risk_off,-0.011444921316165924,ok,-0.3623603582382202,-0.7307210564613342,-0.37643003463745117,0.3958691358566284,0.4220585823059082,1.2697877883911133,-0.7212446928024292,-0.04385058581829071,0.30216285586357117,-0.5620180368423462,-0.04067464023828506
2024-09-13,risk_on,-0.01013024602026047,ok,-0.005065662786364555,0.010614374652504921,0.03403782472014427,0.029237821698188782,0.05230151116847992,0.012945680879056454,0.02415420114994049,0.1144271045923233,-0.009825876913964748,0.027587568387389183,0.029041454754769803
2024-09-16,,,not_session,,,,,,,,,,,
2024-09-17,risk_off,0.011695906432748648,ok,0.02574199065566063,-0.01827280968427658,0.4062005877494812,-0.08039125800132751,-0.4923853576183319,1.121744155883789,-0.5398197174072266,0.5996103882789612,-1.0419843196868896,-0.38577425479888916,-0.04053305946290493
2024-09-18,risk_off,0.03323699421965309,ok,-0.08866231143474579,-0.5569798946380615,-0.2692757844924927,0.1590084731578827,0.5485213398933411,1.0338447093963623,0.5613842010498047,0.058764636516571045,-0.1541415899991989,-0.23075295984745026,0.10617108196020127
2024-09-19,risk_off,0.008391608391608463,ok,0.1301320195198059,-0.7543023228645325,0.43522369861602783,-0.5474539399147034,0.21123754978179932,0.7309993505477905,0.3109256625175476,-0.1765025407075882,0.3983897566795349,0.3956698775291443,0.11343191117048264
2024-09-20,risk_on,-0.02219140083217752,ok,-0.06947752833366394,0.02787015773355961,0.010011839680373669,0.016802988946437836,-0.005117813125252724,-0.0291250292211771,0.008156193420290947,-0.029341191053390503,0.021024368703365326,0.0028593121096491814,-0.0046336701139807705
2024-09-23,,,not_session,,,,,,,,,,,
2024-09-24,risk_on,0.026950354609929006,ok,0.025946440175175667,-0.009007270447909832,-0.004659293219447136,0.0016146445414051414,0.005029574502259493,-0.003984908107668161,-0.04160230606794357,-0.05110615864396095,-0.03034571371972561,-0.007300942204892635,-0.01154159331927076
2024-09-25,risk_on,0.05524861878453047,ok,0.015979789197444916,-0.015715932473540306,-0.019551407545804977,-0.022054506465792656,-0.027440523728728294,-0.01469156052917242,-0.020038478076457977,-0.04253605380654335,-0.010971450246870518,-0.014848386868834496,-0.01718685105443001
2024-09-26,risk_on,-0.04057591623036649,ok,-0.047465406358242035,0.002388227265328169,-0.02412017621099949,-0.015053747221827507,-0.02324580028653145,-0.022089095786213875,-0.0033095350954681635,0.016149377450346947,-0.013807136565446854,-0.016566354781389236,-0.01471196475904435
2024-09-27,risk_on,0.005457025920873049,ok,-0.02707112766802311,-0.02224832773208618,-0.006029645912349224,0.00865091197192669,0.010747249238193035,-0.019306683912873268,-0.019150570034980774,-0.01501531433314085,-0.016933035105466843,-0.0006984159117564559,-0.010705495940055699
2024-09-30,risk_on,-0.01763907734056991,ok,0.004653547424823046,0.016336988657712936,0.006936592981219292,0.012404294684529305,-0.012787118554115295,-0.017864910885691643,0.005942272022366524,0.011854643002152443,-0.03425014019012451,0.020611055195331573,0.0013837224338203668
2024-10-01,risk_on,0.03176795580110503,ok,0.02404984086751938,-0.0011611415538936853,-0.018544133752584457,-0.006204535253345966,0.032814644277095795,0.0011128083569929004,0.026746375486254692,0.030926169827580452,-0.03635157272219658,0.010103733278810978,0.006349218881223351
2024-10-02,risk_on,0.004016064257028162,ok,-0.004511235747486353,0.0025848166551440954,0.03784478083252907,0.02943812683224678,-0.004146246239542961,0.03433544188737869,0.00011937579256482422,-0.008870754390954971,0.0013776636915281415,0.002175368368625641,0.009034733768203296
2024-10-03,risk_on,0.01866666666666661,ok,0.019074223935604095,-0.0253650713711977,-0.030896110460162163,-0.04355356842279434,-0.014064493589103222,-0.026897462084889412,-0.04630742222070694,-0.007184967864304781,-0.06092851608991623,-0.029374944046139717,-0.026549833221361042
2024-10-04,risk_off,-0.01963350785340312,ok,-0.32477471232414246,-0.46131470799446106,0.36059993505477905,-0.7717012763023376,0.06545720994472504,1.2374870777130127,-0.27293211221694946,0.10961116850376129,0.4365231990814209,-0.23457346856594086,0.01443823128938675
2024-10-07,risk_on,0.01255006675567416,ok,-0.02063383162021637,-0.0122365178540349,-0.0004265473980922252,-0.007543592713773251,-0.004603775683790445,0.024561118334531784,-0.006536825094372034,-0.04100466147065163,0.02305562049150467,-0.011233831755816936,-0.005660284476471133
2024-10-08,risk_off,0.010021097046413407,ok,0.12682975828647614,-0.10518205165863037,-0.40024787187576294,0.6502281427383423,-0.22598586976528168,-0.46060261130332947,0.016373105347156525,-0.5882263779640198,0.33951348066329956,0.1869339793920517,-0.0460366316139698
2024-10-09,risk_off,-0.022454308093994735,ok,0.011079642921686172,-0.018315091729164124,-0.7170337438583374,-0.09542617946863174,0.17188289761543274,0.027779053896665573,-0.020718758925795555,-0.603489875793457,-0.09016133099794388,0.3009009063243866,-0.10335024800151586
2024-10-10,risk_off,0.020299145299145227,ok,0.9457966685295105,-0.2612890899181366,-0.11718276888132095,-0.15613839030265808,0.27033284306526184,0.7312336564064026,0.8808037638664246,0.1876579374074936,-0.5675976276397705,0.4579866826534271,0.2371603675186634
2024-10-11,risk_off,-0.03560209424083771,ok,0.5266122817993164,-1.3259330987930298,0.15754088759422302,-0.28733503818511963,0.474638432264328,0.15011030435562134,0.43866080045700073,0.38792020082473755,-0.18817304074764252,-0.6039507389068604,-0.026990900933742522
2024-10-14,,,not_session,,,,,,,,,,,
2024-10-15,risk_off,0.007057546145494031,ok,-0.40023186802864075,-1.046642780303955,0.5111390948295593,-0.24010127782821655,-0.4202744662761688,0.015824079513549805,0.12182919681072235,0.18355807662010193,-0.09841449558734894,-0.13073988258838654,-0.15040543228387832
2024-10-16,risk_off,-0.009703504043126698,ok,-0.3220866918563843,-0.12745748460292816,-1.136948823928833,-0.23133689165115356,0.9695188403129578,0.0372275672852993,0.10341748595237732,-0.1880938708782196,0.18454207479953766,-0.4927094578742981,-0.12039272524416447
2024-10-17,risk_off,0.0010887316276537717,ok,-0.15946151316165924,-0.2319425791501999,-0.6958252787590027,-0.15288178622722626,0.06016257032752037,1.196943759918213,-0.3774524927139282,0.27975255250930786,0.6331791877746582,-0.7705608606338501,-0.021808644011616706
2024-10-18,risk_off,0.010875475802066381,ok,0.627709686756134,-0.07294744998216629,0.20103903114795685,0.1309468001127243,-0.1187080517411232,1.03494131565094,-0.16146601736545563,-0.35295403003692627,0.09926936030387878,0.23147878050804138,0.16193094253540039
2024-10-21,risk_on,-0.022054868208714384,ok,-0.012351308949291706,0.03809584304690361,-0.008922794833779335,0.015987228602170944,0.02219952456653118,0.029501130804419518,0.005237946752458811,0.038670752197504044,-0.00853747222572565,-0.0002859661472029984,0.011959488381398842
2024-10-22,risk_on,-0.030253025302530268,ok,-0.0212455652654171,-0.011776460334658623,0.023757055401802063,0.022118626162409782,-0.009724674746394157,-0.027386853471398354,-0.05390915274620056,-0.03701357915997505,-0.02615540102124214,0.018096063286066055,-0.012323994189500809
2024-10-23,risk_off,0.01418037436188313,ok,0.2566186189651489,0.6189104318618774,-0.3193800747394562,0.6138396859169006,0.15022599697113037,0.6185386180877686,0.11882443726062775,-0.10416415333747864,0.054596055299043655,0.2723512649536133,0.22803608812391757
2024-10-24,risk_off,-0.0011185682326622093,ok,1.0064536333084106,-0.39929720759391785,0.5712441802024841,0.010751303285360336,0.47971969842910767,0.8675290942192078,0.21173210442066193,0.23735496401786804,0.4857886731624603,0.5347737669944763,0.40060502104461193
2024-10-25,risk_off,0.03247480403135494,ok,0.06044826656579971,-0.23738496005535126,-0.7561209797859192,0.2132745385169983,0.5091018676757812,0.8210018277168274,-0.7890604734420776,-0.1337808072566986,0.43048155307769775,0.03292764350771904,0.015088847652077676
2024-10-28,risk_off,0.030368763557483636,ok,0.3231344521045685,-0.2097408026456833,-0.06536240875720978,0.24506673216819763,0.6161880493164062,-0.1536894589662552,-0.320334792137146,0.13926683366298676,0.21494585275650024,-0.34133240580558777,0.04481420516967773
2024-10-29,risk_off,0.012105263157894841,ok,0.15619392693042755,-0.5726855397224426,0.08104249835014343,0.3434777557849884,0.04368031769990921,-0.21182845532894135,-1.0858612060546875,-0.15058736503124237,0.1886763721704483,-0.37490376830101013,-0.15827954635024072
2024-10-30,risk_off,-0.041081643265730605,ok,0.5928022861480713,0.0888073593378067,-0.1941208839416504,-0.44210681319236755,0.257598340511322,0.05807610973715782,0.38031721115112305,-0.038877952843904495,-0.355195015668869,0.23645277321338654,0.0583753414452076
2024-10-31,risk_off,-0.005965292841648595,ok,-0.0981573686003685,0.39379939436912537,-0.17508719861507416,-0.21718193590641022,0.4363771080970764,0.8989377617835999,0.5035778284072876,-0.52019864320755,0.16885994374752045,0.370572030544281,0.17614989206194878
2024-11-01,risk_off,0.03000545553737033,ok,0.43206390738487244,-0.3889787495136261,0.266925185918808,-0.20532290637493134,-0.26621320843696594,0.2341664433479309,-0.2653849720954895,0.3213295042514801,0.2374170869588852,-0.014275898225605488,0.035172639321535824
2024-11-04,,,not_session,,,,,,,,,,,
2024-11-05,risk_off,0.03601694915254239,ok,0.6295188069343567,-0.31132128834724426,0.2821981906890869,-0.25937992334365845,0.05219831317663193,0.24085646867752075,-0.29569804668426514,0.013560899533331394,0.6558552980422974,-0.16413699090480804,0.08436517277732491
2024-11-06,risk_off,-0.013292433537832271,ok,0.16811925172805786,-0.25630268454551697,-0.22876961529254913,-0.4490244388580322,0.5441644191741943,-0.16760064661502838,0.4658576250076294,-0.3584049940109253,-0.0983777791261673,0.12096283584833145,-0.025937602669000626
2024-11-07,risk_on,-0.023834196891191706,ok,-0.016970930621027946,0.0029572381172329187,0.017225027084350586,0.01719837076961994,-0.012798352167010307,0.006134772673249245,-0.013837030157446861,0.006329689174890518,-0.00804534088820219,0.013542065396904945,0.001173550938256085
2024-11-08,risk_on,-0.00424628450106157,ok,-0.023604612797498703,0.004748933482915163,0.012030145153403282,0.002133626490831375,-0.022401081398129463,-0.00844804011285305,-0.010971182957291603,0.0021034853998571634,0.04422073811292648,0.012929311953485012,0.001274132332764566
2024-11-11,risk_on,-0.015991471215351827,ok,-0.0030423495918512344,0.01205212902277708,0.020711345598101616,-0.011707603931427002,-0.052851881831884384,-0.024923892691731453,0.0023760306648910046,-0.008245270699262619,-0.03446805104613304,-0.01064925454556942,-0.011074879905208945
2024-11-12,risk_on,-0.021668472372697756,ok,-0.001491231843829155,0.0072224317118525505,-0.000828404794447124,-0.009261037223041058,0.034395936876535416,0.015157334506511688,-0.0013808044604957104,0.013871859759092331,0.015206627547740936,-0.007433335762470961,0.006545937631744892
2024-11-13,risk_on,-0.02270210409745288,ok,0.013506360352039337,0.019004015251994133,0.010456458665430546,0.01063840463757515,0.007242003455758095,-0.004088337533175945,0.022038664668798447,-0.048565302044153214,-0.015401114709675312,0.0014104843139648438,0.001624163705855608
2024-11-14,risk_on,-0.01926345609065161,ok,0.006021926645189524,0.00788519624620676,-0.011533856391906738,-0.0068407426588237286,0.006234043277800083,0.008862299844622612,-0.015339710749685764,0.03547750413417816,-0.017070725560188293,-0.008576230145990849,0.0005119704641401768
2024-11-15,risk_on,0.009820912767186663,ok,0.0031595169566571712,-0.02880358137190342,-0.005318120587617159,0.009018288925290108,-0.010610452853143215,-0.016509193927049637,0.0072587961331009865,-0.04368651658296585,-0.027681544423103333,0.002992415800690651,-0.01101803919300437
2024-11-18,risk_on,0.01830663615560635,ok,-0.03470313921570778,0.0009186386596411467,-2.5105662643909454e-05,0.003224064828827977,0.02737608551979065,0.022412847727537155,0.023941360414028168,0.04664476588368416,0.014146740548312664,-0.016392944380640984,0.008754331432282925
2024-11-19,risk_on,-0.0005617977528089568,ok,-0.011827253736555576,-0.029884371906518936,-0.013267388567328453,-0.012580038979649544,-0.014439825899899006,-0.030788950622081757,-0.028929375112056732,-0.05081258341670036,-0.039400096982717514,-0.035003937780857086,-0.026693382300436497
2024-11-20,risk_on,-0.006745362563237767,ok,-0.010814119130373001,0.007940356619656086,-0.016847744584083557,-0.016241708770394325,-0.03331153839826584,-0.01172423642128706,0.0026829056441783905,0.02272670529782772,-0.015703342854976654,-0.026195527985692024,-0.009748825058341026
2024-11-21,risk_on,0.002263723825693287,ok,0.0024722320958971977,-0.009934645146131516,-0.02053866721689701,0.0011429383885115385,-0.019476670771837234,-0.02287730574607849,-0.016692252829670906,-0.038287919014692307,-0.016166551038622856,0.005780823528766632,-0.013457801775075495
2024-11-22,risk_on,-0.005646527385657851,ok,0.005891123320907354,-0.0027069603092968464,-0.024077914655208588,-0.01427224650979042,0.012818685732781887,-0.014174853451550007,0.003233362454921007,0.0034464974887669086,-0.013335729949176311,0.0010168002918362617,-0.004216123558580876
2024-11-25,risk_on,-0.034639409426462264,ok,0.0005132425576448441,-0.005816326476633549,0.001782008446753025,-0.006416453514248133,0.03097054548561573,0.003571881912648678,-0.02106279693543911,0.0308982040733099,0.0363147035241127,-0.002340483944863081,0.006841452512890101
2024-11-26,risk_on,-0.01764705882352946,ok,-0.019971197471022606,0.012484784238040447,0.014608263969421387,0.005007500760257244,-0.004487163387238979,-0.003036739770323038,-0.006174053065478802,0.021210158243775368,0.00025592290330678225,0.013809001073241234,0.0033706477493979036
2024-11-27,risk_on,0.020359281437125842,ok,-0.0076844170689582825,0.02861352451145649,0.016950666904449463,0.015434127300977707,0.013548373244702816,-0.016266319900751114,0.004469039849936962,-0.008832402527332306,-0.019049057736992836,0.022779712453484535,0.004996324703097343
2024-11-28,risk_on,0.009389671361502261,ok,0.013627506792545319,0.017977070063352585,0.00044777849689126015,0.026949983090162277,0.00832518469542265,0.01659237965941429,0.02011374570429325,-0.00879440177232027,-0.019046600908041,0.012180891819298267,0.008837353764101863
2024-11-29,risk_on,0.026162790697674465,ok,0.004247753880918026,0.003973635379225016,0.009259389713406563,0.0029501093085855246,0.005147229414433241,-0.00363841000944376,-0.015726938843727112,-0.03183341026306152,0.010115724056959152,0.007528993301093578,-0.0007975924061611294
2024-12-02,risk_on,0.0192634560906515,ok,-0.0031798097770661116,-0.0025972204748541117,0.01851530186831951,-0.02325504459440708,0.0183514766395092,-0.00804893858730793,-0.025457976385951042,0.018863510340452194,0.0030480711720883846,0.0023201284930109978,-0.0001440501306205988
2024-12-03,risk_on,0.0005558643690939391,ok,-0.013710218481719494,0.008583866991102695,0.008164050057530403,0.009914305061101913,-0.010656869038939476,-0.002480995375663042,0.01983739249408245,0.022409701719880104,0.02106754295527935,0.011784103699028492,0.00749128800816834
2024-12-04,risk_on,-0.02444444444444449,ok,-0.04746227711439133,-0.003407978219911456,0.013532668352127075,-0.01804628223180771,0.004854887258261442,0.009553331881761551,0.01447109691798687,-0.019771233201026917,0.012864045798778534,-0.004331955686211586,-0.003774369624443352
2024-12-05,risk_on,-0.01025056947608205,ok,-0.00799622293561697,-0.013118556700646877,-0.015633651986718178,-0.03020123951137066,-0.02762003242969513,-0.017170824110507965,-0.012027674354612827,-0.02461738884449005,-0.03462517634034157,-0.018773220479488373,-0.02017839876934886
2024-12-06,risk_on,-0.01898734177215189,ok,0.002132957801222801,-0.008369374088943005,-0.0006664578104391694,-0.020635373890399933,-0.009201728738844395,0.0009777736850082874,0.007785235531628132,0.0011664354242384434,-0.010077494196593761,-0.03053177520632744,-0.006741980148945004
2024-12-09,risk_on,0.009970674486803555,ok,-0.012893984094262123,-0.014489389955997467,-0.02399800717830658,-0.005729114171117544,-0.034445229917764664,-0.00877449382096529,-0.013485705479979515,-0.020711582154035568,-0.036472637206315994,-0.014690322801470757,-0.01856904667802155
2024-12-10,risk_on,0.026132404181184565,ok,0.018650399520993233,0.0016708346083760262,-0.011172331869602203,0.00421488331630826,-0.0010264568263664842,0.008534894324839115,0.01096136961132288,-0.005157652776688337,-0.016736004501581192,-0.01432838011533022,-0.0004388444707728922
2024-12-11,risk_on,-0.01697792869269954,ok,-0.008285550400614738,-0.008202404715120792,-0.01386403851211071,0.010711093433201313,0.01125117763876915,-0.0001681030262261629,-0.0007766891503706574,0.018616829067468643,0.01916513964533806,0.001535096438601613,0.0029982550418935715
2024-12-12,risk_on,0.0063327576280944875,ok,-0.017308397218585014,-0.025500355288386345,-0.020491773262619972,-0.0009071449749171734,-0.005896327085793018,-0.009012574329972267,0.002286490984261036,-0.017618171870708466,0.0006362145068123937,-0.0030519873835146427,-0.009686402592342347
2024-12-13,risk_on,0.014874141876430214,ok,0.014182853512465954,0.013656054623425007,0.011081070639193058,0.010676082223653793,0.0005999745335429907,0.007156109903007746,0.011362360790371895,0.01147774700075388,0.010742171667516232,0.01032533124089241,0.010125975613482297
2024-12-16,risk_on,-0.028748590755355075,ok,-0.0029410028364509344,-0.004487884230911732,-0.0010126882698386908,0.004635616205632687,-0.003735078265890479,0.002563510788604617,-0.0014516268856823444,-0.00185397791210562,0.004019853658974171,0.004586285911500454,3.230081638321281e-05
2024-12-17,risk_on,-0.02031340684852001,ok,-0.00165406777523458,0.001000813557766378,-0.003596978262066841,-8.71627707965672e-05,0.00249810260720551,0.001947725540958345,0.0016883308999240398,-0.0009628868428990245,-0.005088405683636665,0.005048422608524561,7.938938797451556e-05
2024-12-18,risk_on,0.020734597156398138,ok,0.003208712674677372,-0.00343135604634881,-0.0020339260809123516,-0.00513163348659873,-0.011143832467496395,-0.005201603751629591,-0.003650879953056574,-0.0007203827844932675,-0.00279736565425992,0.0002473628264851868,-0.003065490472363308
2024-12-19,risk_off,-0.0034822983168891763,ok,-0.6597385406494141,-0.5198683142662048,-0.4902878999710083,0.01620924100279808,-0.3819877803325653,0.5730475783348083,0.3150133192539215,0.7826671004295349,-0.10897956043481827,0.0062828972004354,-0.04676419594325125
2024-12-20,risk_off,0.013977868375072866,ok,-0.3681306838989258,-0.1316945105791092,-0.27301257848739624,-0.15710730850696564,-0.1405261904001236,0.11522109806537628,-0.020526614040136337,0.6401309370994568,0.2503730356693268,0.07306917011737823,-0.0012203644961118697
2024-12-23,risk_on,-0.003446295232624963,ok,-0.0008646747446618974,0.005661823321133852,0.014859165996313095,0.0014824247919023037,-0.0010271304054185748,0.0042152972891926765,0.01235212478786707,-0.004188194405287504,0.010546590201556683,-0.0025093983858823776,0.004052802844671533
2024-12-24,risk_on,-0.005187319884726205,ok,0.006208301987498999,0.009986131452023983,0.01071808859705925,-0.0005569210625253618,0.014551069587469101,0.015754329040646553,0.008695827797055244,0.010556187480688095,0.018670883029699326,0.010400078259408474,0.010498397616902366
2024-12-25,risk_on,0.015643105446118133,ok,0.005790673661977053,-0.010065749287605286,-0.001257032621651888,0.003526217769831419,0.0026891103480011225,-0.0033953485544770956,-0.0027109533548355103,-0.010187708772718906,0.0007603890262544155,0.0013523525558412075,-0.0013498049229383469
2024-12-26,risk_on,0.01996577296063884,ok,-0.006682653445750475,-0.008442964404821396,-0.015205982141196728,-0.015794662758708,-0.011645649559795856,-0.007246323395520449,-0.0019216947257518768,-0.004832122009247541,-0.011611474677920341,-0.01882288046181202,-0.010220640758052468
2024-12-27,risk_on,-0.00615212527964204,ok,-0.006428166758269072,-0.008150924928486347,-0.012939746491611004,-0.008433501236140728,-0.0031489445827901363,-0.0067276195622980595,-0.01035888772457838,-0.005020507611334324,-0.0036423930432647467,-0.005335323046892881,-0.0070186014985665676
2024-12-30,risk_on,0.015194147439504757,ok,0.00858588982373476,0.00759802246466279,0.006778528448194265,0.008144446648657322,0.014406408183276653,0.01051302533596754,0.011941508390009403,0.018216244876384735,0.0027985915075987577,0.006231535226106644,0.009521420090459287
2024-12-31,,,not_session,,,,,,,,,,,
2025-01-01,,,not_session,,,,,,,,,,,
2025-01-02,,,not_session,,,,,,,,,,,
2025-01-03,,,not_session,,,,,,,,,,,
2025-01-06,risk_on,0.02716186252771613,ok,0.004779094364494085,0.01133138220757246,0.015134300105273724,0.006014380604028702,0.0021865887101739645,0.007231132593005896,0.011139675974845886,0.008166568353772163,0.009972716681659222,0.010964333079755306,0.00869201726745814
2025-01-07,risk_on,0.030221262817053507,ok,0.0028127713594585657,0.004235163331031799,0.003668795805424452,0.0007278494304046035,-0.007561425678431988,0.0040548620745539665,-0.0012816012604162097,0.0047226231545209885,0.001308321487158537,0.013897888362407684,0.00265852480661124
2025-01-08,risk_on,-0.027239392352016778,ok,0.0061546615324914455,0.011260072700679302,0.007191560231149197,0.006741027347743511,0.007061540149152279,0.010839954949915409,0.011169926263391972,0.009838777594268322,0.004942235536873341,0.01125496905297041,0.008645472535863518
2025-01-09,risk_on,-0.00915455035002688,ok,-0.013595899567008018,-0.015538960695266724,-0.0133010009303689,-0.02192869782447815,-0.011494042351841927,-0.014662149362266064,-0.02383231371641159,-0.01723664440214634,-0.02586405910551548,-0.012427662499248981,-0.016988143045455217
2025-01-10,risk_on,-0.02826086956521734,ok,-0.00036930112401023507,0.0017767330864444375,0.0014217440038919449,-0.004204323049634695,-0.006474222522228956,0.00020244310144335032,-0.0002561802975833416,-0.0035313251428306103,-0.0073789870366454124,-0.0019848288502544165,-0.0020798247831407936
2025-01-13,,,not_session,,,,,,,,,,,
2025-01-14,risk_on,0.0039149888143177325,ok,-0.0055867587216198444,-0.010691707953810692,-0.0038705626502633095,-0.009854820556938648,-0.010598957538604736,-0.001041146693751216,-0.007657432928681374,-0.009381784126162529,-0.008998410776257515,-0.007513600401580334,-0.007519518234767019
2025-01-15,risk_on,-0.008913649025069637,ok,-0.004069573245942593,-0.006197522860020399,-0.00911083072423935,-0.009664545767009258,-0.0032466058619320393,-0.007657578680664301,-0.003862625453621149,-0.005317922215908766,-0.004041736014187336,-0.0017514858627691865,-0.005492042668629437
2025-01-16,risk_on,0.01911186059584047,ok,-0.00954707246273756,-0.011633305810391903,-0.010649438947439194,-0.010200963355600834,-0.006157306022942066,-0.004611676558852196,-0.007270030677318573,-0.005880000535398722,-0.009409528225660324,-0.0034292982891201973,-0.007878862088546157
2025-01-17,risk_on,0.019305019305019266,ok,0.005644621793180704,0.0075476462952792645,-0.00020994246006011963,0.005631991196423769,0.002602126682177186,0.006140310782939196,0.005774309393018484,-0.0009438236011192203,-0.001414639176800847,0.004949397873133421,0.003572199877817184
2025-01-20,risk_on,0.018398268398268414,ok,0.01269507221877575,0.008686603978276253,0.007961045019328594,0.002666657790541649,0.016663972288370132,0.009830036200582981,0.008452675305306911,0.015195850282907486,0.012837851420044899,0.011267607100307941,0.01062573716044426
2025-01-21,risk_on,0.04622741764080773,ok,0.002469223691150546,0.0012888911878690124,0.0009558898746035993,-0.0003082574694417417,-0.005009888205677271,-0.003049492370337248,0.00030452292412519455,0.004863092675805092,0.0012977954465895891,-0.0021978518925607204,6.139258621260524e-05
2025-01-22,risk_on,-0.027932960893854775,ok,-0.000727753562387079,-0.0034483198542147875,-0.001495669363066554,-0.005262814927846193,-0.0015766089782118797,-0.00850644614547491,0.0005604199832305312,-0.0033306297846138477,0.004586517810821533,0.0008210043888539076,-0.001838030043290928
2025-01-23,risk_on,-0.013584117032392928,ok,-0.018578968942165375,-0.01473963912576437,-0.017014721408486366,-0.018991781398653984,-0.023730160668492317,-0.011112479493021965,-0.014760839752852917,-0.014857346192002296,-0.013162735849618912,-0.018369708210229874,-0.016531838104128838
2025-01-24,risk_on,-0.06514830508474578,ok,-0.0016575201880186796,0.003916051238775253,-3.056542482227087e-05,-0.0004865009104833007,0.011165042407810688,0.006452139932662249,0.005191580858081579,0.002192653715610504,0.008147756569087505,0.0005210699746385217,0.003541170817334205
2025-01-27,risk_on,0.011331444759206777,ok,0.0005377300549298525,-0.0007603120757266879,-0.0030129775404930115,-0.005269899964332581,-0.003908218815922737,0.000570900272578001,0.0004980030935257673,-0.0023040424566715956,-0.0037274949718266726,-0.006443410646170378,-0.0023819723050110043
2025-01-28,risk_on,-0.001680672268907557,ok,0.004982049576938152,0.005632386077195406,0.003764005145058036,0.007797922007739544,-0.003076608059927821,0.007322080433368683,0.006571564823389053,0.008662168867886066,0.004074572119861841,0.005461907014250755,0.005119204800575971
2025-01-29,risk_on,0.017957351290684542,ok,-0.008286278694868088,-0.006009823177009821,-0.007066354621201754,-0.006515251472592354,0.0035260850563645363,-0.00454483600333333,-0.005208614747971296,-0.0048346146941185,-0.0050010378472507,-0.0048814257606863976,-0.004882215196266771
2025-01-30,risk_on,-0.034178610804851184,ok,0.005311010405421257,0.0039224703796207905,0.002603854052722454,-0.004033418372273445,0.0029120955150574446,0.00872410275042057,0.0022234320640563965,-0.0029618495609611273,-0.0012443587183952332,0.004355057142674923,0.002181239565834403
2025-01-31,risk_on,0.010273972602739656,ok,0.009206372313201427,0.012645372189581394,0.01503709051758051,0.015052206814289093,0.011093015782535076,0.013898908160626888,0.0098206652328372,0.006265230011194944,0.014464223757386208,0.010559075511991978,0.011804216029122471
2025-02-03,risk_on,0.01412429378531077,ok,-0.0008623255998827517,0.002928704721853137,0.004283348098397255,0.003062344854697585,-0.0032426854595541954,0.002162958262488246,-0.003826515283435583,0.0018435195088386536,7.104652468115091e-05,-0.007052313536405563,-6.31917908322066e-05
2025-02-04,risk_on,-0.010027855153203369,ok,-0.014418860897421837,-0.01391118299216032,-0.014768955297768116,-0.009292569011449814,-0.007761931978166103,-0.012637510895729065,-0.011728430166840553,-0.012034988962113857,-0.012508480809628963,-0.015308794565498829,-0.012437170557677745
2025-02-05,risk_on,0.024760832864378246,ok,-0.0047937920317053795,-0.0019848125521093607,-0.0033287503756582737,0.0035054462496191263,-0.013089405372738838,-0.003466526046395302,0.00011300441110506654,-0.0006217173067852855,-0.0005387412384152412,-0.008385398425161839,-0.003259069268824533
2025-02-06,risk_on,-0.000549148819329992,ok,-0.022724393755197525,-0.02285682037472725,-0.021168619394302368,-0.02263576164841652,-0.010910667479038239,-0.015789803117513657,-0.02097775973379612,-0.02312023565173149,-0.018435785546898842,-0.01827216148376465,-0.019689200818538664
2025-02-07,risk_on,0.013736263736263687,ok,0.014132862910628319,0.018868688493967056,0.017456309869885445,0.02021108753979206,0.017771225422620773,0.018782399594783783,0.01814013533294201,0.01837661676108837,0.01617826707661152,0.016698669642210007,0.017661626264452935
2025-02-10,risk_on,-0.007046070460704601,ok,0.030239351093769073,0.028246374800801277,0.031606316566467285,0.03155496343970299,0.03310507908463478,0.03517017513513565,0.03173475340008736,0.030922729521989822,0.031462620943784714,0.02777532860636711,0.031181769259274007
2025-02-11,,,not_session,,,,,,,,,,,
2025-02-12,risk_on,0.012008733624454093,ok,0.006747190374881029,0.006116423290222883,0.009623142890632153,0.010750475339591503,0.010992123745381832,0.010034949518740177,0.008039971813559532,0.015198742039501667,0.009860926307737827,0.005029262974858284,0.009239320829510688
2025-02-13,risk_on,-0.005393743257820938,ok,0.00842196960002184,0.006121848244220018,0.006036291364580393,0.0011656221468001604,0.0057457685470581055,0.007952218875288963,0.0043054427951574326,0.004791934043169022,0.005978669971227646,0.006451636552810669,0.0056971402140334245
2025-02-14,risk_on,0.00433839479392617,ok,0.010811730287969112,0.01261252909898758,0.010118248872458935,0.010603164322674274,0.011076836846768856,0.011547604575753212,0.007187618874013424,0.009231410920619965,0.0076110875234007835,0.008666074834764004,0.009946630615741015
2025-02-17,risk_on,0.009719222462202914,ok,0.007592285517603159,-0.005178443621844053,-0.003058129455894232,-0.014467895030975342,-0.002266490366309881,-0.008701017126441002,-0.00781717523932457,-0.0038891558069735765,-0.010548711754381657,-0.009212161414325237,-0.005754689429886639
2025-02-18,risk_on,0.021925133689839615,ok,-0.015184943564236164,-0.012430298142135143,-0.012659214437007904,-0.009983088821172714,-0.016514977440238,-0.008999602869153023,-0.005750974640250206,-0.003381677670404315,-0.006199093535542488,-0.015382733196020126,-0.010648660431616008
2025-02-19,risk_on,-0.0146520146520146,ok,-0.002176775597035885,0.004465450067073107,-0.00027748342836275697,0.0031582368537783623,0.0062225861474871635,-0.0013896634336560965,0.0016190607566386461,-0.0058380793780088425,-0.002305385423824191,0.0016710981726646423,0.0005149044736754149
2025-02-20,risk_on,-0.0084970791290494,ok,0.005461014341562986,0.001581530086696148,-0.00040256959619000554,0.008307141251862049,0.00010128651047125459,0.0002857534564100206,0.00035268760984763503,0.017777753993868828,0.0005699676694348454,0.0014850418083369732,0.0035519607132300734
2025-02-21,risk_on,-0.017139796464917034,ok,0.004847654141485691,0.006801648531109095,0.004738518502563238,0.010197588242590427,0.006395895034074783,0.0071427361108362675,0.006331108510494232,0.002186005702242255,0.009645575657486916,0.010634013451635838,0.006892074388451875
2025-02-24,,,not_session,,,,,,,,,,,
2025-02-25,risk_on,0.008174386920980936,ok,-0.006132441572844982,-0.0013113555032759905,-0.003198651596903801,0.005658913869410753,-0.008642599917948246,-0.001844888785853982,-0.005112336948513985,-0.009085830301046371,-0.006049796007573605,-0.0017308134119957685,-0.0037449800176545976
2025-02-26,risk_on,-0.04594594594594592,ok,0.0010265841847285628,0.006575550884008408,0.006260136142373085,0.004232157487422228,0.008204152807593346,0.008032744750380516,0.00031386601040139794,0.003140454413369298,0.011819818988442421,0.006931754760444164,0.005653722042916342
2025-02-27,risk_on,0.0067988668555241105,ok,-0.005308361258357763,0.0011482841800898314,-0.0034393854439258575,-0.0030987102072685957,-0.009096099995076656,0.0030096631962805986,-0.005989170633256435,-0.008297586813569069,-0.0025044537615031004,0.0035852105356752872,-0.002999061020091176
2025-02-28,risk_off,-0.04051772650534613,ok,-0.046928226947784424,-0.7172321677207947,-0.10627876967191696,0.7995189428329468,-1.0864934921264648,0.6885055303573608,-0.18920141458511353,-0.04332192242145538,-0.07370762526988983,-0.5442530512809753,-0.13193921968340874
2025-03-03,risk_off,0.011730205278592365,ok,-0.3626295030117035,-0.5019664168357849,0.15379731357097626,0.9773858189582825,-1.3916372060775757,-0.31964951753616333,-0.6911994218826294,0.04763370379805565,-0.31528422236442566,-0.8668398857116699,-0.3270389337092638
2025-03-04,risk_off,0.0028985507246377384,ok,-0.10951723903417587,-0.41337013244628906,-0.25089025497436523,0.35708966851234436,-0.6328083276748657,0.3085213601589203,-0.08140367269515991,0.4253120422363281,-0.19313503801822662,-0.8198539018630981,-0.14100554957985878
2025-03-05,risk_off,-0.03294797687861273,ok,0.37213942408561707,-0.25477465987205505,-0.16449880599975586,0.7587853074073792,-0.4805934429168701,0.6431494355201721,0.32532069087028503,-0.08415112644433975,0.2860387861728668,-0.49339559674263,0.09080200120806695
2025-03-06,risk_off,0.018529587567244432,ok,0.38026103377342224,-0.7311726808547974,0.11880719661712646,0.5089011192321777,-0.691985011100769,1.150927186012268,0.2643052935600281,-0.33692482113838196,-0.07630680501461029,-0.15918537974357605,0.04276271313428879
2025-03-07,risk_off,-0.015258215962441368,ok,-0.25079086422920227,-0.3723035156726837,-0.21801546216011047,1.3541492223739624,-0.7960742712020874,0.45562928915023804,-0.5712810158729553,-0.26617100834846497,0.5298058986663818,-0.1988389492034912,-0.03338906764984131
2025-03-10,risk_off,0.013706793802145345,ok,0.09073241055011749,-0.5090324282646179,0.08808393031358719,1.0332744121551514,-0.6882408261299133,-0.009756447747349739,-0.6170418858528137,0.12605223059654236,-0.849255383014679,-0.7005060911178589,-0.20356900785118343
2025-03-11,risk_off,0.013521457965902428,ok,-0.5226128697395325,0.03140655905008316,-0.6584523320198059,0.903017520904541,-0.31564512848854065,0.04693548008799553,-0.43997111916542053,-0.5094018578529358,-0.08886401355266571,-1.2933439016342163,-0.2846931662410498
2025-03-12,risk_off,-0.004060324825986061,ok,0.4217771589756012,-0.3520186245441437,-0.35438162088394165,0.6633874773979187,0.15718156099319458,1.4851903915405273,0.2139252871274948,-0.16559046506881714,0.4844549596309662,-0.3629012405872345,0.21910248845815658
2025-03-13,risk_off,0.02970297029702973,ok,1.0401270389556885,-0.5808405876159668,-0.31480735540390015,0.8064252138137817,-0.7322763800621033,0.7369739413261414,0.07450303435325623,0.1522044539451599,0.3547159731388092,-0.18462596833705902,0.13523993641138077
2025-03-14,risk_off,0.013574660633484115,ok,0.30631980299949646,-0.2361072599887848,-0.13035054504871368,0.8235816955566406,0.1463828980922699,0.516802966594696,-0.3367993235588074,-0.07290774583816528,0.7740862965583801,-0.4987354874610901,0.1292273297905922
2025-03-17,risk_off,-0.006138392857142905,ok,0.4180818498134613,0.021263934671878815,-0.04993731901049614,0.9313862919807434,-0.6576283574104309,0.08265119791030884,-0.5603265762329102,-0.0420617014169693,-0.725691556930542,-0.398026704788208,-0.09802889414131641
2025-03-18,risk_off,-0.017967434025828233,ok,0.29156622290611267,0.420829176902771,-0.6813638210296631,0.11473169922828674,-0.024973468855023384,-0.3000679314136505,-0.09795928746461868,-0.3649863600730896,0.237990140914917,-0.41859468817710876,-0.08228283170610666
2025-03-19,risk_off,-0.00800457404230992,ok,0.29200950264930725,-0.15584459900856018,0.3623412549495697,0.887560248374939,0.10767601430416107,0.8262508511543274,0.010962603613734245,-0.17911876738071442,-0.05419826880097389,-0.04502284154295921,0.2052615998312831
2025-03-20,,,not_session,,,,,,,,,,,
2025-03-21,risk_off,0.009221902017291006,ok,0.8401631712913513,-0.4627510607242584,0.09938717633485794,0.336570680141449,0.2941223680973053,0.09696778655052185,0.0009352490305900574,-0.006494829431176186,0.37152186036109924,-0.23143956065177917,0.1338982840999961
2025-03-24,risk_off,-0.010279840091376391,ok,0.4737875759601593,-0.4370119571685791,0.011812437325716019,1.1904027462005615,-0.4034392833709717,-0.06745979189872742,-0.6314065456390381,0.7392699718475342,0.08842019736766815,-0.3460656404495239,0.0618309710174799
2025-03-25,risk_on,-0.019042123485285667,ok,0.0007089208229444921,0.002504147822037339,-0.017868459224700928,-0.015156043693423271,-0.009671095758676529,-0.0043034362606704235,-0.002783670090138912,-0.007589560467749834,-0.01114987675100565,-0.00441322335973382,-0.006972229696111753
2025-03-26,risk_on,-0.011176470588235343,ok,-0.014755355194211006,0.023088589310646057,0.010762740857899189,0.04540542513132095,0.010047750547528267,-0.0015077464049682021,0.02652931399643421,0.0024891700595617294,0.016099097207188606,0.0032206217292696238,0.012137960724066943
2025-03-27,risk_off,-0.049970255800118935,ok,-0.08179329335689545,-0.2595703601837158,0.07905957847833633,0.5269854068756104,-0.34924328327178955,0.449505090713501,-0.13655567169189453,0.397336483001709,-0.014483929611742496,-0.21595929563045502,0.03952807253226638
2025-03-28,risk_off,-0.02128991859737006,ok,0.3797261714935303,-0.40895330905914307,0.055579010397195816,0.6204335689544678,0.12466812133789062,0.18514643609523773,-0.29583969712257385,-0.009026307612657547,0.06331335008144379,-0.08536658436059952,0.0629680760204792
2025-03-31,risk_off,0.000639795265515053,ok,-0.07086417078971863,-0.18738389015197754,-0.4986935555934906,0.559648334980011,-0.15277303755283356,-0.4714341461658478,-0.4116835594177246,0.02535506710410118,0.19888895750045776,-0.3707733154296875,-0.13797133155167102
2025-04-01,risk_off,-0.07097186700767266,ok,0.48200228810310364,-0.10064384341239929,-0.15888990461826324,0.35872554779052734,-0.5649521946907043,-0.12415704131126404,-0.14053207635879517,0.10935314744710922,-0.005505496636033058,-0.569996178150177,-0.07145957518368959
2025-04-02,risk_off,-0.00619408121128695,ok,0.4792340099811554,-0.04501407593488693,-0.4555675685405731,0.8627973198890686,0.026053816080093384,0.24497734010219574,0.3886367678642273,0.016519973054528236,0.04417189955711365,0.05745488777756691,0.16192643698304893
2025-04-03,risk_off,-0.17797783933518008,ok,0.3534911572933197,-0.5321766138076782,-0.1990288645029068,0.4632030129432678,-0.27570396661758423,-0.20233279466629028,0.09474638849496841,0.19994427263736725,0.10496266931295395,-0.15628807246685028,-0.014918281137943268
2025-04-04,risk_off,0.11541701769165957,ok,0.16377189755439758,-0.7211905717849731,-0.1779169738292694,0.7350204586982727,0.1431053876876831,0.08528494834899902,-0.25916120409965515,0.5240908265113831,0.4173080325126648,-0.20474189519882202,0.07055709064006806
2025-04-07,risk_off,-0.03549848942598188,ok,-0.3942660689353943,-0.5416786074638367,-0.5114570260047913,0.039677511900663376,0.4146781265735626,-0.5160931944847107,-0.1964675635099411,0.4131811261177063,0.002895629033446312,-0.4948287010192871,-0.17843587677925826
2025-04-08,risk_off,0.15505090054815973,ok,0.3733693063259125,-0.2611415386199951,-0.3293588161468506,0.19282077252864838,-0.0031143873929977417,-0.3657390773296356,-0.49034908413887024,-0.3155401349067688,0.21973609924316406,-0.5073632001876831,-0.14866800606250763
2025-04-09,risk_off,-0.10237288135593225,ok,0.4838833510875702,0.031232614070177078,-0.17710664868354797,0.6025194525718689,0.44580623507499695,0.0025818003341555595,0.19113768637180328,0.17032356560230255,0.5247520804405212,-0.29849550127983093,0.1976634635590017
2025-04-10,risk_off,0.095166163141994,ok,0.4761319160461426,-0.14139845967292786,-0.19139070808887482,0.6133989095687866,-0.8955069184303284,-0.14737769961357117,-0.011332429945468903,-0.5238507986068726,-0.254938542842865,0.18806011974811554,-0.08882046118378639
2025-04-11,risk_off,-0.0096551724137931,ok,-0.3410836160182953,-0.2870025932788849,-0.7140741348266602,0.7353283762931824,-0.20722456276416779,0.11585605144500732,-0.35793930292129517,0.08674740791320801,0.21332098543643951,0.612949788570404,-0.014312160015106202
2025-04-14,risk_off,-0.0069637883008356605,ok,0.09711813926696777,0.005573665723204613,-0.5206444263458252,0.9199928045272827,-0.3050980567932129,-0.4027404189109802,-0.45093294978141785,-0.009698096662759781,-0.3579658567905426,-0.1262022703886032,-0.11505974661558867
2025-04-15,risk_off,-0.030855539971949564,ok,0.7962892055511475,0.5573724508285522,-0.6422406435012817,0.3388650417327881,0.3647257387638092,-0.7668735384941101,-0.010724356397986412,-0.10453887283802032,-0.14576242864131927,0.7675461769104004,0.11546587739139795
2025-04-16,risk_off,0.02387843704775694,ok,0.8758760690689087,0.2025415599346161,-0.6599663496017456,0.7015179991722107,0.5003776550292969,0.1383073925971985,-0.1384323537349701,0.2834113538265228,0.7819510102272034,0.26061829924583435,0.29462026357650756
2025-04-17,risk_off,-0.014134275618374548,ok,1.1136823892593384,-0.37773171067237854,-0.228325754404068,0.7736064791679382,0.029105719178915024,0.13081826269626617,-0.19222354888916016,0.6298996210098267,0.8274905681610107,0.8531410694122314,0.355946309491992
2025-04-18,risk_off,-0.00501792114695343,ok,-0.057938672602176666,-0.3277926445007324,-0.4707958996295929,0.7902533411979675,-0.29739201068878174,-0.5643384456634521,-0.5197309851646423,0.6145870089530945,0.7131596207618713,-0.03713058680295944,-0.01571192741394043
2025-04-21,risk_off,0.02449567723342949,ok,0.662053644657135,-0.14785031974315643,-0.12317315489053726,1.3059002161026,0.39927953481674194,-0.44350120425224304,-0.12519943714141846,0.8915627002716064,0.5836009383201599,0.8434350490570068,0.3846107967197895
2025-04-22,risk_off,0.010548523206751037,ok,0.5507900714874268,0.45622581243515015,-0.4363095760345459,1.3378033638000488,-0.24378952383995056,-0.9304787516593933,0.11667001247406006,-0.4939437508583069,0.34868931770324707,0.0006822720170021057,0.07063392475247383
2025-04-23,risk_off,0.028531663187195466,ok,0.6397374272346497,0.18781495094299316,-0.8742438554763794,0.8351666927337646,1.140036940574646,0.027507055550813675,0.28748682141304016,0.0922127217054367,0.599547803401947,0.6224242448806763,0.3557690802961588
2025-04-24,risk_off,0.030446549391069055,ok,1.206668496131897,0.2811923921108246,0.5012263059616089,0.7703390121459961,0.18788108229637146,-0.0153006911277771,-0.015102759003639221,-0.11836713552474976,0.5010577440261841,0.5651109218597412,0.3864705368876457
2025-04-25,risk_off,-0.04136572554169404,ok,0.5366067290306091,-0.6380355954170227,-0.3535321056842804,0.10141320526599884,0.7188332676887512,-0.6348094344139099,0.017505846917629242,0.3056618273258209,0.8290271162986755,-0.4657652974128723,0.04169055595993996
2025-04-28,risk_off,0.022602739726027332,ok,1.0215060710906982,-0.18609914183616638,-0.26438653469085693,0.5678651928901672,-0.0465497262775898,-0.3450142443180084,-0.14894916117191315,-0.29648658633232117,0.5081701874732971,0.112185537815094,0.09222415946424008
2025-04-29,,,not_session,,,,,,,,,,,
2025-04-30,risk_off,0.010716677829872845,ok,0.030101044103503227,0.14943504333496094,0.7647875547409058,0.8435372114181519,0.9215362668037415,-0.1985228806734085,0.48074910044670105,0.9676997065544128,0.15426744520664215,0.32242056727409363,0.44360110592097046
2025-05-01,risk_off,-0.0033134526176276102,ok,0.37342843413352966,0.009413362480700016,0.0385398268699646,0.22640769183635712,1.0686116218566895,0.19588308036327362,-0.24773122370243073,0.8506655097007751,-0.023274023085832596,0.255953848361969,0.2747898128814995
2025-05-02,risk_off,0.010638297872340496,ok,0.4016541540622711,-0.5048297643661499,-0.08642754703760147,-0.11599820852279663,0.14095589518547058,-0.25039392709732056,0.302595317363739,0.3971933126449585,-0.05002180486917496,-0.0017920751124620438,0.023293535225093365
2025-05-05,,,not_session,,,,,,,,,,,
2025-05-06,,,not_session,,,,,,,,,,,
2025-05-07,risk_off,0.03223684210526323,ok,-0.31040018796920776,0.04991256445646286,-0.5333268642425537,0.42397749423980713,0.44561609625816345,-0.7115204334259033,-0.16322341561317444,-0.5857425332069397,0.485539048910141,0.1310625821352005,-0.0768105648458004
2025-05-08,risk_off,0.01210962396430837,ok,-0.7525525093078613,0.7974623441696167,-0.025077607482671738,0.37550580501556396,0.45340824127197266,-0.8252931833267212,0.3554016351699829,0.41922152042388916,-0.16994714736938477,0.5056297183036804,0.11337588168680668
2025-05-09,risk_off,0.0692695214105794,ok,-0.04083094745874405,-0.14822547137737274,-0.23945216834545135,0.07022300362586975,-0.10364849865436554,-0.07151910662651062,-0.3449450433254242,0.21828587353229523,-0.02765725739300251,-0.39096564054489136,-0.10787352565675974
2025-05-12,risk_off,-0.0035335689045936647,ok,-0.10900457948446274,0.6377784013748169,-0.3433355391025543,0.04501130059361458,0.04724685102701187,-0.10696941614151001,-0.22751668095588684,0.5502460598945618,0.05386350676417351,0.031009027734398842,0.05783289317041636
2025-05-13,risk_off,-0.0005910165484633856,ok,0.2908562123775482,0.41979146003723145,-0.19321291148662567,0.14407046139240265,0.4415881633758545,-0.252573698759079,0.49752140045166016,0.1644294112920761,0.7172023057937622,0.21095716953277588,0.24406299740076065
2025-05-14,risk_off,-0.012418687167356612,ok,0.23892399668693542,0.3407738208770752,-0.43012773990631104,-0.26730915904045105,0.2764255404472351,0.1889229565858841,0.06264819949865341,0.8241099119186401,0.5922120213508606,0.9024820923805237,0.27290616407990453
2025-05-15,risk_off,-0.026946107784431184,ok,-0.3592626750469208,-0.5596036911010742,0.46535947918891907,0.16765610873699188,0.4790749251842499,0.05186914652585983,0.3518507182598114,0.43002405762672424,0.5948672294616699,0.06968071311712265,0.1691516011953354
2025-05-16,risk_on,-0.0012307692307692575,ok,-0.023384079337120056,-0.0002883480628952384,-0.001578309340402484,-0.006030547898262739,-0.01123812235891819,-0.012995526194572449,0.0063444580882787704,0.03181363642215729,-0.00895005278289318,-0.0061006988398730755,-0.0032407590304501356
2025-05-19,risk_on,-0.009242144177449174,ok,0.010106753557920456,-0.005949954967945814,-0.02703782729804516,-0.015098921954631805,-0.0049223098903894424,-0.0065706088207662106,0.008226514793932438,-0.006986814551055431,-0.002394111128523946,-0.006440781056880951,-0.005706806131638586
2025-05-20,risk_on,-0.01741293532338306,ok,0.014519797638058662,0.010540076531469822,0.0399366095662117,0.021822476759552956,0.017290517687797546,-0.0033102461602538824,0.012171179056167603,0.03266195207834244,0.02282780595123768,0.01111783180385828,0.01795780009124428
2025-05-21,risk_off,0.019620253164557067,ok,-0.4049336016178131,-0.1443617194890976,-0.3542630970478058,0.17876675724983215,0.08794543147087097,0.11647044122219086,-0.1589827984571457,0.2000380903482437,0.5154293179512024,0.09598849713802338,0.013209731876850128
2025-05-22,risk_off,-0.004345127250155234,ok,0.5825307965278625,-0.28320348262786865,0.256850928068161,0.028949271887540817,0.08291061967611313,0.854270339012146,0.30533909797668457,0.33402249217033386,-0.21842853724956512,0.8424781560897827,0.2785719681531191
2025-05-23,risk_off,0.018079800498753018,ok,-0.20467597246170044,0.14754746854305267,-0.3138617277145386,0.1498868763446808,0.43591347336769104,0.050981901586055756,-0.3343871831893921,1.1029608249664307,0.09986765682697296,0.5404143929481506,0.16746477112174035
2025-05-26,risk_off,0.014696876913655954,ok,0.09645622223615646,0.28386226296424866,0.13131721317768097,0.3110194206237793,0.04454219713807106,-0.54946368932724,-0.49988460540771484,-0.09236417710781097,-0.45117056369781494,0.15084019303321838,-0.05748455263674259
2025-05-27,risk_off,0.02112251056125536,ok,0.06843414902687073,0.036024950444698334,-0.47374263405799866,0.6041967868804932,-0.394521564245224,-0.31615331768989563,-0.3281017541885376,-0.049877990037202835,-0.239193394780159,0.020927296951413155,-0.10720074716955423
2025-05-28,risk_off,-0.019503546099290725,ok,0.2300880253314972,0.1962311863899231,0.0932372584939003,0.08929656445980072,0.118075892329216,0.5046863555908203,0.25482431054115295,0.20639382302761078,0.09897743165493011,0.8972524404525757,0.2689063288271427
2025-05-29,risk_off,-0.02169981916817365,ok,-0.08350717276334763,-0.4337588846683502,-0.4099034368991852,0.040605396032333374,0.16881485283374786,0.10844488441944122,-0.16933204233646393,0.2704896926879883,-0.006577563472092152,0.36415693163871765,-0.015056734252721072
2025-05-30,risk_on,-0.008626001232285851,ok,-0.005415752064436674,-0.0038517077919095755,-0.004416828043758869,-0.002918968442827463,-0.0029038514476269484,-0.013605942018330097,-0.011928382329642773,-0.013783290050923824,-0.0008940260158851743,-0.010672406293451786,-0.007039115449879318
2025-06-02,risk_on,0.02237414543194527,ok,-0.014369888231158257,-0.0034585248213261366,-0.004570684861391783,-0.007937243208289146,8.781573706073686e-05,0.00590719236060977,-0.004183099139481783,-0.00032709736842662096,-0.013924726285040379,-0.009177531115710735,-0.005195378693315433
2025-06-03,risk_on,-0.002431610942249196,ok,-0.003409264376387,-0.00549798971042037,-0.0006372185307554901,-0.0025439169257879257,0.0016333539970219135,0.012371910735964775,1.480570062994957e-06,-0.003759625367820263,0.007966822944581509,0.004198616370558739,0.0010324169707018882
2025-06-04,risk_on,0.01706276660572814,ok,0.0032303438056260347,0.003904074663296342,0.008490501902997494,0.008833376690745354,0.011969417333602905,0.005563205573707819,0.006600943394005299,0.01046932302415371,0.014536989852786064,0.014788704924285412,0.008838688116520643
2025-06-05,risk_on,0.014379868184541733,ok,-0.008162862621247768,-0.012162179686129093,-0.008935180492699146,-0.011887213215231895,-0.014364284463226795,-0.0008665476925671101,-0.0038679465651512146,-0.0023138336837291718,-0.0020432292949408293,-0.0016373645048588514,-0.006624064221978187
2025-06-06,risk_on,0.016538688718251704,ok,0.0083943922072649,-0.004494445864111185,0.0028166533447802067,0.0035204170271754265,-0.00043476454447954893,-0.00979685690253973,0.012652008794248104,0.00296966265887022,-0.0035414155572652817,-0.0034860889427363873,0.0008599562221206725
2025-06-09,risk_on,0.01220220801859373,ok,-0.006378493271768093,-0.007439047563821077,-0.011375529691576958,-0.005958035588264465,-0.009374136105179787,-0.0040039243176579475,-0.006773308850824833,-0.005596804432570934,-0.0037144513335078955,-0.004414140246808529,-0.006502787140198052
2025-06-10,risk_on,0.006888633754305484,ok,0.003693321952596307,-0.003137882798910141,-0.0007838025339879096,-0.006788413971662521,-0.00167770532425493,-0.003703682217746973,-0.007468244526535273,-0.0018109227530658245,-0.0018761956598609686,-0.0015624319203197956,-0.0025115959753748028
2025-06-11,risk_on,-0.0051311288483466555,ok,0.011829969473183155,0.008731978014111519,0.007120043504983187,0.004454035311937332,0.005554766394197941,0.011101184412837029,0.0074035548605024815,0.011201287619769573,0.012748082168400288,0.010077394545078278,0.009022229630500079
2025-06-12,risk_on,-0.022922636103151817,ok,0.001900263363495469,0.003608499187976122,0.00397794833406806,-0.0023022217210382223,0.0012147119268774986,0.0006948408554308116,0.002307108836248517,-0.0023941758554428816,0.0028885724022984505,0.004809824749827385,0.001670537207974121
2025-06-13,risk_on,0.029912023460410664,ok,0.011694653891026974,0.010525733232498169,0.00784175656735897,0.005650702863931656,0.004874193575233221,0.010601304471492767,0.007882350124418736,0.018294448032975197,0.011570987291634083,0.007461855188012123,0.00963979852385819
2025-06-16,risk_off,0.007972665148063829,ok,-0.1704881340265274,-0.06703240424394608,0.26968851685523987,0.17664200067520142,-0.22390712797641754,-0.005910945124924183,-0.09653487801551819,0.17557573318481445,-0.2530776262283325,-0.04459104686975479,-0.023963591177016498
2025-06-17,risk_on,0.019209039548022666,ok,0.0007334117544814944,-0.003569235559552908,6.031948942109011e-05,-0.002812206046655774,0.001414293423295021,-0.0013254163786768913,-0.0012395401718094945,-0.005712026264518499,0.0009658271446824074,-0.0018835181836038828,-0.0013368090792937437
2025-06-18,risk_off,-0.019955654101995512,ok,-0.03502775728702545,-0.12071891874074936,0.0063691772520542145,0.14134210348129272,0.0005743512883782387,0.024439219385385513,0.009869096800684929,-0.14620541036128998,-0.04936516284942627,0.14798350632190704,-0.0020739794708788395
2025-06-19,risk_off,0.005656108597285048,ok,0.030944086611270905,-0.19869667291641235,-0.2915218472480774,0.14800718426704407,-0.0995485857129097,-0.06710340082645416,-0.10053814202547073,0.06013382226228714,-0.13496950268745422,-0.14319998025894165,-0.07964930385351181
2025-06-20,risk_off,0.03487064116985383,ok,0.09692741185426712,-0.10777519643306732,-0.14385920763015747,0.1509365737438202,-0.003441356588155031,-0.01959019899368286,-0.012799018993973732,0.15411855280399323,0.09062207490205765,0.013183636590838432,0.02183232712559402
2025-06-23,risk_off,0.027717391304347805,ok,-0.0915413424372673,-0.1470300257205963,-0.2150808870792389,0.08955767005681992,0.003123205155134201,-0.1739952266216278,0.021387094631791115,0.04571858420968056,-0.1457449048757553,-0.11900042742490768,-0.07326062601059675
2025-06-24,risk_on,0.007932310946589194,ok,-0.004350744653493166,-0.001921998686157167,-0.003284362843260169,-0.002163798315450549,-0.00417743856087327,0.0022473682183772326,0.001122240792028606,-0.0008998964913189411,-0.005700554698705673,-0.006935627665370703,-0.00260648129042238
2025-06-25,risk_on,0.018887722980063026,ok,-0.010212346911430359,-0.007602404803037643,-0.0007866622181609273,-0.0025454561691731215,-0.0015072692185640335,-0.013036856427788734,-0.006427645217627287,-0.01295933686196804,-0.004850234370678663,-0.006105020642280579,-0.006603323284070939
2025-06-26,risk_on,0.028321318228630377,ok,0.007298078387975693,0.009906034916639328,0.0023851883597671986,0.012344797141849995,0.010616186074912548,0.016669861972332,0.013269077986478806,0.007988876663148403,0.007609485648572445,0.006991833448410034,0.009507942060008646
2025-06-27,risk_on,-0.030545818728092144,ok,0.006249077618122101,0.005791748873889446,0.004689839668571949,0.008996471762657166,0.005558498203754425,0.0009075897978618741,-0.0019556551706045866,0.005338909570127726,0.007464285474270582,0.007375937886536121,0.005041670368518681
2025-06-30,risk_on,-0.030475206611570216,ok,0.011910127475857735,0.009815966710448265,0.007521074265241623,0.00694628618657589,0.010912815108895302,0.014539026655256748,0.01071598194539547,0.014246439561247826,0.009552080184221268,0.008339133113622665,0.01044989312067628
2025-07-01,risk_on,0.030367607884922654,ok,-0.0025080100167542696,-0.005021669901907444,-0.0048003592528402805,-0.006537141278386116,-0.004695167765021324,-0.010212366469204426,-0.01149993110448122,-0.003983277827501297,-0.002444186946377158,-0.006190704647451639,-0.005789281520992518
2025-07-02,risk_on,0.01706308169596693,ok,0.00045240536564961076,0.005873037502169609,0.0011106026358902454,2.0896666683256626e-05,-0.00447834562510252,0.00539202056825161,0.002524825744330883,5.708294338546693e-05,0.0018001358257606626,-0.0028213043697178364,0.0009931357257300989
2025-07-03,risk_on,-0.014743263853584154,ok,-0.0029013575986027718,-0.006118200719356537,-0.0019484659424051642,-0.0021725688129663467,-0.0019891620613634586,-0.007444290444254875,-0.005851998459547758,-0.001708609750494361,-4.668196197599173e-06,-0.004680188838392496,-0.003481951082358137
2025-07-04,risk_on,-0.008255933952528327,ok,0.003382786875590682,0.0076234061270952225,0.009999662637710571,0.006853600963950157,0.00964463409036398,0.011538920924067497,0.016798513010144234,0.012119784019887447,0.006806268356740475,0.006875284947454929,0.00916428619530052
2025-07-07,risk_on,0.03017689906347565,ok,0.005157426465302706,0.001969770062714815,0.008264812640845776,0.0059114135801792145,0.0037086692173033953,0.0006617705803364515,0.002426939783617854,0.0022046000231057405,0.0031508146785199642,0.007885390892624855,0.004134160792455077
2025-07-08,risk_on,-0.007070707070707116,ok,0.003308512270450592,0.0010480114724487066,-0.003433117875829339,5.946913006482646e-05,-0.0030872204806655645,0.0058813258074223995,0.0012559995520859957,0.00218303338624537,0.0012220890494063497,0.0007638254319317639,0.0009201927743561101
2025-07-09,risk_on,0.0025432349949134903,ok,0.007644662167876959,0.002650983864441514,0.005008704494684935,0.003095913678407669,0.001178536913357675,0.0018092895625159144,0.0022796951234340668,0.0036747977137565613,0.008558785542845726,0.0038823073264211416,0.003978367638774216
2025-07-10,risk_on,-0.0025367833587012223,ok,-0.012418044731020927,-0.010435984469950199,-0.012537729926407337,-0.015358395874500275,-0.006920738611370325,-0.0071294852532446384,-0.007577760145068169,-0.010120310820639133,-0.014546680264174938,-0.01040318701416254,-0.010744831711053848
2025-07-11,risk_on,-0.003560528992878953,ok,0.0006161386845633388,-0.0008269581012427807,0.0012167493114247918,0.0039602103643119335,-0.003051769221201539,-0.0017815458122640848,-0.0012121787294745445,-0.0015663525555282831,-0.00014768019900657237,0.002696204697713256,-9.718156070448458e-06
2025-07-14,risk_on,0.02450229709035212,ok,0.0015113336266949773,0.006536408793181181,0.006994980853050947,0.004613140132278204,0.00644325464963913,0.009395978413522243,0.0064693475142121315,0.009242978878319263,0.0041936906054615974,0.006682820152491331,0.0062083933618851
2025-07-15,risk_on,-0.019431988041853532,ok,0.002935925032943487,-0.0002985350729431957,0.0032020413782447577,0.002003058325499296,-0.0022519989870488644,-0.004159640520811081,-0.002711967332288623,-0.0032656292896717787,0.00173367524985224,0.00013573715114034712,-0.00026773340650834145
2025-07-16,risk_on,0.0035569105691057867,ok,-0.003277776762843132,-0.0017139550764113665,-0.0035581742413342,-0.0027983111795037985,0.0025412102695554495,-0.0007464642403647304,-0.0013735925313085318,-0.0046164607629179955,-0.0017574686789885163,-0.0024087366182357073,-0.001970972982235253
2025-07-17,risk_on,-0.011139240506329084,ok,-0.002602160908281803,-0.0048161703161895275,-0.0021342390682548285,-0.006426488980650902,-0.008031591773033142,-0.005839362274855375,-0.005548903252929449,-0.004877618048340082,-0.005478999577462673,-0.0029721087776124477,-0.004872764297761023
2025-07-18,risk_on,0.004096262160778297,ok,0.007960968650877476,0.009999198839068413,0.007577493321150541,0.006216931156814098,0.00985835213214159,0.01260252296924591,0.009951049461960793,0.011403047479689121,0.013545216992497444,0.010142503306269646,0.009925728430971503
2025-07-21,,,not_session,,,,,,,,,,,
2025-07-22,risk_on,0.0249872514023457,ok,-0.007261274382472038,-0.00557385990396142,-0.006455487571656704,-0.006623468827456236,-0.004663514439016581,-0.0010347665520384908,-0.004636550787836313,-0.002331392141059041,-0.0009392529027536511,-0.0047392877750098705,-0.004425885528326035
2025-07-23,risk_on,-0.013432835820895495,ok,-0.005019425414502621,-0.007681227754801512,-0.0058344826102256775,-0.008238700218498707,-0.008539777249097824,-0.009310311637818813,-0.0076247332617640495,-0.007530409377068281,-0.011022420600056648,-0.007726465817540884,-0.007852795394137501
2025-07-24,risk_on,-0.021180030257186067,ok,-0.005373185034841299,-0.0025954993907362223,-0.00693874154239893,-0.005465447437018156,-0.0018239315832033753,0.0001041193027049303,-0.0027643321081995964,-0.001453341799788177,0.001118765794672072,-0.003612531116232276,-0.0028804124915041028
2025-07-25,risk_on,-0.013395157135497215,ok,0.005561358295381069,0.009485168382525444,0.009096936322748661,0.008533586747944355,0.002925383159890771,0.003766564652323723,0.0037995255552232265,0.0037259014789015055,0.003702346934005618,0.005186846945434809,0.005578361847437918
2025-07-28,risk_on,-0.0031331592689295418,ok,0.004140064585953951,0.0049563138745725155,0.003966303076595068,0.001999354688450694,0.004349718801677227,0.005556405987590551,0.0014587535988539457,0.008983157575130463,0.008242236450314522,0.004191392567008734,0.004784370120614767
2025-07-29,risk_on,0.0005238344683080598,ok,0.00600934075191617,0.0027286680415272713,0.004889217671006918,0.007341625634580851,-0.0002310309064341709,0.004240886773914099,0.003953070379793644,-0.00020786686218343675,0.0024935458786785603,0.004228645004332066,0.003544610236713197
2025-07-30,risk_on,-0.0298429319371728,ok,0.00012885319301858544,-0.002498295856639743,-0.0012625961098819971,-0.004870926029980183,0.004868620075285435,-0.0037147339899092913,0.00045685580698773265,0.0015969652449712157,-1.3927550753578544e-05,-0.0002330176648683846,-0.0005542202881770209
2025-07-31,risk_on,-0.024824608742579635,ok,-0.008328605443239212,-0.01006193459033966,-0.010945935733616352,-0.012382620945572853,-0.013184851966798306,-0.011215425096452236,-0.009968952275812626,-0.01454728189855814,-0.014469970017671585,-0.008254862390458584,-0.011336044035851955
2025-08-01,risk_on,0.03597122302158273,ok,0.004563994240015745,0.007735729217529297,0.00798090361058712,0.003861896926537156,0.0046045915223658085,0.007243953179568052,0.006163435522466898,0.009534038603305817,0.008916235528886318,0.004681870806962252,0.0065286649158224465
2025-08-04,risk_on,-0.014957264957264904,ok,0.006641024723649025,0.005966871045529842,0.008508272469043732,0.003744913497939706,-0.00059882941422984,0.009477855637669563,0.0051434836350381374,0.0029034961480647326,0.00513794831931591,0.0038834454026073217,0.005080848146462813
2025-08-05,risk_on,-0.02386117136659438,ok,-0.009843779727816582,-0.006975012365728617,-0.00479216780513525,-0.008295384235680103,-0.005619314964860678,-0.005985008552670479,-0.005949137266725302,-0.00793512910604477,-0.0040655601769685745,-0.007369504775851965,-0.006682999897748232
2025-08-06,risk_on,0.011111111111111072,ok,-0.014755038544535637,-0.015867097303271294,-0.017816845327615738,-0.019596215337514877,-0.019656844437122345,-0.014461543411016464,-0.015862558037042618,-0.020298248156905174,-0.017478443682193756,-0.018609730526804924,-0.017440256476402283
2025-08-07,risk_on,0.025824175824175732,ok,-0.00601687328889966,-0.009267248213291168,-0.009424516931176186,-0.014202140271663666,-0.0053930096328258514,-0.008110730908811092,-0.008412037044763565,-0.009155865758657455,-0.007259173318743706,-0.00971702765673399,-0.008695862302556635
2025-08-08,risk_on,0.03535083020889118,ok,-0.0019221414113417268,-0.00603485805913806,-0.006198339629918337,-0.008382711559534073,-0.0044920737855136395,-0.006302019581198692,-0.0003890464431606233,-0.00739841815084219,-0.011001719161868095,-0.005974512547254562,-0.005809584032977
2025-08-11,,,not_session,,,,,,,,,,,
2025-08-12,risk_on,-0.002586652871184647,ok,0.01461735274642706,0.014414716511964798,0.014928944408893585,0.013274511322379112,0.012496068142354488,0.011567341163754463,0.017208760604262352,0.011845440603792667,0.010927999392151833,0.014891894534230232,0.013617302943021058
2025-08-13,risk_on,-0.014004149377593311,ok,0.014221679419279099,0.013195110484957695,0.015187563374638557,0.012184934690594673,0.012300582602620125,0.016689632087945938,0.011413202621042728,0.01894824206829071,0.017852628603577614,0.012788298539817333,0.014478187449276448
2025-08-14,risk_on,0.004734350341925264,ok,-0.009182249195873737,-0.006044481415301561,-0.0054937987588346004,-0.00509290536865592,-0.0011176837142556906,-0.006700015626847744,-0.005941595416516066,-0.011643603444099426,-0.0078009022399783134,-0.007361571304500103,-0.006637880648486316
2025-08-15,risk_on,-0.00366492146596864,ok,0.0002548758056946099,-0.0005423703114502132,-0.0035863991361111403,-0.0019682487472891808,-0.006992710754275322,-0.0032146612647920847,-0.003247990505769849,-0.00038989679887890816,-3.270372690167278e-05,-0.002996279625222087,-0.0022716385064995848
2025-08-18,risk_on,-0.009458749343142392,ok,-0.009506274946033955,-0.009548882953822613,-0.005849778186529875,-0.010326335206627846,-0.00809219479560852,-0.0071496483869850636,-0.010029057040810585,-0.010345639660954475,-0.007647372782230377,-0.01201256737112999,-0.00905077513307333
2025-08-19,risk_on,-0.023872679045092826,ok,0.00436507910490036,0.004508750978857279,0.0022773651871830225,0.004159010946750641,0.004950129427015781,0.00382372853346169,0.0005041827098466456,0.0066637615673244,0.005932653322815895,0.001810929155908525,0.003899559093406424
2025-08-20,risk_on,-0.0027173913043477826,ok,-0.016986722126603127,-0.014171266928315163,-0.01585354469716549,-0.015630431473255157,-0.01605876162648201,-0.013776805251836777,-0.016056755557656288,-0.017698010429739952,-0.016030220314860344,-0.015543625690042973,-0.015780614409595727
2025-08-21,risk_on,0.02670299727520442,ok,0.002093725372105837,0.0021224331576377153,0.0023679721634835005,0.00234283902682364,-0.0024717452470213175,0.0009347517043352127,0.0016695280792191625,0.0027350846212357283,0.0023430711589753628,0.0014767321990802884,0.001561439223587513
2025-08-22,risk_on,-0.014331210191082855,ok,-0.0014728702371940017,0.00032997102243825793,0.0004783454933203757,0.001126372953876853,0.002581236185505986,0.004074639640748501,0.0021614818833768368,0.003455227939411998,0.0016767147462815046,0.0016280211275443435,0.0016039140755310655
2025-08-25,risk_on,0.003231017770597644,ok,-0.0002357499033678323,-0.002425579819828272,6.543491326738149e-05,-0.0007676605018787086,0.0036835167557001114,6.8967638071626425e-06,1.3674057299795095e-05,0.0011264911154285073,-0.001826270716264844,0.0010860732290893793,7.268258932526805e-05
2025-08-26,risk_on,-0.0026838432635534204,ok,-0.001665558316744864,0.0017687923973426223,0.003137972205877304,0.0035265316255390644,0.0016058216569945216,0.0029087672010064125,0.0029164100997149944,0.00423152232542634,0.004336170386523008,0.004299015738070011,0.0027065445319749415
2025-08-27,risk_on,0.023681377825618855,ok,-0.004160996992141008,-0.005239068064838648,-0.009068130515515804,-0.010311538353562355,-0.008770274929702282,-0.007986863143742085,-0.009203096851706505,-0.008947744965553284,-0.01038800273090601,-0.0076329149305820465,-0.008170863147825003
2025-08-28,risk_on,-0.03154574132492116,ok,0.0075058890506625175,0.0033400547690689564,0.004595763981342316,-0.003231432056054473,0.006660963408648968,0.009327377192676067,0.002987162908539176,0.008511054329574108,0.005387964658439159,0.0051639326848089695,0.005024873092770577
2025-08-29,risk_on,-0.005428881650380024,ok,0.0011159485438838601,-0.0007638086681254208,-0.001617688569240272,-0.0005003214464522898,0.00200142664834857,-0.0003877654962707311,0.001805995125323534,-0.004984487313777208,-0.0046488880179822445,-0.001241088262759149,-0.0009220677457051352
2025-09-01,risk_on,-0.018558951965065518,ok,0.00792184378951788,0.007474461570382118,0.006934416480362415,0.007311055436730385,0.004668230656534433,0.006088824477046728,0.009650906547904015,0.00932003278285265,0.006640675012022257,0.008213359862565994,0.007422380661591887
2025-09-02,risk_on,0.0038932146829810943,ok,-7.126489072106779e-05,-0.003102727700024843,-0.0012619539629667997,-0.0036993708927184343,-0.005235549993813038,-0.0007714952807873487,-0.003702209796756506,-0.0033480573911219835,-0.002559433225542307,-0.005736301653087139,-0.002948836478753947
2025-09-03,risk_on,0.021052631578947434,ok,0.011938064359128475,0.010883916169404984,0.010821091942489147,0.010202884674072266,0.017147179692983627,0.014811206609010696,0.012336724437773228,0.013804815709590912,0.012849129736423492,0.011377289891242981,0.012617230322211981
2025-09-04,risk_on,0.011394465545306653,ok,-0.011665954254567623,-0.012060193344950676,-0.013745328411459923,-0.009175675921142101,-0.00914257112890482,-0.0081091970205307,-0.012677982449531555,-0.01353634987026453,-0.008031514473259449,-0.009943032637238503,-0.010808779951184988
2025-09-05,risk_on,0.01341201716738194,ok,0.018991928547620773,0.01643231138586998,0.01977098546922207,0.01911499910056591,0.02015826478600502,0.01685965247452259,0.019136453047394753,0.019482867792248726,0.021943863481283188,0.01740003190934658,0.01892913579940796
2025-09-08,risk_on,0.0058231868713605195,ok,0.007813917472958565,0.009011163376271725,0.010719915851950645,0.008228560909628868,0.006081283092498779,0.008797111921012402,0.005845201667398214,0.010206496343016624,0.011659979820251465,0.008244854398071766,0.008660848485305905
2025-09-09,risk_on,0.0189473684210526,ok,0.005230394192039967,0.006707194726914167,0.008029632270336151,0.0038676548283547163,0.006985283922404051,0.007798768579959869,0.007718490436673164,0.002945331856608391,0.009169073775410652,0.006231874227523804,0.006468369881622494
2025-09-10,risk_on,0.030991735537190035,ok,-0.012293488718569279,-0.014217214658856392,-0.011574970558285713,-0.016497254371643066,-0.012085755355656147,-0.009900461882352829,-0.012307234108448029,-0.01199733279645443,-0.013761991634964943,-0.01639215275645256,-0.013102785684168339
2025-09-11,risk_on,0.023046092184368705,ok,0.0017601113067939878,0.002261029789224267,0.005402118433266878,0.0001691788056632504,0.005702864844352007,-0.0031532123684883118,0.0022399628069251776,0.0010142121464014053,-0.0007808898226357996,0.001778320991434157,0.0016393696932937019
2025-09-12,risk_on,0.008814887365328206,ok,-0.009650981985032558,-0.008023660629987717,-0.012900769710540771,-0.009806090034544468,-0.008881880901753902,-0.0035382930655032396,-0.01388510037213564,-0.007048770319670439,-0.015138999558985233,-0.010090768337249756,-0.009896531491540373
2025-09-15,,,not_session,,,,,,,,,,,
2025-09-16,risk_on,0.00825242718446595,ok,-0.006643013563007116,-0.00914593506604433,-0.009449273347854614,-0.015697866678237915,-0.014283543452620506,-0.005803273059427738,-0.007839745841920376,-0.012943723239004612,-0.014495867304503918,-0.013299573212862015,-0.010960181476548314
2025-09-17,risk_on,0.06788637457871927,ok,0.004846001043915749,-0.0015075604896992445,0.001286743558011949,-0.001666335971094668,0.0018866786267608404,-0.005148979835212231,-0.0032780119217932224,-0.0021972679533064365,-0.0009706313721835613,-0.0002724055084399879,-0.0007021769823040813
2025-09-18,risk_on,-0.008115419296663706,ok,-0.0039627100341022015,-0.0037661974783986807,-0.005551164969801903,-0.006935578770935535,-0.006584367249161005,-2.7745729312300682e-05,-0.0011870386078953743,-0.0038947127759456635,-0.010082710534334183,-0.0006893181125633419,-0.004268154426245019
2025-09-19,risk_on,0.020909090909090988,ok,-0.009737709537148476,-0.013928096741437912,-0.008552675135433674,-0.015288244932889938,-0.011517303995788097,-0.015727266669273376,-0.01564658433198929,-0.013249474577605724,-0.010939632542431355,-0.01040924247354269,-0.012499623093754053
2025-09-22,risk_on,0.006233303650934996,ok,0.002174319699406624,0.003782696556299925,0.0006270725280046463,-0.0027076469268649817,-0.002726924605667591,0.002953407820314169,0.004788752179592848,-0.001557899173349142,-0.005157045088708401,-0.0022236502263695,-4.691723734140396e-06
2025-09-23,,,not_session,,,,,,,,,,,
2025-09-24,risk_on,-0.0026548672566372167,ok,-0.005415698047727346,-0.004666909109801054,-0.0014431321760639548,-0.001108833122998476,-0.0010019108885899186,-0.001132572302594781,0.0016029506223276258,-0.003831744659692049,-0.0006707718130201101,-0.00402218010276556,-0.0021690801600925624
2025-09-25,risk_on,-0.032830523513753374,ok,-0.009613264352083206,-0.006789462640881538,-0.008966835215687752,-0.007394242100417614,-0.006876694038510323,-0.01059630885720253,-0.011166540905833244,-0.004166332073509693,-0.005192045122385025,-0.0053782155737280846,-0.007613994088023901
2025-09-26,risk_on,0.018807339449541383,ok,0.006524079479277134,0.006691295187920332,0.008477088063955307,0.00472544739022851,0.00915155466645956,0.003699899185448885,0.008508572354912758,0.007764589041471481,0.006515990011394024,0.005293011199682951,0.006735152658075094
2025-09-29,risk_on,-0.01755965781179647,ok,0.004269613418728113,0.0034231124445796013,0.003087627934291959,0.006034849211573601,0.003793098498135805,0.002113636350259185,0.005162824876606464,0.0017849741270765662,0.004880040418356657,0.006735797505825758,0.004128557478543371
2025-09-30,risk_on,0.027497708524289566,ok,0.00147537374868989,0.003029299434274435,0.008436999283730984,0.004888249561190605,0.00637630233541131,0.00625268742442131,0.008112338371574879,0.0019344782922416925,0.006533151026815176,0.008101669140160084,0.005514054861851037
2025-10-01,risk_on,0.024977698483496846,ok,0.015028830617666245,0.013468639925122261,0.01333592552691698,0.01404637936502695,0.011878962628543377,0.014292336069047451,0.01719294860959053,0.01777302287518978,0.01725698634982109,0.017268946394324303,0.015154297836124897
2025-10-02,risk_on,0.046562228024368935,ok,-0.003964215982705355,0.003463187487795949,-0.0032140547409653664,0.0003247272688895464,0.003010486951097846,0.0006953677511774004,0.0026660256553441286,0.0004033988225273788,0.0005628472426906228,0.0007210375042632222,0.0004668807960115373
2025-10-03,risk_on,0.031185031185031242,ok,0.014143554493784904,0.015534616075456142,0.012977531179785728,0.018550120294094086,0.009828935377299786,0.014346668496727943,0.012950335629284382,0.01631266437470913,0.016198497265577316,0.011901676654815674,0.014274459984153508
2025-10-06,risk_on,-0.049193548387096775,ok,0.0021037617698311806,0.005297744181007147,0.0022108806297183037,0.007116819731891155,0.008336792699992657,0.006643547676503658,0.0035186046734452248,0.00279775308445096,0.005069730803370476,0.00429263710975647,0.004738827235996723
2025-10-07,risk_on,0.019508057675996504,ok,0.00016482078353874385,-0.003590425243601203,-0.0032890676520764828,-0.0015806709416210651,-0.0031887099612504244,-0.0020353333093225956,-0.0031885397620499134,-0.0016309686470776796,-0.006035396829247475,-0.0028775660321116447,-0.002725185759481974
2025-10-08,risk_on,-0.009567387687188011,ok,-0.003204485634341836,-0.00375388958491385,-0.001617570873349905,-0.004322180524468422,0.0017958052922040224,-0.0014508480671793222,-0.0014475355856120586,0.0018136377912014723,-0.000584841298405081,-0.0033138140570372343,-0.0016085722541902213
2025-10-09,risk_on,-0.030239395212095732,ok,-0.01185317151248455,-0.013782531023025513,-0.013690885156393051,-0.012526147067546844,-0.014525270089507103,-0.014943428337574005,-0.013870409689843655,-0.014144367538392544,-0.013258463703095913,-0.012477235868573189,-0.013507190998643637
2025-10-10,risk_on,-0.014724989172802072,ok,0.011176747269928455,0.00871928222477436,0.009564820677042007,0.009528029710054398,0.013514521531760693,0.008178704418241978,0.007073432207107544,0.012900584377348423,0.012603705748915672,0.012149104848504066,0.01054089330136776
2025-10-13,,,not_session,,,,,,,,,,,
2025-10-14,risk_off,0.04967032967032958,ok,0.04466937482357025,0.2457277625799179,0.029130127280950546,0.26376426219940186,-0.20838966965675354,-0.006154234055429697,-0.2233726680278778,0.4167366325855255,0.004733731038868427,-0.09845390170812607,0.04683914170600474
2025-10-15,risk_off,-0.0020938023450586263,ok,0.16563737392425537,-0.05084541067481041,0.047816600650548935,-0.05226100981235504,0.21537333726882935,0.21158023178577423,0.21675720810890198,0.11826728284358978,0.03407527878880501,0.10861169546842575,0.10150125883519649
2025-10-16,risk_off,-0.0020981955518254436,ok,0.24107933044433594,0.07638276368379593,0.11640067398548126,0.06389680504798889,0.1647377908229828,0.3497428596019745,0.09653787314891815,0.23859325051307678,0.08960288017988205,-0.04277665913105011,0.13941975682973862
2025-10-17,risk_off,0.03195962994112689,ok,-0.07122404128313065,-0.08182835578918457,-0.2599100172519684,0.08199052512645721,0.1412946879863739,0.0034124800004065037,-0.2195156067609787,-0.034701377153396606,0.27534905076026917,0.17948289215564728,0.0014350237790495158
2025-10-20,risk_off,-0.02241238793806033,ok,-0.25139662623405457,-0.08868493884801865,0.04689015448093414,0.2910739779472351,0.30673038959503174,0.022938448935747147,-0.4425017833709717,0.464627742767334,-0.014148116111755371,0.3186042010784149,0.06541334502398968
2025-10-21,risk_off,-0.03126302626094202,ok,0.184244304895401,0.09125421941280365,-0.015261821448802948,-0.06519815325737,0.08780982345342636,-0.29737234115600586,-0.14677277207374573,0.2565513849258423,-0.10622694343328476,0.021341368556022644,0.001036906987428665
2025-10-22,,,gap_in_data,,,,,,,,,,,
2025-10-23,,,gap_in_data,,,,,,,,,,,
2025-10-24,,,not_session,,,,,,,,,,,
2025-10-27,risk_on,0.007361963190184007,ok,0.0016670669429004192,0.00032581252162344754,-0.0001349130179733038,-0.0015116985887289047,-0.009466216899454594,-0.003509109141305089,-0.0027608629316091537,-0.00518133956938982,-0.0005252982373349369,0.0005993031663820148,-0.002049725575488992
2025-10-28,risk_on,0.046691027202598434,ok,0.004702774807810783,-0.00045144505565986037,-0.00019614939810708165,0.00034260627580806613,0.003278247080743313,0.004799601621925831,0.0026523745618760586,0.005784261971712112,0.0034204053226858377,0.00023475219495594501,0.0024567429383751003
2025-10-29,risk_on,0.01629169899146632,ok,0.014832042157649994,0.012748352251946926,0.01299312524497509,0.013332614675164223,0.004363702144473791,0.015748269855976105,0.015009499154984951,0.009734363295137882,0.01394726987928152,0.014773370698094368,0.012748260935768484
2025-10-30,risk_on,0.024809160305343525,ok,-0.002038393635302782,-0.004125344101339579,-0.0017984122969210148,-0.005201160907745361,0.0009370906627736986,0.0011839458020403981,-0.006177007686346769,0.0008260629256255925,-0.0026513629127293825,-0.00492062047123909,-0.002396520262118429
2025-10-31,risk_on,-0.06666666666666665,ok,-0.004923621192574501,-0.007147316355258226,-0.006995473988354206,-0.0018807698506861925,-0.008947399444878101,-0.004878384061157703,-0.004771303851157427,-0.0063268886879086494,-0.0067547522485256195,-0.006012242287397385,-0.005863815196789801
2025-11-03,,,not_session,,,,,,,,,,,
2025-11-04,risk_on,0.03591380686352763,ok,-0.001886832877062261,-0.0030687032267451286,-0.004638537298887968,-0.0006767676677554846,0.002786673605442047,-0.0015475028194487095,0.0006493688561022282,0.0019331949297338724,-9.31925605982542e-05,0.0003688734141178429,-0.0006173425645101815
2025-11-05,risk_off,-0.04853620955315874,ok,0.11485856771469116,-0.10884593427181244,0.1447416990995407,-0.10432696342468262,0.14250995218753815,0.10459268093109131,-0.12739422917366028,0.009272406809031963,0.03213398903608322,0.39263907074928284,0.0600181239657104
2025-11-06,risk_off,0.02429149797570851,ok,0.025577135384082794,0.3313996493816376,-0.23661862313747406,0.038280412554740906,0.2531510293483734,-0.08132906258106232,-0.16076137125492096,0.1766889989376068,-0.007932590320706367,-0.2600310742855072,0.00784245040267706
2025-11-07,risk_off,0.0122529644268774,ok,0.19901534914970398,0.08523045480251312,0.028528787195682526,-0.19729925692081451,0.2326851487159729,0.31877532601356506,-0.1898156702518463,0.07034747302532196,0.24825236201286316,-0.010889394208788872,0.0784830579534173
2025-11-10,risk_off,-0.05349472862163218,ok,-0.03265757858753204,-0.11279652267694473,-0.07907111942768097,0.06912539899349213,0.22892127931118011,0.0573466494679451,-0.17521525919437408,0.2677549123764038,-0.07839807868003845,0.14237050712108612,0.0287380188703537
2025-11-11,risk_off,0.004537953795379579,ok,-0.006251908373087645,0.10567577928304672,0.02477090433239937,-0.02800237014889717,-0.07407866418361664,-0.3817305862903595,-0.2764608860015869,0.08196394145488739,0.08908386528491974,0.29104045033454895,-0.01739894743077457
2025-11-12,risk_off,-0.027104722792607783,ok,0.1499173939228058,0.1946738064289093,-0.44670817255973816,-0.14785213768482208,0.4575950503349304,-0.04607778042554855,-0.04887966811656952,0.24459844827651978,0.17792350053787231,0.4398077428340912,0.09749981835484504
2025-11-13,risk_off,0.013507809202194965,ok,-0.18508127331733704,-0.33224374055862427,-0.062212321907281876,-0.14973942935466766,0.028264272958040237,0.11927714198827744,-0.19626376032829285,-0.14285053312778473,-0.018347326666116714,0.20664261281490326,-0.07325543574988842
2025-11-14,risk_off,-0.002915451895043719,ok,-0.31158313155174255,-0.11192501336336136,-0.0721045732498169,0.13788142800331116,0.17413727939128876,0.17382344603538513,-0.44708019495010376,0.15282519161701202,0.23260514438152313,0.2018304318189621,0.013041000813245773
2025-11-17,risk_off,-0.0292397660818714,ok,-0.20834316313266754,-0.20490503311157227,-0.10239766538143158,-0.08671344816684723,0.426974356174469,-0.14010579884052277,-0.09758245199918747,0.17550033330917358,0.24115440249443054,0.3984648287296295,0.04020463600754738
2025-11-18,risk_off,0.05938037865748713,ok,-0.04314621165394783,0.1298978626728058,-0.27736595273017883,-0.13373921811580658,0.08235542476177216,-0.3421001434326172,-0.008339820429682732,0.10215045511722565,-0.010509771294891834,-0.08321589976549149,-0.05840132748708129
2025-11-19,risk_off,-0.0670186839967506,ok,-0.03609732165932655,0.025883646681904793,-0.2757759690284729,-0.27454739809036255,0.32124581933021545,0.3056217133998871,-0.17199206352233887,-0.1515769511461258,0.02638499066233635,0.20539695024490356,-0.0025456583127379416
2025-11-20,risk_off,0.014366565084893423,ok,0.016070248559117317,0.008192814886569977,-0.1684226542711258,0.011798180639743805,0.15817207098007202,-0.12976065278053284,-0.29231396317481995,-0.05481832101941109,-0.09154599905014038,-0.0843287780880928,-0.06269570533186197
2025-11-21,risk_off,-0.0051502145922747156,ok,0.1961844563484192,0.06894727051258087,-0.11952780932188034,-0.30216723680496216,0.23033754527568817,0.10271931439638138,-0.1438039392232895,0.15705616772174835,0.2811237871646881,-0.02337796986103058,0.04474915862083435
2025-11-24,,,not_session,,,,,,,,,,,
2025-11-25,risk_off,0.026315789473684292,ok,0.1803741604089737,0.023359917104244232,-0.038330260664224625,-0.15714001655578613,0.12406594306230545,0.12568062543869019,-0.0038676410913467407,-0.06038004532456398,0.26430410146713257,0.08053597807884216,0.053860276192426684
2025-11-26,risk_off,0.007145859604875904,ok,-0.23814058303833008,0.02282465063035488,0.06524723768234253,0.08701269328594208,0.26178884506225586,0.12805689871311188,-0.07036752998828888,-0.013186275959014893,0.1604493260383606,0.1686440110206604,0.057232927344739434
2025-11-27,risk_off,0.014190317195325486,ok,-0.02021556906402111,0.03856157138943672,-0.25321346521377563,-0.12297579646110535,0.3467670977115631,0.14136721193790436,-0.23205381631851196,0.13627822697162628,-0.03696093708276749,-0.060167666524648666,-0.006261314265429974
2025-11-28,risk_off,-0.019341563786008265,ok,-0.12951138615608215,-0.3656299412250519,-0.06209811568260193,-0.34028348326683044,0.222385972738266,0.34202027320861816,-0.13665036857128143,-0.032882172614336014,0.10714609175920486,0.021628953516483307,-0.03738741762936115
2025-12-01,risk_on,0.015107007973143016,ok,0.002196710789576173,-0.00022840918973088264,0.001420311164110899,0.0001563809928484261,-0.004372296389192343,0.0016151510644704103,-0.0017468493897467852,0.0021082544699311256,0.004345812369138002,0.001826389692723751,0.0007321455574128777
2025-12-02,risk_off,0.024803637866887218,ok,-0.16521596908569336,0.04867921024560928,-0.1876726746559143,-0.07692234218120575,0.09424005448818207,-0.18307730555534363,-0.18137864768505096,-0.224114328622818,0.07573408633470535,0.011748984456062317,-0.07879789322614669
2025-12-03,risk_on,0.009681323114159035,ok,0.007442868780344725,0.00913322065025568,0.009887422434985638,0.010651318356394768,0.008500861935317516,0.006321250461041927,0.00876052025705576,0.014493412338197231,0.004403776954859495,0.005903974175453186,0.008549862634390592
2025-12-04,risk_on,0.0163803435876948,ok,0.011941268108785152,0.01059284433722496,0.0131533183157444,0.0119366105645895,0.01393548958003521,0.01529797725379467,0.014122307300567627,0.01562205608934164,0.016103308647871017,0.016160564497113228,0.013886574469506741
2025-12-05,risk_on,0.002358490566037652,ok,0.010334493592381477,0.00824491586536169,0.00879708118736744,0.005662072449922562,0.005602828226983547,0.0076339333318173885,0.005378047935664654,0.00463819969445467,0.0059197042137384415,0.006107566878199577,0.006831884337589145
2025-12-08,risk_on,0.019607843137254832,ok,-0.011465165764093399,-0.007994567044079304,-0.009724301286041737,-0.010974513366818428,-0.008570411242544651,-0.005038775037974119,-0.009036357514560223,-0.007209222298115492,-0.007043082267045975,-0.01023672241717577,-0.008729311823844909
2025-12-09,risk_on,-0.005769230769230749,ok,-0.002882841508835554,-0.002486293436959386,-0.0021972982212901115,-0.003014522837474942,-0.0018597624730318785,-0.0048555852845311165,-0.004582901485264301,-0.003986399155110121,-0.004831921309232712,0.00044715494732372463,-0.00302503707644064
2025-12-10,risk_on,-0.010831721470019318,ok,0.0035732933320105076,0.003209920134395361,0.00216041412204504,0.0016436201985925436,-0.00163469766266644,0.0034482774790376425,0.0007015726296231151,0.004263771697878838,0.0033114159014075994,0.0020848792046308517,0.002276246703695506
2025-12-11,risk_on,-0.029722330856472468,ok,-0.009984058327972889,-0.008444205857813358,-0.006649484392255545,-0.009777607396245003,-0.00855596736073494,-0.012732512317597866,-0.009896784089505672,-0.01138941291719675,-0.006768941879272461,-0.006433689966797829,-0.009063266450539231
2025-12-12,risk_on,-0.010882708585247869,ok,0.00445237522944808,0.0046276189386844635,0.00025907804956659675,0.0066684396006166935,0.0019064086955040693,0.004007900133728981,0.005344794597476721,0.006616000551730394,0.0023701575119048357,0.007769445888698101,0.004402221919735894
2025-12-15,risk_on,-0.015077424612876977,ok,-0.002719755284488201,-0.0009260968654416502,0.0015848225448280573,0.003044242737814784,-0.0013128358405083418,-0.0030946149490773678,-0.003891065949574113,-0.0036249326076358557,-0.0046933540143072605,-0.0012158129829913378,-0.0016849403211381287
2025-12-16,risk_on,-0.02151427389325611,ok,0.00412278575822711,0.002526558469980955,0.004229688085615635,0.0015875492244958878,0.004752099514007568,0.0070939380675554276,0.0033540898002684116,0.008158041164278984,0.006200345698744059,0.004462770652025938,0.004648786643519998
2025-12-17,risk_on,0.018181818181818077,ok,0.0049814931116998196,-0.0010919123888015747,0.0033026617020368576,0.004323925357311964,0.001686612842604518,-0.001803440973162651,0.0023476951755583286,-0.0030667248647660017,0.0004141203826293349,0.001047324389219284,0.001214175473432988
2025-12-18,risk_on,0.02782392026578062,ok,-0.0005947408499196172,-0.0009829206392168999,0.004205800127238035,-0.0003743862616829574,-0.004906967282295227,0.005492899566888809,-0.002771747065708041,0.0038368371315300465,0.003728387411683798,0.0006849341443739831,0.0008318096282891929
2025-12-19,risk_on,0.02020202020202011,ok,0.016678588464856148,0.015086998231709003,0.013723568990826607,0.014624013565480709,0.017564771696925163,0.0119572002440691,0.014312813989818096,0.00870914664119482,0.015448651276528835,0.017265673726797104,0.014537142682820558
2025-12-22,risk_on,0.003960396039603964,ok,0.0016633925260975957,-0.00421659043058753,-0.00651557045057416,-0.007136413361877203,-0.0028001046739518642,9.072455577552319e-05,-0.00213449215516448,0.0013787862844765186,-0.004503461066633463,-0.004711884073913097,-0.002888561284635216
2025-12-23,risk_on,0.006706114398422169,ok,-0.003434151876717806,-0.005598119925707579,-0.0019237430533394217,0.00068882224150002,-0.0069501325488090515,-0.005943770986050367,-0.00452156737446785,-0.006815866567194462,-0.004397034645080566,-0.0026517054066061974,-0.004154727014247328
2025-12-24,risk_on,0.009796238244514033,ok,0.014981330372393131,0.012063758447766304,0.007716846186667681,0.008832544088363647,0.009485040791332722,0.01023868564516306,0.01127491146326065,0.010956726968288422,0.009648232720792294,0.010768720880150795,0.01059667975641787
2025-12-25,risk_on,0.012805587892898762,ok,-0.009570316411554813,-0.010432198643684387,-0.006417073775082827,-0.00679532065987587,-0.010118396021425724,-0.010722245089709759,-0.009854716248810291,-0.00966096855700016,-0.010339189320802689,-0.012172727845609188,-0.00960831525735557
2025-12-26,risk_on,-0.016091954022988464,ok,0.001274853595532477,-0.0034192882012575865,-0.003631500992923975,0.0004589850432239473,0.0021585519425570965,-0.0010861624032258987,-0.002141952747479081,-0.0010672365315258503,-0.0010996125638484955,-0.0004225302254781127,-0.0008975893084425479
2025-12-29,risk_on,0.02414330218068539,ok,0.0014412732562050223,-0.004495757166296244,-0.00021969329100102186,-0.006154353264719248,-0.0007865659426897764,-0.0037692643236368895,-0.003811535658314824,-0.0031429727096110582,6.515166023746133e-05,-0.003977017477154732,-0.002485073491698131
2025-12-30,risk_on,0.04524714828897336,ok,0.0038458160124719143,0.0010737832635641098,0.0058871544897556305,-0.0013373037800192833,0.006349703297019005,0.006789091974496841,0.005169629119336605,0.005134103819727898,0.003269512439146638,0.00025591382291167974,0.003643740445841104
2025-12-31,,,not_session,,,,,,,,,,,
2026-01-01,,,not_session,,,,,,,,,,,
2026-01-02,,,not_session,,,,,,,,,,,
2026-01-05,risk_on,0.017097126227719084,ok,-0.014104992151260376,-0.012582243420183659,-0.012619396671652794,-0.012833434157073498,-0.006828608922660351,-0.009028860367834568,-0.009554918855428696,-0.0078296959400177,-0.009800737723708153,-0.011492676101624966,-0.010667556431144476
2026-01-06,risk_on,-0.0103719599427754,ok,0.001393762999214232,0.004558598157018423,0.004051484167575836,0.005753419827669859,-0.0012265540426597,0.0038282228633761406,0.004409903194755316,-0.0012724981643259525,0.002166310790926218,0.0052278293296694756,0.002889047912321985
2026-01-07,risk_on,-0.016263100831225175,ok,-0.0005028153536841273,0.0024409571196883917,0.0018825317965820432,0.0001288261846639216,0.0065839276649057865,0.0019435640424489975,-0.002356832381337881,0.007426419295370579,0.0026667239144444466,0.0017419285140931606,0.0021955230797175316
2026-01-08,risk_on,0.05914768552534899,ok,-0.018767593428492546,-0.019846459850668907,-0.018875425681471825,-0.019123950973153114,-0.02251800149679184,-0.021496765315532684,-0.022454330697655678,-0.021995631977915764,-0.023131322115659714,-0.01899123005568981,-0.02072007115930319
2026-01-09,risk_on,0.00589663544918495,ok,-0.009565693326294422,-0.009460574015974998,-0.008984611369669437,-0.007918639108538628,-0.009111881256103516,-0.005363862030208111,-0.005556426476687193,-0.007234091870486736,-0.0072247241623699665,-0.008737949654459953,-0.007915845327079295
2026-01-12,,,not_session,,,,,,,,,,,
2026-01-13,risk_on,0.008620689655172376,ok,0.0009374888613820076,-0.002733656670898199,-0.0032716412097215652,-0.005619618576020002,0.0011188333155587316,-0.0027993698604404926,-0.0040280576795339584,0.002213516505435109,-0.0010825577192008495,-0.005169239826500416,-0.0020434302859939635
2026-01-14,risk_on,0.03076923076923066,ok,0.023806335404515266,0.021103888750076294,0.020924625918269157,0.023171640932559967,0.021104849874973297,0.02051878161728382,0.022185711190104485,0.018194688484072685,0.02054205909371376,0.01902182400226593,0.021057440526783468
2026-01-15,risk_on,-0.008955223880596996,ok,0.002430025488138199,0.0045434520579874516,0.0023314293939620256,0.001220484497025609,0.0022395565174520016,0.005469607189297676,0.005482255481183529,0.002503706607967615,0.004745362792164087,0.003373648738488555,0.003433952876366675
2026-01-16,risk_on,0.0053547523427042165,ok,-0.013250390067696571,-0.015194493345916271,-0.016327932476997375,-0.013921204023063183,-0.012261771596968174,-0.015096144750714302,-0.014751419425010681,-0.017608916386961937,-0.017512822523713112,-0.017078585922718048,-0.015300368051975965
2026-01-19,risk_on,-0.03728362183754996,ok,-0.008748999796807766,-0.0028337170369923115,-0.0051285154186189175,-0.0024708982091397047,-0.003215483855456114,-0.00343324919231236,-0.002236776053905487,0.002679527970030904,-0.0036113704554736614,-0.006140969693660736,-0.0035140451742336153
2026-01-20,risk_on,0.07434301521438447,ok,0.0032427655532956123,0.006019798573106527,0.0047271884977817535,0.005982660222798586,0.0037723956629633904,0.0011168409837409854,0.0017163283191621304,0.001442032866179943,0.005574048031121492,0.0038840535562485456,0.0037478112266398967
2026-01-21,risk_off,0.027035725780495623,ok,-0.11872608959674835,-0.04172338917851448,0.11473388224840164,0.06900262087583542,-0.15549956262111664,0.34651458263397217,0.07625595480203629,-0.1184648647904396,0.09316863119602203,0.07485548406839371,0.03401172496378422
2026-01-22,risk_on,-0.03447195236602951,ok,-0.004135982599109411,-0.0019848542287945747,-0.005305123515427113,-0.0005147136398591101,-0.0003374771913513541,-0.006472279317677021,-0.007130366750061512,-0.0007989442092366517,-0.00015570619143545628,-0.001654026098549366,-0.002848947374150157
2026-01-23,risk_on,0.0019474196689386325,ok,0.0019802115857601166,0.005373144987970591,0.0024816514924168587,0.004762682598084211,0.0007761400192975998,0.004547995515167713,0.0034499401226639748,0.00014051294419914484,0.002916210563853383,0.005034732632339001,0.0031463222461752594
2026-01-26,risk_on,0.03660511823777135,ok,0.0025337194092571735,-0.0010782888857647777,0.002223007148131728,0.0009647519327700138,-0.003217021469026804,-0.0022467842791229486,-0.0014130257768556476,0.0031859474256634712,-0.0004410081310197711,0.0010691387578845024,0.00015804361319169403
2026-01-27,risk_on,0.0396875000000001,ok,-0.0024607107043266296,-0.005164841189980507,-0.003912133630365133,-0.00204074545763433,-0.005293706431984901,-0.002185472985729575,-0.0005422233371064067,-0.0033459130208939314,-0.006927657872438431,-0.00430604163557291,-0.0036179446266032755
2026-01-28,risk_on,-0.05290051097084458,ok,0.001957952044904232,-0.001886029145680368,0.0004890072159469128,-0.0032356828451156616,0.003420598804950714,-0.003655139124020934,0.000504158204421401,-0.0023314009886235,0.0013912543654441833,0.0019410628592595458,-0.00014042186085134746
2026-01-29,risk_on,-0.021897810218978075,ok,0.005808827467262745,0.0017611825605854392,0.004911831114441156,0.0002583962050266564,0.0020144754089415073,0.0023014401085674763,0.002993407193571329,-0.0005349284037947655,0.0005603615427389741,0.006335057318210602,0.002641005051555112
2026-01-30,risk_on,0.015898767034393302,ok,-0.010052569210529327,-0.003080104710534215,-0.005874361842870712,-0.008546251803636551,-0.007572516333311796,-0.006255503743886948,-0.005812283605337143,-0.005545970052480698,-0.00647622998803854,-0.007293763104826212,-0.0066509554395452145
2026-02-02,risk_off,-0.011497923985946956,ok,0.26915794610977173,0.01762644574046135,0.07231220602989197,0.04052365571260452,-0.19561602175235748,-0.09570164233446121,-0.044971998780965805,0.08310248702764511,0.013540188781917095,-0.08160465210676193,0.007836861442774535
2026-02-03,risk_on,-0.011954765751211682,ok,0.00831299927085638,0.009639826603233814,0.01086812186986208,0.012136824429035187,0.007592753507196903,0.010178438387811184,0.01165999099612236,0.011636747978627682,0.01153186708688736,0.012962359935045242,0.01065199300646782
2026-02-04,risk_off,-0.0065402223675604665,ok,-0.11373431235551834,-0.11479008942842484,-0.030528400093317032,-0.0007016530726104975,0.06772734224796295,0.11104586720466614,0.06661462783813477,-0.005232657305896282,0.10293345153331757,0.3484474718570709,0.04317816484253854
2026-02-05,risk_off,0.09545753785385114,ok,-0.13689637184143066,-0.1481160819530487,0.09168770909309387,-0.03921133652329445,0.1841861754655838,-0.06036992371082306,-0.031770944595336914,0.16506674885749817,0.2562287449836731,-0.0050799488089978695,0.02757247709669173
2026-02-06,risk_off,-0.0078125,ok,-0.033566731959581375,-0.10107935965061188,0.40898919105529785,0.029951073229312897,0.08295302838087082,0.10725249350070953,0.022265642881393433,0.3415641486644745,0.2529152035713196,0.06298261135816574,0.11742273010313511
2026-02-09,risk_off,0.017565112053301135,ok,0.14042049646377563,0.36075514554977417,0.13339488208293915,-0.15045198798179626,-0.18450988829135895,-0.11269094049930573,0.08218532055616379,0.26740530133247375,-0.20431312918663025,-0.16792762279510498,0.016426757723093034
2026-02-10,risk_off,-0.020535714285714324,ok,0.46647703647613525,0.14566317200660706,0.1607607752084732,0.00866304524242878,-0.05290016904473305,0.09906584769487381,-0.1300877183675766,0.07602671533823013,0.19138918817043304,0.3465982973575592,0.13116561900824308
2026-02-11,,,not_session,,,,,,,,,,,
2026-02-12,risk_off,0.010027347310847867,ok,0.03011748567223549,0.028715210035443306,0.20696349442005157,-0.08034051209688187,0.04963744059205055,0.456490695476532,-0.009767789393663406,0.3347507119178772,-0.10948587208986282,0.12534818053245544,0.10324290450662374
2026-02-13,risk_off,-0.017749699157641352,ok,0.09956897795200348,-0.08557823300361633,0.20227313041687012,0.09488443285226822,0.029555410146713257,0.2365279644727707,-0.007476672530174255,-0.039942048490047455,0.15455293655395508,0.03276847302913666,0.07171343713998794
2026-02-16,risk_off,0.010719754977029039,ok,-0.17860591411590576,-0.06172914057970047,0.08253969252109528,-0.042733535170555115,0.02921905368566513,0.13416093587875366,0.18098366260528564,0.1758040189743042,-0.13475151360034943,-0.23537693917751312,-0.005048967897891998
2026-02-17,risk_off,0.01848484848484855,ok,0.03546953201293945,-0.11765682697296143,-0.027009624987840652,0.17469125986099243,-0.2875382900238037,0.1242557018995285,-0.045675989240407944,0.0427483506500721,0.16526900231838226,0.0536300390958786,0.011818315461277961
2026-02-18,risk_off,-0.016066646831300213,ok,0.038208115845918655,-0.014282691292464733,-0.2654343843460083,0.33641988039016724,-0.07312459498643875,-0.10666251927614212,-0.1406254768371582,-0.001552344299852848,0.043348200619220734,-0.10281219333410263,-0.028651800751686097
2026-02-19,risk_off,0.008164499546416737,ok,-0.045422572642564774,0.05337418615818024,0.12713949382305145,-0.020420989021658897,-0.0702444463968277,0.17854341864585876,0.018277451395988464,0.1882069706916809,0.03740248829126358,-0.2143394649028778,0.025251653604209424
2026-02-20,risk_off,0.034493101379724056,ok,0.047253794968128204,0.11613962799310684,0.11541127413511276,-0.0280971210449934,0.028325587511062622,0.7173553705215454,0.06837709993124008,0.0846659243106842,0.15270666778087616,-0.44503504037857056,0.08571031857281923
2026-02-23,,,not_session,,,,,,,,,,,
2026-02-24,risk_off,0.03624238909828925,ok,-0.025716576725244522,0.08534026145935059,-0.07417797297239304,0.2854900360107422,-0.30634599924087524,0.08649314939975739,-0.09810784459114075,-0.07845994085073471,0.04286932945251465,-0.10392939299345016,-0.018654495105147363
2026-02-25,risk_off,-0.040290990486849476,ok,0.38172414898872375,-0.07842591404914856,0.07627321034669876,-0.1226261705160141,-0.08853939175605774,-0.16378355026245117,0.230155810713768,0.14215628802776337,-0.06589286029338837,0.03551453351974487,0.03465561047196388
2026-02-26,risk_off,-0.017492711370262426,ok,0.11039252579212189,0.10481701046228409,-0.13077133893966675,0.21266764402389526,0.06282361596822739,0.4458427131175995,0.17741255462169647,0.04696843400597572,-0.1037924587726593,-0.1244364008307457,0.08019242994487286
2026-02-27,risk_off,0.013649851632047572,ok,0.3153948485851288,-0.11287669837474823,-0.013186481781303883,0.2023850679397583,0.15492944419384003,0.212258443236351,0.12843643128871918,0.19840669631958008,0.18807731568813324,0.0657079890370369,0.13395330561324953
2026-03-02,risk_off,-0.06001170960187352,ok,0.04780605435371399,-0.156816303730011,-0.1511816531419754,0.3968289792537689,-0.16522349417209625,-0.1000346913933754,-0.10004378855228424,-0.0520128458738327,-0.2533166706562042,-0.13575981557369232,-0.06697542294859886
2026-03-03,risk_off,0.02211149174711924,ok,-0.03415442258119583,-0.29270488023757935,-0.014198960736393929,0.09343034029006958,-0.06282366067171097,-0.009667882695794106,0.015553513541817665,0.24747638404369354,0.16671626269817352,-0.09491623938083649,0.0014710454270243645
2026-03-04,risk_off,-0.031078610603290646,ok,-0.2537805736064911,0.11914987862110138,-0.046145182102918625,0.07545511424541473,-0.10658805072307587,0.08914449065923691,0.06927941739559174,0.13591693341732025,0.026064924895763397,-0.13051903247833252,-0.0022022079676389692
2026-03-05,risk_off,-0.04968553459119496,ok,0.02571757882833481,-0.14591923356056213,-0.1410115510225296,-0.05253981426358223,-0.15767590701580048,0.17509058117866516,0.3891018033027649,-0.1307816356420517,0.06965085864067078,-0.0778379887342453,-0.00462053082883358
2026-03-06,risk_off,0.06055592322964931,ok,0.19113421440124512,0.11478804796934128,0.11912289261817932,0.08145938068628311,0.24076233804225922,0.21763134002685547,-0.2618999183177948,-0.07921666651964188,0.032534126192331314,0.06012582778930664,0.07164415828883648
2026-03-09,risk_off,0.01372854914196564,ok,0.2796114981174469,0.3766103684902191,-0.08606977015733719,0.24850232899188995,0.11935300379991531,-0.028040893375873566,-0.1781190186738968,0.17810745537281036,-0.009101266041398048,0.04552639648318291,0.0946380103006959
2026-03-10,risk_off,-0.011080332409972304,ok,-0.01007841806858778,0.020466776564717293,-0.002200470771640539,0.24407780170440674,0.06634826213121414,0.09461412578821182,-0.05690356343984604,0.20053762197494507,0.12876713275909424,-0.04331687092781067,0.06423123977147042
2026-03-11,risk_off,-0.031434796140678456,ok,-0.166087344288826,0.18636171519756317,-0.03932368382811546,0.13995029032230377,0.0959705263376236,-0.0008613397367298603,0.022168932482600212,-0.015346037223935127,-0.20319916307926178,0.44689589738845825,0.04665297935716808
2026-03-12,risk_off,0.009640102827763508,ok,-0.009632274508476257,0.12226774543523788,-0.12044024467468262,0.33454984426498413,-0.09924650192260742,0.17665286362171173,0.14699912071228027,0.06746811419725418,-0.055792149156332016,0.19360965490341187,0.07564361728727817
2026-03-13,risk_off,0.03309993634627628,ok,0.11998423933982849,-0.25676366686820984,-0.15226276218891144,-0.13129441440105438,-0.18533405661582947,-0.006380175240337849,-0.11575186997652054,0.1383160799741745,0.06548318266868591,0.032516106963157654,-0.049148733634501694
2026-03-16,risk_off,-0.021256931608133134,ok,-0.058827076107263565,-0.06282152235507965,-0.22824710607528687,0.1974998265504837,-0.30680733919143677,-0.03926364704966545,-0.11089419573545456,0.2618061602115631,0.1023075133562088,-0.26582208275794983,-0.051106946915388106
2026-03-17,risk_off,-0.018885741265344702,ok,-0.08502792567014694,0.08495713025331497,0.0956791490316391,0.028077200055122375,-0.006406076718121767,-0.03195054829120636,0.06412175297737122,0.06602459400892258,0.3155914545059204,0.03299972787499428,0.056406645802780986
2026-03-18,risk_off,-0.043631697144690396,ok,-0.20630382001399994,-0.09829047322273254,0.24892494082450867,0.1778981238603592,0.11293211579322815,-0.12300236523151398,0.08947356790304184,0.008588524535298347,-0.024448927491903305,-0.19208398461341858,-0.0006312297657132149
2026-03-19,risk_off,0.03857765850385775,ok,-0.22756457328796387,-0.006405797321349382,0.038096826523542404,0.1542225033044815,-0.014265358448028564,-0.15069839358329773,0.005748431663960218,0.2074207365512848,0.19635635614395142,-0.18527761101722717,0.0017633120529353618
2026-03-20,,,not_session,,,,,,,,,,,
2026-03-23,risk_off,0.007751937984496138,ok,0.12137803435325623,0.08932485431432724,0.17501886188983917,0.07211869210004807,-0.066500723361969,-0.09337718039751053,0.15558849275112152,0.045368872582912445,-0.21432416141033173,0.15801633894443512,0.04426120817661285
2026-03-24,risk_off,0.01057692307692304,ok,0.18215017020702362,0.34197115898132324,0.10942694544792175,0.023596756160259247,0.11277495324611664,0.08780514448881149,0.02951042912900448,0.00023612380027770996,0.035456832498311996,0.009448861703276634,0.09323773756623269
2026-03-25,risk_off,-0.027592768791626976,ok,0.2417367398738861,-0.21104422211647034,-0.006100727245211601,0.19180630147457123,0.19162850081920624,0.3050910532474518,0.1573876589536667,0.3694254159927368,-0.01001964882016182,0.21736140549182892,0.1447272477671504
2026-03-26,risk_off,-0.04761904761904767,ok,-0.26982370018959045,-0.07923774421215057,-0.03222927823662758,0.10364478826522827,-0.23379875719547272,0.1661505550146103,-0.0364178903400898,0.2679547369480133,0.06425487250089645,0.19736243784427643,0.014786002039909363
2026-03-27,risk_off,-0.006506849315068508,ok,-0.24110162258148193,-0.19890159368515015,0.06695020198822021,0.08860214799642563,-0.05016963183879852,-0.08126961439847946,-0.11657960712909698,-0.11611340939998627,-0.1229252815246582,-0.04207618162035942,-0.08135845921933652
2026-03-30,risk_off,0.06135815236125475,ok,-0.10264215618371964,0.008284023031592369,-0.13035176694393158,-0.01582125946879387,0.03819023445248604,-0.21226350963115692,-0.07829968631267548,0.033109698444604874,0.06934719532728195,0.00420357333496213,-0.03862436539493501
2026-03-31,risk_off,0.018837284832737833,ok,-0.04310688376426697,0.09263008832931519,0.08913269639015198,-0.10660106688737869,0.07515652477741241,0.05918533727526665,0.01992960460484028,0.1473243087530136,-0.01857694983482361,-0.22294749319553375,0.00921261664479971
2026-04-01,risk_off,-0.021357985336308616,ok,0.1399485468864441,-0.03291473165154457,0.011145500466227531,-0.06560800969600677,0.09338124096393585,-0.2009764313697815,0.09416064620018005,0.018785208463668823,-0.04096589982509613,0.04264356195926666,0.005959963239729404
2026-04-02,risk_off,0.0013029315960912946,ok,-0.16933253407478333,-0.015431061387062073,-0.026836024597287178,0.09460490942001343,0.0702897310256958,-0.12845787405967712,0.039238035678863525,0.030993159860372543,-0.09919558465480804,-0.029130714014172554,-0.0233257956802845
2026-04-03,risk_off,0.014964216005205033,ok,-0.046249255537986755,-0.14237381517887115,-0.04062768071889877,0.08378971368074417,-0.1968207061290741,-0.052857331931591034,-0.21899981796741486,-0.03239477798342705,-0.017843399196863174,-0.055406603962183,-0.07197836749255657
2026-04-06,risk_off,0.05128205128205132,ok,-0.048726409673690796,-0.16095879673957825,-0.45417535305023193,0.18941046297550201,-0.05064690113067627,-0.05215856805443764,-0.008667390793561935,-0.06551569700241089,-0.17530637979507446,-0.041756704449653625,-0.08685017377138138
2026-04-07,risk_off,0.02103658536585362,ok,-0.12039560824632645,0.0020580287091434,-0.15560224652290344,0.22244876623153687,-0.03537369146943092,-0.07410285621881485,0.05131068453192711,0.026413481682538986,0.050401411950588226,0.002822169801220298,-0.0030019859550520778
2026-04-08,risk_off,0.006270528515974982,ok,-0.012131951749324799,-0.14729224145412445,0.0564204603433609,-0.1294431984424591,0.24082782864570618,0.3594811260700226,-0.14070311188697815,0.07010412216186523,-0.17080159485340118,0.017643697559833527,0.014410513639450073
2026-04-09,risk_off,0.018694362017804167,ok,-0.19763003289699554,-0.05571244657039642,0.08001026511192322,-0.011273052543401718,-0.25875112414360046,-0.05202064290642738,-0.23909372091293335,-0.20512130856513977,0.10459871590137482,0.04233784228563309,-0.07926555052399635
2026-04-10,risk_off,0.03495484998543552,ok,-0.20251363515853882,-0.19873012602329254,0.15133371949195862,0.13225188851356506,-0.3344997763633728,-0.028854869306087494,-0.20914247632026672,-0.009006045758724213,-0.12808528542518616,-0.16868145763874054,-0.09959280639886856
2026-04-13,risk_off,0.039684773430903375,ok,-0.10599476099014282,0.05918208137154579,-0.10621277987957001,0.1083245500922203,-0.1366094946861267,-0.10308097302913666,0.08610913157463074,0.14647500216960907,-0.07474320381879807,0.04773983359336853,-0.007881061360239982
2026-04-14,risk_off,-0.022739577693557167,ok,-0.22839996218681335,0.09710177034139633,-0.1555831879377365,-0.03015271946787834,0.009291042573750019,0.24377749860286713,0.13632872700691223,0.09817532449960709,-0.03204775229096413,0.0010722256265580654,0.013956296676769852
2026-04-15,risk_on,0.007756232686980669,ok,-0.004235199186950922,-0.0044172294437885284,-0.0002872715122066438,0.0013683643192052841,0.0013292372459545732,-0.0005850502057000995,-0.006776430178433657,0.0037265715654939413,0.0009256293997168541,-0.005606557242572308,-0.0014557935239281506
2026-04-16,risk_off,-0.01676745464540952,ok,-0.11130491644144058,0.07741992175579071,0.0069045983254909515,0.09943424165248871,-0.19182775914669037,-0.03572109341621399,-0.33165913820266724,-0.08619257062673569,-0.058646783232688904,0.018612291663885117,-0.06129812076687813
2026-04-17,risk_off,0.010902991333519685,ok,0.03155915439128876,-0.15689164400100708,0.1982298195362091,0.03330852463841438,-0.04014866054058075,-0.07890334725379944,-0.15169838070869446,-0.22592221200466156,0.07309027016162872,0.06266912072896957,-0.025470735505223274
2026-04-20,risk_on,0.014380530973451267,ok,0.016393696889281273,0.01826237514615059,0.01683223247528076,0.021789513528347015,0.011532741598784924,0.015505458228290081,0.017752882093191147,0.015032224357128143,0.0121847465634346,0.017201276496052742,0.01624871473759413
2026-04-21,risk_off,0.013086150490730697,ok,0.009109141305088997,0.07943791151046753,-0.04343955218791962,-0.02141720801591873,-0.18910564482212067,-0.015207610093057156,0.16906581819057465,-0.03458845987915993,0.3143642246723175,0.30429884791374207,0.057251746859401466
2026-04-22,risk_off,-0.0121097954790097,ok,0.025457849726080894,-0.09126602113246918,0.11063843965530396,-0.004562001209706068,-0.0010963231325149536,0.30503302812576294,-0.1398121416568756,-0.04497687146067619,-0.04150855168700218,-0.07565638422966003,0.004225102299824357
2026-04-23,risk_off,0.02696812857532005,ok,0.18139508366584778,-0.13489194214344025,0.02909007854759693,-0.10892658680677414,-0.08824925124645233,-0.3481155335903168,-0.21536335349082947,-0.17043282091617584,-0.0791747123003006,0.12749804556369781,-0.08071709927171469
2026-04-24,risk_off,-0.0071618037135278145,ok,-0.05324650555849075,-0.14297688007354736,0.16155306994915009,-0.05154208093881607,-0.041820183396339417,-0.20728090405464172,-0.023915398865938187,0.03848496824502945,0.11125469207763672,-0.04541069641709328,-0.025489991903305052
2026-04-27,risk_off,-0.016831418648143193,ok,-0.16725288331508636,-0.113871730864048,0.16661003232002258,-0.12833993136882782,0.03973893076181412,-0.23092930018901825,0.05822748318314552,-0.038054049015045166,-0.0062848050147295,-0.028931671753525734,-0.04490879252552986
2026-04-28,risk_off,0.0013586956521738358,ok,-0.07607153803110123,-0.037474121898412704,-0.023706944659352303,0.08345206081867218,-0.04704762622714043,-0.20789164304733276,0.30113181471824646,-0.022427238523960114,0.3799796402454376,-0.03130514174699783,0.03186392616480589
2026-04-29,,,not_session,,,,,,,,,,,
2026-04-30,risk_off,0.06757123473541382,ok,-0.0717698261141777,-0.13342049717903137,-0.12829039990901947,0.2286401391029358,-0.07643099129199982,-0.13569624722003937,-0.05684099346399307,0.01803218200802803,-0.07641243934631348,-0.1532180905342102,-0.05854071639478207
2026-05-01,risk_on,-0.005846466700559216,ok,0.007434539031237364,0.004903954453766346,0.001010196516290307,0.00581833440810442,0.007750759366899729,0.002519710687920451,0.0009760715765878558,0.007590887136757374,0.007717522792518139,0.004340751562267542,0.005006272753234953
2026-05-04,,,not_session,,,,,,,,,,,
2026-05-05,,,not_session,,,,,,,,,,,
2026-05-06,,,not_session,,,,,,,,,,,
2026-05-07,risk_off,0.044234211199181805,ok,-0.08402220159769058,0.2104179561138153,-0.26529985666275024,-0.026143323630094528,-0.07837723940610886,0.07842777669429779,0.10515677183866501,0.07702043652534485,-0.023867381736636162,0.0823335349559784,0.007564647309482098
2026-05-08,risk_off,-0.003428011753183191,ok,0.15388192236423492,0.06289415806531906,-0.2678114175796509,-0.04231361299753189,0.07125391811132431,0.36188748478889465,0.2266428917646408,0.22429406642913818,0.23389549553394318,0.09134292602539062,0.11159678325057029
2026-05-11,risk_off,-0.03980343980343981,ok,0.10381738096475601,-0.22634431719779968,-0.21340440213680267,0.01016424410045147,0.06902525573968887,0.33395323157310486,-0.053627945482730865,-0.06742339581251144,0.004691861569881439,0.07061715424060822,0.00314690675586462
2026-05-12,risk_off,0.04938587512794279,ok,-0.20640802383422852,0.26813215017318726,-0.22104473412036896,0.010692104697227478,-0.09639488905668259,0.3704689145088196,0.1596914827823639,0.1890989989042282,-0.05879508703947067,-0.12834107875823975,0.028709983825683592
2026-05-13,risk_off,0.000731528895391298,ok,0.06667588651180267,0.16547058522701263,-0.12727397680282593,-0.08093008399009705,0.07561805099248886,0.3081985414028168,0.09910064935684204,0.07596655935049057,0.07442177832126617,0.4445350468158722,0.11017830371856689
2026-05-14,risk_off,-0.06164717348927873,ok,0.024519233033061028,-0.04753720760345459,-0.28355318307876587,0.11900556087493896,0.06554991751909256,0.20617327094078064,0.108030766248703,-0.014697824604809284,-0.0641656294465065,0.12845119833946228,0.024177610222250224
2026-05-15,risk_off,-0.014801350298623728,ok,0.1226775199174881,0.23747068643569946,0.030298439785838127,0.14311212301254272,0.13641993701457977,0.07052600383758545,-0.293893426656723,0.058050379157066345,-0.15514931082725525,-0.08604311943054199,0.02634692322462797
2026-05-18,risk_off,-0.041117554032683135,ok,0.14278793334960938,0.15574055910110474,-0.382835328578949,0.20279401540756226,0.15424981713294983,0.0739188864827156,-0.16367791593074799,-0.09981086850166321,-0.31571951508522034,0.029537757858633995,-0.02030146587640047
2026-05-19,risk_off,0.022539857064321156,ok,0.2790186107158661,0.09606033563613892,-0.26801633834838867,0.10964679718017578,0.17565378546714783,0.0051069362089037895,0.06913316249847412,0.14484162628650665,0.09983702003955841,-0.29770419001579285,0.041357774566859004
2026-05-20,risk_off,0.03924731182795704,ok,0.1413617730140686,-0.17174619436264038,-0.047516047954559326,0.2730135917663574,0.08897589892148972,-0.14744175970554352,0.15081480145454407,-0.2516006827354431,-0.1594328135251999,0.014023950323462486,-0.010954748280346394
2026-05-21,risk_off,0.04345576823590269,ok,0.0706198588013649,-0.10711894184350967,-0.30597755312919617,0.29823437333106995,0.03049677237868309,0.11582034826278687,0.1375877857208252,0.07402081787586212,0.15529336035251617,0.26200124621391296,0.07309780679643155
2026-05-22,risk_off,0.03544868616757557,ok,0.06657243520021439,-0.40547239780426025,0.030445953831076622,-0.13137662410736084,0.06130572035908699,0.07962291687726974,-0.2186797708272934,-0.040181174874305725,0.29386454820632935,0.1201556846499443,-0.014374270848929883
2026-05-25,risk_off,0.002872875269332109,ok,0.0966266468167305,-0.1730407029390335,0.11613388359546661,0.2667192220687866,-0.09797172993421555,-0.4300883710384369,0.001477113924920559,-0.04283742606639862,-0.25730475783348083,-0.2534995973110199,-0.0773785718716681
2026-05-26,risk_off,-0.03962759608498445,ok,-0.1707611382007599,-0.2887255549430847,-0.09898114204406738,0.09713596105575562,-0.22619123756885529,-0.11241640150547028,-0.0936722606420517,0.11765656620264053,0.06549383699893951,0.011604497209191322,-0.06988568734377623
2026-05-27,risk_off,0.036539895600298244,ok,0.06286656856536865,-0.0830816701054573,-0.026959197595715523,0.0952247753739357,0.0163569413125515,0.08497065305709839,-0.05975133925676346,-0.036410149186849594,0.1489448845386505,0.20178070664405823,0.04039421733468771
2026-05-28,risk_off,0.0057553956834532904,ok,-0.07606278359889984,0.09456487745046616,-0.09222573041915894,-0.02087799832224846,0.08593872934579849,0.20974263548851013,0.09420669078826904,-0.09857308119535446,0.07157968729734421,0.10249185562133789,0.037078488245606424
2026-05-29,risk_off,-0.030758226037196024,ok,0.11248201131820679,0.03112611174583435,0.03865804150700569,0.022360511124134064,0.11091110110282898,0.10295828431844711,-0.17121100425720215,0.27757707238197327,0.21970990300178528,0.11669991910457611,0.08612719513475894
2026-06-01,risk_off,0.04674046740467408,ok,0.15871648490428925,-0.046100419014692307,-0.21701790392398834,-0.21222101151943207,-0.04589637741446495,-0.018196361139416695,-0.13686493039131165,0.016545187681913376,-0.029161972925066948,-0.05399525910615921,-0.05841925628483295
2026-06-02,risk_off,0.0230317273795535,ok,0.1603081077337265,0.041252944618463516,-0.28337717056274414,0.033703189343214035,0.23668639361858368,0.013607109896838665,-0.17195072770118713,-0.17370182275772095,0.21297797560691833,0.1031465083360672,0.01726525081321597
2026-06-03,risk_off,0.006202618883528688,ok,-0.029126472771167755,-0.02493428811430931,-0.05929043889045715,-0.16097283363342285,0.14247488975524902,0.23944976925849915,-0.12426508963108063,0.07273855060338974,0.11746855825185776,0.17870140075683594,0.03522440455853939
2026-06-04,risk_off,-0.10319634703196345,ok,0.11039724946022034,0.08129959553480148,0.025689246132969856,0.11505211144685745,0.1213771253824234,0.24246229231357574,-0.04697352647781372,0.07597231864929199,0.1481827348470688,-0.062417201697826385,0.08110419455915689
2026-06-05,risk_off,0.04200610997963339,ok,-0.09795823693275452,0.1214088499546051,0.06431486457586288,0.16410543024539948,-0.1784384399652481,0.17603930830955505,-0.1347905993461609,-0.0399484746158123,-0.004366189707070589,0.10038114339113235,0.017074765590950846
2026-06-08,risk_off,-0.00513071096994866,ok,-0.20207667350769043,-0.02498713880777359,0.14282847940921783,-0.04726233705878258,-0.06475342065095901,-0.03318540379405022,-0.2592630386352539,-0.17369626462459564,-0.027651846408843994,-0.06787987798452377,-0.07579275220632553
2026-06-09,risk_off,-0.03831041257367385,ok,-0.0023328429087996483,-0.07502996921539307,-0.08825235068798065,0.01220518909394741,0.170963853597641,-0.03369739651679993,-0.23977042734622955,0.03454064950346947,0.15373621881008148,-0.17223984003067017,-0.023987691570073365
2026-06-10,risk_off,0.10469867211440254,ok,-0.261521577835083,0.0021901524160057306,0.07775568217039108,-0.13460473716259003,0.1791960895061493,0.30058178305625916,-0.01712123677134514,-0.0030500879511237144,0.006596272811293602,0.026125259697437286,0.017614759993739425
2026-06-11,risk_off,0.0598705501618122,ok,-0.2265622317790985,-0.05329149216413498,-0.031017402186989784,0.002545715309679508,0.005668077617883682,-0.05561361461877823,0.04845719039440155,-0.35108622908592224,0.13559141755104065,0.18460048735141754,-0.034070808161050084
2026-06-12,risk_off,0.025517993456924737,ok,0.13614270091056824,-0.18402644991874695,0.1692923754453659,0.18950693309307098,-0.009776687249541283,-0.2243468463420868,-0.02551119215786457,-0.07678653299808502,-0.008958177641034126,-0.00209553400054574,-0.0036559410858899356
2026-06-15,risk_off,-0.036580178647384054,ok,-0.055313028395175934,0.11432989686727524,-0.052512526512145996,0.017944669350981712,0.13981451094150543,-0.23240302503108978,0.23643159866333008,0.08835902065038681,-0.03926413133740425,0.02303454838693142,0.024042153358459474
2026-06-16,risk_off,0.0587196467991169,ok,-0.2712695300579071,0.14574295282363892,-0.01860649697482586,-0.012414561584591866,0.012740814127027988,0.00409975741058588,-0.013368820771574974,0.2694164216518402,0.25802090764045715,0.1738235205411911,0.05481849648058414
2026-06-17,risk_off,0.06088407005838192,ok,0.024667194113135338,-0.26906269788742065,-0.038727834820747375,-0.10906809568405151,0.08291218429803848,0.07506243884563446,-0.15247248113155365,0.19240449368953705,0.06378243863582611,0.1875191032886505,0.005701674334704876
2026-06-18,risk_off,-0.022209119496855334,ok,0.0044100177474319935,-0.12886838614940643,0.17721515893936157,-0.3524244427680969,0.18791691958904266,0.04749051481485367,0.0321020781993866,0.16594024002552032,-0.0703425258398056,-0.04878731071949005,0.0014652263838797809
2026-06-19,risk_off,0.0410050251256282,ok,0.1951930969953537,0.0379725843667984,-0.02568131871521473,0.24580758810043335,-0.2713198661804199,0.024367017671465874,0.08766009658575058,0.02099192515015602,0.2039138823747635,0.10096611827611923,0.0619871124625206
2026-06-22,risk_off,-0.07800733732380771,ok,0.1077372208237648,-0.027103686705231667,-0.20051710307598114,0.2032174915075302,0.0892958715558052,0.05263902619481087,0.00502176396548748,0.1683904528617859,0.1895589381456375,0.15048915147781372,0.07387291267514229
2026-06-23,risk_off,0.043979057591623016,ok,0.001205521752126515,0.035411518067121506,0.09520745277404785,-0.005915564019232988,0.1565461903810501,0.213204026222229,0.011414648965001106,0.27730128169059753,0.01827029325067997,0.30910712480545044,0.1111752493889071
2026-06-24,risk_off,-0.012036108324974926,ok,-0.015611140988767147,0.22740234434604645,-0.2468327283859253,-0.1399955153465271,0.2825421094894409,0.17183607816696167,-0.2716587781906128,0.13718058168888092,-0.07242401689291,-0.11696218699216843,-0.004452325310558081
2026-06-25,risk_off,-0.017664974619289286,ok,0.11857090890407562,0.08182273805141449,0.04317671060562134,0.05720524117350578,0.06546662747859955,0.04571758955717087,0.059371527284383774,0.11894609034061432,-0.03127557411789894,0.07081355154514313,0.06298154108226299
2026-06-26,risk_off,0.01736254650682101,ok,0.13024574518203735,0.15410611033439636,-0.06643108278512955,0.1599811315536499,0.11124389618635178,-0.012914301827549934,0.14783786237239838,-0.0075146714225411415,0.08993782848119736,0.1459614485502243,0.08524539666250348
2026-06-29,risk_off,0.049167005282405585,ok,-0.2717840373516083,0.12107861787080765,0.13912467658519745,-0.02211304008960724,-0.04434174671769142,0.09568419307470322,-0.2898111343383789,0.04545607045292854,-0.1739177405834198,0.08564780652523041,-0.031497633457183837
2026-06-30,risk_off,-0.05964368706429124,ok,0.24001634120941162,0.1417059302330017,0.07315441966056824,-0.01584303006529808,0.1815991997718811,0.060249701142311096,-0.2500823438167572,0.11912678182125092,0.12636920809745789,0.05115721374750137,0.07274534218013287
2026-07-01,risk_off,-0.01915156507413507,ok,0.030916713178157806,-0.05624791607260704,-0.06475457549095154,0.009277534671127796,-0.15344692766666412,-0.08424720913171768,0.024201955646276474,-0.18445292115211487,0.12977752089500427,-0.1457308828830719,-0.04947067080065608
2026-07-02,,,no_future,,,,,,,,,,,
