Date,regime,realized_open_to_open,status,pred_seed0,pred_seed1,pred_seed2,pred_seed3,pred_seed4,pred_seed5,pred_seed6,pred_seed7,pred_seed8,pred_seed9,pred_seed_mean
2024-06-20,risk_on,-0.005230125523012608,ok,0.018285321071743965,-0.0011449982412159443,-0.01552059967070818,0.020479675382375717,-0.008189726620912552,0.01087118498980999,0.011614431627094746,0.023996800184249878,0.02431744709610939,0.0023833487648516893,0.00870928845833987
2024-06-21,risk_on,-0.003154574132492094,ok,0.010554271750152111,0.03152253106236458,-0.010704792104661465,-0.0005140455905348063,-0.023968925699591637,-0.014747751876711845,0.0009708895813673735,-0.052653178572654724,0.018731946125626564,-0.00816889014095068,-0.004897794546559453
2024-06-24,risk_on,0.016877637130801704,ok,-0.03802494704723358,-0.003807125147432089,-0.012928620912134647,-0.039535507559776306,-0.010258575901389122,-0.012551732361316681,-0.025208784267306328,0.015233936719596386,-0.00031249341554939747,-0.02170046605169773,-0.01490943159442395
2024-06-25,risk_on,0.003112033195020736,ok,0.02967694029211998,0.034335970878601074,0.008320946246385574,0.006332693621516228,-0.007852479815483093,-0.007216831669211388,-0.013696767389774323,-0.024207571521401405,-0.024806475266814232,-0.009900452569127083,-0.0009014027193188668
2024-06-26,risk_on,-0.004136504653567741,ok,-0.0015415126690641046,-0.022264176979660988,-0.007220905274152756,-0.020529774948954582,0.02680138498544693,0.03426351770758629,0.022863337770104408,0.02178117446601391,0.014756583608686924,-0.017116539180278778,0.005179308948572725
2024-06-27,risk_on,0.008307372793354029,ok,-0.009505350142717361,-0.00980503112077713,0.01007040124386549,-0.006971570663154125,0.0063612330704927444,0.00581170292571187,0.008462637662887573,-0.0030262465588748455,-0.02916588820517063,0.01752460189163685,-0.0010243509896099567
2024-06-28,risk_on,-0.012358393408856805,ok,-0.005550227127969265,0.04433204606175423,0.010086193680763245,0.020076919347047806,0.014141883701086044,-0.014152389951050282,0.0075212521478533745,-0.013567568734288216,-0.013622653670608997,0.0010452109854668379,0.005031066644005477
2024-07-01,risk_on,0.010427528675703845,ok,-0.01715540885925293,0.009308881126344204,0.010806144215166569,0.0007459728512912989,-0.00241302652284503,-0.005835887044668198,0.007561376318335533,0.03268454596400261,-0.0044960035011172295,0.005109951365739107,0.0036316545912995933
2024-07-02,risk_on,0.031991744066047545,ok,0.010202299803495407,0.0034259273670613766,0.028568729758262634,0.026835406199097633,0.012972986325621605,0.009776170365512371,0.03151938319206238,0.018990732729434967,0.04812781512737274,0.0027556412387639284,0.019317509210668504
2024-07-03,risk_on,0.006000000000000005,ok,0.012396203354001045,-0.011302605271339417,-0.006550400517880917,0.0010392959229648113,-0.0013405756326392293,-0.019135454669594765,-0.005166960880160332,0.0010876852320507169,-0.03505031764507294,-0.012884837575256824,-0.007690796768292785
2024-07-04,risk_on,-0.001988071570576566,ok,0.013209822587668896,0.0024050967767834663,0.01975899189710617,-0.016683636233210564,0.002272962126880884,0.0031223641708493233,-0.01974080502986908,0.0008546204771846533,0.03109588474035263,-0.012525304220616817,0.0023769997293129562
2024-07-05,risk_on,0.01195219123505975,ok,-0.004994648974388838,0.013270717114210129,-0.019967786967754364,-0.016549503430724144,-0.0255432166159153,-0.004266271833330393,0.04135695472359657,-0.015511112287640572,-0.008843894116580486,0.002730135340243578,-0.0038318627048283815
2024-07-08,risk_on,0.003937007874015741,ok,-0.019716396927833557,-0.030862877145409584,0.012629617005586624,-0.05193233862519264,0.014378739520907402,0.00019618720398284495,-0.024900196120142937,-0.0009599445620551705,-0.011359424330294132,-0.009120158851146698,-0.012164679283159785
2024-07-09,risk_on,0.0235294117647058,ok,0.021858220919966698,0.0076466696336865425,-0.015842322260141373,0.003013444133102894,-0.03663984686136246,0.027147963643074036,-0.014110492542386055,-0.027330953627824783,-0.03378830850124359,-0.02121640369296074,-0.008926202915608883
2024-07-10,risk_on,-0.036398467432950166,ok,-0.027760710567235947,0.02305288426578045,0.024857886135578156,0.02634248696267605,0.022725017741322517,0.02554987743496895,8.598226122558117e-05,0.04500449076294899,0.026212254539132118,0.0324438139796257,0.019851398351602257
2024-07-11,risk_on,-0.005964214711729587,ok,0.05915328487753868,0.024311985820531845,0.024755161255598068,0.0018828643951565027,0.012451487593352795,0.026322562247514725,0.010767116211354733,0.004235666245222092,0.009277473203837872,0.03931805118918419,0.02124756530392915
2024-07-12,risk_on,0.0040000000000000036,ok,-0.037065014243125916,0.07011879980564117,0.023084484040737152,0.008380478248000145,-0.016235314309597015,-0.0009712112951092422,0.026966752484440804,0.005144192837178707,0.015812238678336143,0.026672933250665665,0.012190833949716762
2024-07-15,,,not_session,,,,,,,,,,,
2024-07-16,risk_on,-0.10159362549800799,ok,0.018423844128847122,0.01757524348795414,0.042313676327466965,-0.00912720337510109,-0.0036221789196133614,-0.00010993178148055449,0.008098551072180271,0.027137216180562973,0.01927126944065094,0.0026003087405115366,0.012256079530197894
2024-07-17,risk_on,0.0022172949002217113,ok,0.020208163186907768,-0.007587763015180826,-0.00633617490530014,-0.0012144732754677534,0.02521093375980854,-0.024246353656053543,0.023424439132213593,-0.013992015272378922,-0.007393139414489269,-0.019234487786889076,-0.001116087124682963
2024-07-18,risk_on,-0.00553097345132747,ok,-0.021815577521920204,-0.004955045413225889,-0.020068597048521042,-0.031083695590496063,-0.047793176025152206,-0.010023370385169983,-0.00997899565845728,-0.012083465233445168,-0.00712201464921236,0.020333504304289818,-0.014459043322131038
2024-07-19,risk_on,-0.0022246941045606095,ok,0.024721704423427582,-0.007638498209416866,-0.017374692484736443,-0.0022277147509157658,0.013287634588778019,-0.00889982096850872,-0.011112045496702194,-0.02475425973534584,-0.06588393449783325,-0.01138858962804079,-0.011127021675929428
2024-07-22,risk_on,-0.027870680044593144,ok,0.01763451099395752,-0.007641935721039772,-0.011358529329299927,-0.03738229721784592,-0.012597302906215191,0.04362890496850014,0.018911924213171005,0.02951214648783207,0.05142098292708397,0.010977642610669136,0.010310604702681303
2024-07-23,risk_on,-0.05733944954128445,ok,0.008534890599548817,-0.0034629718866199255,0.010240689851343632,0.01702125556766987,0.029162781313061714,0.009728465229272842,0.013201000168919563,-0.0017994665540754795,-0.01986848935484886,0.03846198692917824,0.01012201418634504
2024-07-24,risk_on,-0.02311435523114358,ok,-0.023304840549826622,-0.007981321774423122,-0.010767603293061256,-0.03121580369770527,-0.038516100496053696,-0.0055690947920084,-0.0019700885750353336,0.018281780183315277,0.00928749330341816,-0.011902148835361004,-0.010365772852674126
2024-07-25,risk_off,0.0062266500622665255,ok,,,,,,,,,,,
2024-07-26,risk_off,-0.008663366336633671,ok,,,,,,,,,,,
2024-07-29,risk_off,-0.024968789013732784,ok,,,,,,,,,,,
2024-07-30,risk_off,0.09731113956466064,ok,,,,,,,,,,,
2024-07-31,risk_off,-0.10268378063010497,ok,,,,,,,,,,,
2024-08-01,risk_off,-0.12093628088426533,ok,,,,,,,,,,,
2024-08-02,risk_off,0.023668639053254337,ok,,,,,,,,,,,
2024-08-05,risk_off,-0.018786127167630062,ok,,,,,,,,,,,
2024-08-06,risk_off,0.042709867452135564,ok,,,,,,,,,,,
2024-08-07,risk_off,0.0805084745762712,ok,,,,,,,,,,,
2024-08-08,risk_off,-0.04705882352941182,ok,,,,,,,,,,,
2024-08-09,risk_off,0.053497942386831365,ok,,,,,,,,,,,
2024-08-12,,,not_session,,,,,,,,,,,
2024-08-13,risk_off,-0.01041666666666663,ok,,,,,,,,,,,
2024-08-14,risk_off,0.06447368421052624,ok,,,,,,,,,,,
2024-08-15,risk_on,0.0024721878862794533,ok,-0.036495842039585114,0.011187310330569744,0.0010464524384588003,0.005515469703823328,0.01992119289934635,-0.007793446537107229,0.006203642580658197,-0.051107361912727356,-0.019548136740922928,0.0509747751057148,-0.002009594417177141
2024-08-16,risk_on,0.004932182490752224,ok,0.04538165405392647,0.06791415810585022,0.003850861918181181,0.04920081049203873,0.03125104680657387,0.04353544861078262,0.04385159909725189,-0.0048535848036408424,0.0037264195270836353,0.026089005172252655,0.030994741898030042
2024-08-19,risk_on,-0.018404907975460127,ok,0.07030758261680603,-0.031796492636203766,0.05075183883309364,0.05409255623817444,0.05711730569601059,-0.04415106400847435,-5.3677940741181374e-05,0.04812885448336601,0.057401955127716064,0.02051498368382454,0.028231384209357203
2024-08-20,risk_on,0.0024999999999999467,ok,-0.032105594873428345,-0.0045237671583890915,-0.013161903247237206,0.00775891961529851,-0.03662704676389694,-0.04259752482175827,0.006144293583929539,0.0011846536071971059,-0.027075298130512238,-0.07565663009881973,-0.021665989828761667
2024-08-21,risk_on,-0.013715710723191998,ok,0.01086600311100483,0.0279056616127491,-0.027386397123336792,0.006792060099542141,-0.05913202837109566,-0.07724611461162567,-0.040956251323223114,-0.011894982308149338,-0.08483097702264786,-0.01662532426416874,-0.02725083502009511
2024-08-22,risk_on,-0.008849557522123908,ok,0.03515564650297165,-0.017772188410162926,-0.037226445972919464,-0.041377581655979156,-0.05640276521444321,0.006884551141411066,-0.022982943803071976,-0.01871616020798683,-0.012581023387610912,-0.024457212537527084,-0.018947612354531886
2024-08-23,risk_off,-0.022959183673469385,ok,0.6490656137466431,0.5961198806762695,0.7984882593154907,-0.18528302013874054,-0.06924276053905487,0.690579354763031,0.555504560470581,1.32869553565979,0.22449930012226105,0.23295481503009796,0.4821381539106369
2024-08-26,risk_on,0.0013054830287206887,ok,0.0076539721339941025,-0.04735314100980759,0.020704392343759537,-0.0015433523803949356,0.12507551908493042,0.05953001230955124,-0.01426778081804514,0.0444302074611187,0.09996332973241806,-0.03158709779381752,0.02626060610637069
2024-08-27,risk_on,-0.011734028683181186,ok,-0.028104515746235847,0.04683263599872589,0.05443336069583893,0.11002493649721146,-0.052660729736089706,0.0024788514710962772,-0.02598566561937332,-0.008745198138058186,0.0012449795613065362,0.07362523674964905,0.017314389173407108
2024-08-28,risk_on,0.03034300791556732,ok,-0.06073124706745148,0.04643856734037399,0.021178975701332092,0.01801292411983013,0.005791092291474342,0.011450530961155891,0.045822013169527054,0.018140284344553947,-0.015672706067562103,0.016830507665872574,0.010726094245910645
2024-08-29,risk_off,0.0294494238156211,ok,-0.1721743494272232,-0.22009538114070892,0.15716059505939484,0.1257394552230835,0.7099344730377197,-0.46861764788627625,1.2135889530181885,0.1953727900981903,-0.2908729612827301,-1.6493436098098755,-0.03993076831102371
2024-08-30,risk_on,-0.02238805970149249,ok,-0.016980696469545364,0.019257759675383568,0.021942485123872757,0.0008974652155302465,0.11122088879346848,0.034099165350198746,-0.016549766063690186,0.015152602456510067,-0.018610335886478424,-0.02127891406416893,0.012915065413108096
2024-09-02,risk_on,-0.08015267175572516,ok,0.03318101540207863,0.022529559209942818,0.04325805604457855,0.023436307907104492,0.030090082436800003,-0.039972808212041855,-0.09911827743053436,-0.01574019528925419,-0.05926864221692085,0.03956372290849686,-0.002204117923974991
2024-09-03,risk_on,-0.02904564315352698,ok,-0.0370001457631588,-0.00332063646055758,0.02033132314682007,-0.03360823914408684,0.014690704643726349,-0.03447932004928589,-0.0010401983745396137,-0.0553935244679451,0.053648270666599274,-0.004865917842835188,-0.008103768364526332
2024-09-04,risk_off,-0.007122507122507171,ok,-0.0778229609131813,-0.5938325524330139,-0.24068424105644226,0.8049928545951843,0.04234260320663452,0.2580225467681885,-0.5848139524459839,0.3873787820339203,0.5891433954238892,0.23386740684509277,0.08185938820242881
2024-09-05,risk_off,-0.07747489239598282,ok,-0.5062481164932251,0.7054182291030884,-0.9721726775169373,0.12885549664497375,0.5218567252159119,0.2419094443321228,0.7875504493713379,0.02431495301425457,0.3320423364639282,0.12391360849142075,0.1387440448626876
2024-09-06,risk_off,0.05754276827371685,ok,-0.6598454117774963,-0.4093122184276581,-0.5645132064819336,1.2991445064544678,0.40953710675239563,-0.19478778541088104,0.14458324015140533,-0.1670503467321396,-0.35093754529953003,0.21263282001018524,-0.028054884076118468
2024-09-09,risk_off,-0.007352941176470562,ok,0.11194656044244766,0.39455315470695496,-0.23954156041145325,-0.12153683602809906,-0.45292165875434875,-0.26146799325942993,0.7571760416030884,0.73289555311203,-0.554407000541687,-0.38630834221839905,-0.001961208134889603
2024-09-10,risk_off,0.03703703703703698,ok,0.46595337986946106,-0.9935161471366882,0.27833566069602966,-0.40218520164489746,-0.0660846158862114,0.7599663734436035,0.1500377207994461,0.7730100154876709,0.062337055802345276,-0.6038383841514587,0.04240158572793007
2024-09-11,risk_off,-0.0014285714285714457,ok,0.06458783149719238,0.14857672154903412,-0.3032661974430084,0.37046563625335693,0.4480510652065277,0.8256300687789917,0.5884703397750854,-0.06960241496562958,0.6995708346366882,-0.3129686713218689,0.24595152139663695
2024-09-12,risk_off,-0.011444921316165924,ok,-0.3623603582382202,-0.7307210564613342,-0.37643003463745117,0.3958691358566284,0.4220585823059082,1.2697877883911133,-0.7212446928024292,-0.04385058581829071,0.30216285586357117,-0.5620180368423462,-0.04067464023828506
2024-09-13,risk_on,-0.01013024602026047,ok,-0.005065662786364555,0.010614374652504921,0.03403782472014427,0.029237821698188782,0.05230151116847992,0.012945680879056454,0.02415420114994049,0.1144271045923233,-0.009825876913964748,0.027587568387389183,0.029041454754769803
2024-09-16,,,not_session,,,,,,,,,,,
2024-09-17,risk_off,0.011695906432748648,ok,0.02574199065566063,-0.01827280968427658,0.4062005877494812,-0.08039125800132751,-0.4923853576183319,1.121744155883789,-0.5398197174072266,0.5996103882789612,-1.0419843196868896,-0.38577425479888916,-0.04053305946290493
2024-09-18,risk_off,0.03323699421965309,ok,-0.08866231143474579,-0.5569798946380615,-0.2692757844924927,0.1590084731578827,0.5485213398933411,1.0338447093963623,0.5613842010498047,0.058764636516571045,-0.1541415899991989,-0.23075295984745026,0.10617108196020127
2024-09-19,risk_off,0.008391608391608463,ok,0.1301320195198059,-0.7543023228645325,0.43522369861602783,-0.5474539399147034,0.21123754978179932,0.7309993505477905,0.3109256625175476,-0.1765025407075882,0.3983897566795349,0.3956698775291443,0.11343191117048264
2024-09-20,risk_on,-0.02219140083217752,ok,-0.06947752833366394,0.02787015773355961,0.010011839680373669,0.016802988946437836,-0.005117813125252724,-0.0291250292211771,0.008156193420290947,-0.029341191053390503,0.021024368703365326,0.0028593121096491814,-0.0046336701139807705
2024-09-23,,,not_session,,,,,,,,,,,
2024-09-24,risk_on,0.026950354609929006,ok,0.025946440175175667,-0.009007270447909832,-0.004659293219447136,0.0016146445414051414,0.005029574502259493,-0.003984908107668161,-0.04160230606794357,-0.05110615864396095,-0.03034571371972561,-0.007300942204892635,-0.01154159331927076
2024-09-25,risk_on,0.05524861878453047,ok,0.015979789197444916,-0.015715932473540306,-0.019551407545804977,-0.022054506465792656,-0.027440523728728294,-0.01469156052917242,-0.020038478076457977,-0.04253605380654335,-0.010971450246870518,-0.014848386868834496,-0.01718685105443001
2024-09-26,risk_on,-0.04057591623036649,ok,-0.047465406358242035,0.002388227265328169,-0.02412017621099949,-0.015053747221827507,-0.02324580028653145,-0.022089095786213875,-0.0033095350954681635,0.016149377450346947,-0.013807136565446854,-0.016566354781389236,-0.01471196475904435
2024-09-27,risk_on,0.005457025920873049,ok,-0.02707112766802311,-0.02224832773208618,-0.006029645912349224,0.00865091197192669,0.010747249238193035,-0.019306683912873268,-0.019150570034980774,-0.01501531433314085,-0.016933035105466843,-0.0006984159117564559,-0.010705495940055699
2024-09-30,risk_on,-0.01763907734056991,ok,0.004653547424823046,0.016336988657712936,0.006936592981219292,0.012404294684529305,-0.012787118554115295,-0.017864910885691643,0.005942272022366524,0.011854643002152443,-0.03425014019012451,0.020611055195331573,0.0013837224338203668
2024-10-01,risk_on,0.03176795580110503,ok,0.02404984086751938,-0.0011611415538936853,-0.018544133752584457,-0.006204535253345966,0.032814644277095795,0.0011128083569929004,0.026746375486254692,0.030926169827580452,-0.03635157272219658,0.010103733278810978,0.006349218881223351
2024-10-02,risk_on,0.004016064257028162,ok,-0.004511235747486353,0.0025848166551440954,0.03784478083252907,0.02943812683224678,-0.004146246239542961,0.03433544188737869,0.00011937579256482422,-0.008870754390954971,0.0013776636915281415,0.002175368368625641,0.009034733768203296
2024-10-03,risk_on,0.01866666666666661,ok,0.019074223935604095,-0.0253650713711977,-0.030896110460162163,-0.04355356842279434,-0.014064493589103222,-0.026897462084889412,-0.04630742222070694,-0.007184967864304781,-0.06092851608991623,-0.029374944046139717,-0.026549833221361042
2024-10-04,risk_off,-0.01963350785340312,ok,-0.32477471232414246,-0.46131470799446106,0.36059993505477905,-0.7717012763023376,0.06545720994472504,1.2374870777130127,-0.27293211221694946,0.10961116850376129,0.4365231990814209,-0.23457346856594086,0.01443823128938675
2024-10-07,risk_on,0.01255006675567416,ok,-0.02063383162021637,-0.0122365178540349,-0.0004265473980922252,-0.007543592713773251,-0.004603775683790445,0.024561118334531784,-0.006536825094372034,-0.04100466147065163,0.02305562049150467,-0.011233831755816936,-0.005660284476471133
2024-10-08,risk_off,0.010021097046413407,ok,0.12682975828647614,-0.10518205165863037,-0.40024787187576294,0.6502281427383423,-0.22598586976528168,-0.46060261130332947,0.016373105347156525,-0.5882263779640198,0.33951348066329956,0.1869339793920517,-0.0460366316139698
2024-10-09,risk_off,-0.022454308093994735,ok,0.011079642921686172,-0.018315091729164124,-0.7170337438583374,-0.09542617946863174,0.17188289761543274,0.027779053896665573,-0.020718758925795555,-0.603489875793457,-0.09016133099794388,0.3009009063243866,-0.10335024800151586
2024-10-10,risk_off,0.020299145299145227,ok,0.5434224009513855,-0.38016778230667114,0.07677733898162842,-0.4820909798145294,0.5521034598350525,0.48405390977859497,0.7023002505302429,0.4284403920173645,-0.40094679594039917,0.2365010678768158,0.17603932619094848
2024-10-11,risk_off,-0.03560209424083771,ok,0.2370835542678833,-1.0379416942596436,0.1912931501865387,0.1967490315437317,0.22901111841201782,0.08788900822401047,-0.2805921137332916,-0.4698639214038849,-0.05300062149763107,-0.43696874380111694,-0.1336341232061386
2024-10-14,,,not_session,,,,,,,,,,,
2024-10-15,risk_off,0.007057546145494031,ok,0.2433680295944214,-0.6810232400894165,0.006549714133143425,-0.09369293600320816,-0.1947820484638214,0.4987001419067383,0.058740317821502686,-0.11256151646375656,0.5655907392501831,0.006125751882791519,0.029701495356857777
2024-10-16,risk_off,-0.009703504043126698,ok,-0.3197927474975586,-0.14249645173549652,-0.8359676003456116,-0.4886755347251892,0.9162192344665527,0.013354593887925148,0.01836530677974224,0.03565441444516182,0.2366827130317688,-0.14726613461971283,-0.0713922206312418
2024-10-17,risk_off,0.0010887316276537717,ok,0.0607931986451149,-0.27120134234428406,-0.47309646010398865,-0.07582493126392365,-0.00300392834469676,0.93773353099823,-0.1017424687743187,0.30305227637290955,0.16895848512649536,-0.6734146475791931,-0.012774628726765514
2024-10-18,risk_off,0.010875475802066381,ok,0.5052781701087952,-0.3729696571826935,-0.29773378372192383,-0.22579418122768402,0.05497235059738159,0.9432411193847656,-0.3421905040740967,-0.3696552515029907,0.0664747804403305,0.028718341141939163,-0.0009658616036176682
2024-10-21,risk_on,-0.022054868208714384,ok,-0.012351308949291706,0.03809584304690361,-0.008922794833779335,0.015987228602170944,0.02219952456653118,0.029501130804419518,0.005237946752458811,0.038670752197504044,-0.00853747222572565,-0.0002859661472029984,0.011959488381398842
2024-10-22,risk_on,-0.030253025302530268,ok,-0.0212455652654171,-0.011776460334658623,0.023757055401802063,0.022118626162409782,-0.009724674746394157,-0.027386853471398354,-0.05390915274620056,-0.03701357915997505,-0.02615540102124214,0.018096063286066055,-0.012323994189500809
2024-10-23,risk_off,0.01418037436188313,ok,0.1654597818851471,0.29809123277664185,-0.38720956444740295,0.37038788199424744,-0.07475723326206207,0.2775762677192688,0.4084879159927368,-0.23683618009090424,0.15979145467281342,-0.044970981776714325,0.09360205754637718
2024-10-24,risk_off,-0.0011185682326622093,ok,0.6479899287223816,-0.8341698050498962,0.19986027479171753,-0.44932782649993896,0.25842633843421936,0.7133018970489502,0.021666841581463814,0.11428821086883545,0.11633047461509705,0.32684412598609924,0.11152104604989291
2024-10-25,risk_off,0.03247480403135494,ok,-0.025558866560459137,-0.25438082218170166,-0.38610005378723145,0.2420835644006729,0.4369492530822754,0.5420447587966919,-0.3406703770160675,-0.05181685462594032,0.49656447768211365,0.017741404473781586,0.06768564842641353
2024-10-28,risk_off,0.030368763557483636,ok,0.24464765191078186,-0.08697791397571564,-0.13652199506759644,-0.007394401356577873,0.7009443640708923,0.0528535395860672,-0.7295188307762146,0.09766280651092529,0.1359955072402954,0.11338620632886887,0.03850769344717264
2024-10-29,risk_off,0.012105263157894841,ok,0.1518682837486267,-0.5434848070144653,-0.25180700421333313,0.05006399750709534,0.08129512518644333,-0.20276030898094177,-0.6918355226516724,-0.056586164981126785,-0.012336785905063152,-0.3056926131248474,-0.17812758004292845
2024-10-30,risk_off,-0.041081643265730605,ok,0.45502951741218567,-0.009717893786728382,-0.2952737808227539,-0.45829305052757263,0.1041605994105339,0.3149191737174988,-0.17144769430160522,-0.2863522171974182,-0.3476008176803589,0.27695125341415405,-0.04176249103620648
2024-10-31,risk_off,-0.005965292841648595,ok,0.24351313710212708,-0.09027446061372757,0.06717372685670853,-0.18317410349845886,0.2081567496061325,0.8208279609680176,0.4336841404438019,-0.3070320188999176,0.042167142033576965,0.28652772307395935,0.152156999707222
2024-11-01,risk_off,0.03000545553737033,ok,0.1680275797843933,-0.2933741509914398,0.31526052951812744,-0.473230242729187,-0.23243343830108643,0.4284760057926178,-0.4823286831378937,0.01735554449260235,0.45438316464424133,0.18876074254512787,0.009089705161750316
2024-11-04,,,not_session,,,,,,,,,,,
2024-11-05,risk_off,0.03601694915254239,ok,0.7468627095222473,-0.11157995462417603,0.1382879763841629,-0.36204156279563904,-0.15788491070270538,0.14981141686439514,-0.40370774269104004,-0.44192683696746826,0.4121803939342499,-0.036139391362667084,-0.00661379024386406
2024-11-06,risk_off,-0.013292433537832271,ok,0.3751407265663147,-0.6093057990074158,-0.07061468809843063,-0.42771291732788086,0.5409097671508789,0.12658298015594482,0.48438072204589844,-0.113506019115448,-0.21416470408439636,0.2810746729373932,0.03727847412228584
2024-11-07,risk_on,-0.023834196891191706,ok,-0.016970930621027946,0.0029572381172329187,0.017225027084350586,0.01719837076961994,-0.012798352167010307,0.006134772673249245,-0.013837030157446861,0.006329689174890518,-0.00804534088820219,0.013542065396904945,0.001173550938256085
2024-11-08,risk_on,-0.00424628450106157,ok,-0.023604612797498703,0.004748933482915163,0.012030145153403282,0.002133626490831375,-0.022401081398129463,-0.00844804011285305,-0.010971182957291603,0.0021034853998571634,0.04422073811292648,0.012929311953485012,0.001274132332764566
2024-11-11,risk_on,-0.015991471215351827,ok,-0.0030423495918512344,0.01205212902277708,0.020711345598101616,-0.011707603931427002,-0.052851881831884384,-0.024923892691731453,0.0023760306648910046,-0.008245270699262619,-0.03446805104613304,-0.01064925454556942,-0.011074879905208945
2024-11-12,risk_on,-0.021668472372697756,ok,-0.001491231843829155,0.0072224317118525505,-0.000828404794447124,-0.009261037223041058,0.034395936876535416,0.015157334506511688,-0.0013808044604957104,0.013871859759092331,0.015206627547740936,-0.007433335762470961,0.006545937631744892
2024-11-13,risk_on,-0.02270210409745288,ok,0.013506360352039337,0.019004015251994133,0.010456458665430546,0.01063840463757515,0.007242003455758095,-0.004088337533175945,0.022038664668798447,-0.048565302044153214,-0.015401114709675312,0.0014104843139648438,0.001624163705855608
2024-11-14,risk_on,-0.01926345609065161,ok,0.006021926645189524,0.00788519624620676,-0.011533856391906738,-0.0068407426588237286,0.006234043277800083,0.008862299844622612,-0.015339710749685764,0.03547750413417816,-0.017070725560188293,-0.008576230145990849,0.0005119704641401768
2024-11-15,risk_on,0.009820912767186663,ok,0.0031595169566571712,-0.02880358137190342,-0.005318120587617159,0.009018288925290108,-0.010610452853143215,-0.016509193927049637,0.0072587961331009865,-0.04368651658296585,-0.027681544423103333,0.002992415800690651,-0.01101803919300437
2024-11-18,risk_on,0.01830663615560635,ok,-0.03470313921570778,0.0009186386596411467,-2.5105662643909454e-05,0.003224064828827977,0.02737608551979065,0.022412847727537155,0.023941360414028168,0.04664476588368416,0.014146740548312664,-0.016392944380640984,0.008754331432282925
2024-11-19,risk_on,-0.0005617977528089568,ok,-0.011827253736555576,-0.029884371906518936,-0.013267388567328453,-0.012580038979649544,-0.014439825899899006,-0.030788950622081757,-0.028929375112056732,-0.05081258341670036,-0.039400096982717514,-0.035003937780857086,-0.026693382300436497
2024-11-20,risk_on,-0.006745362563237767,ok,-0.010814119130373001,0.007940356619656086,-0.016847744584083557,-0.016241708770394325,-0.03331153839826584,-0.01172423642128706,0.0026829056441783905,0.02272670529782772,-0.015703342854976654,-0.026195527985692024,-0.009748825058341026
2024-11-21,risk_on,0.002263723825693287,ok,0.0024722320958971977,-0.009934645146131516,-0.02053866721689701,0.0011429383885115385,-0.019476670771837234,-0.02287730574607849,-0.016692252829670906,-0.038287919014692307,-0.016166551038622856,0.005780823528766632,-0.013457801775075495
2024-11-22,risk_on,-0.005646527385657851,ok,0.005891123320907354,-0.0027069603092968464,-0.024077914655208588,-0.01427224650979042,0.012818685732781887,-0.014174853451550007,0.003233362454921007,0.0034464974887669086,-0.013335729949176311,0.0010168002918362617,-0.004216123558580876
2024-11-25,risk_on,-0.034639409426462264,ok,0.0005132425576448441,-0.005816326476633549,0.001782008446753025,-0.006416453514248133,0.03097054548561573,0.003571881912648678,-0.02106279693543911,0.0308982040733099,0.0363147035241127,-0.002340483944863081,0.006841452512890101
2024-11-26,risk_on,-0.01764705882352946,ok,-0.019971197471022606,0.012484784238040447,0.014608263969421387,0.005007500760257244,-0.004487163387238979,-0.003036739770323038,-0.006174053065478802,0.021210158243775368,0.00025592290330678225,0.013809001073241234,0.0033706477493979036
2024-11-27,risk_on,0.020359281437125842,ok,-0.0076844170689582825,0.02861352451145649,0.016950666904449463,0.015434127300977707,0.013548373244702816,-0.016266319900751114,0.004469039849936962,-0.008832402527332306,-0.019049057736992836,0.022779712453484535,0.004996324703097343
2024-11-28,risk_on,0.009389671361502261,ok,0.013627506792545319,0.017977070063352585,0.00044777849689126015,0.026949983090162277,0.00832518469542265,0.01659237965941429,0.02011374570429325,-0.00879440177232027,-0.019046600908041,0.012180891819298267,0.008837353764101863
2024-11-29,risk_on,0.026162790697674465,ok,0.004247753880918026,0.003973635379225016,0.009259389713406563,0.0029501093085855246,0.005147229414433241,-0.00363841000944376,-0.015726938843727112,-0.03183341026306152,0.010115724056959152,0.007528993301093578,-0.0007975924061611294
2024-12-02,risk_on,0.0192634560906515,ok,-0.0031798097770661116,-0.0025972204748541117,0.01851530186831951,-0.02325504459440708,0.0183514766395092,-0.00804893858730793,-0.025457976385951042,0.018863510340452194,0.0030480711720883846,0.0023201284930109978,-0.0001440501306205988
2024-12-03,risk_on,0.0005558643690939391,ok,-0.013710218481719494,0.008583866991102695,0.008164050057530403,0.009914305061101913,-0.010656869038939476,-0.002480995375663042,0.01983739249408245,0.022409701719880104,0.02106754295527935,0.011784103699028492,0.00749128800816834
2024-12-04,risk_on,-0.02444444444444449,ok,-0.04746227711439133,-0.003407978219911456,0.013532668352127075,-0.01804628223180771,0.004854887258261442,0.009553331881761551,0.01447109691798687,-0.019771233201026917,0.012864045798778534,-0.004331955686211586,-0.003774369624443352
2024-12-05,risk_on,-0.01025056947608205,ok,-0.00799622293561697,-0.013118556700646877,-0.015633651986718178,-0.03020123951137066,-0.02762003242969513,-0.017170824110507965,-0.012027674354612827,-0.02461738884449005,-0.03462517634034157,-0.018773220479488373,-0.02017839876934886
2024-12-06,risk_on,-0.01898734177215189,ok,0.002132957801222801,-0.008369374088943005,-0.0006664578104391694,-0.020635373890399933,-0.009201728738844395,0.0009777736850082874,0.007785235531628132,0.0011664354242384434,-0.010077494196593761,-0.03053177520632744,-0.006741980148945004
2024-12-09,risk_on,0.009970674486803555,ok,-0.012893984094262123,-0.014489389955997467,-0.02399800717830658,-0.005729114171117544,-0.034445229917764664,-0.00877449382096529,-0.013485705479979515,-0.020711582154035568,-0.036472637206315994,-0.014690322801470757,-0.01856904667802155
2024-12-10,risk_on,0.026132404181184565,ok,0.018650399520993233,0.0016708346083760262,-0.011172331869602203,0.00421488331630826,-0.0010264568263664842,0.008534894324839115,0.01096136961132288,-0.005157652776688337,-0.016736004501581192,-0.01432838011533022,-0.0004388444707728922
2024-12-11,risk_on,-0.01697792869269954,ok,-0.008285550400614738,-0.008202404715120792,-0.01386403851211071,0.010711093433201313,0.01125117763876915,-0.0001681030262261629,-0.0007766891503706574,0.018616829067468643,0.01916513964533806,0.001535096438601613,0.0029982550418935715
2024-12-12,risk_on,0.0063327576280944875,ok,-0.017308397218585014,-0.025500355288386345,-0.020491773262619972,-0.0009071449749171734,-0.005896327085793018,-0.009012574329972267,0.002286490984261036,-0.017618171870708466,0.0006362145068123937,-0.0030519873835146427,-0.009686402592342347
2024-12-13,risk_on,0.014874141876430214,ok,0.014182853512465954,0.013656054623425007,0.011081070639193058,0.010676082223653793,0.0005999745335429907,0.007156109903007746,0.011362360790371895,0.01147774700075388,0.010742171667516232,0.01032533124089241,0.010125975613482297
2024-12-16,risk_on,-0.028748590755355075,ok,-0.0029410028364509344,-0.004487884230911732,-0.0010126882698386908,0.004635616205632687,-0.003735078265890479,0.002563510788604617,-0.0014516268856823444,-0.00185397791210562,0.004019853658974171,0.004586285911500454,3.230081638321281e-05
2024-12-17,risk_on,-0.02031340684852001,ok,-0.00165406777523458,0.001000813557766378,-0.003596978262066841,-8.71627707965672e-05,0.00249810260720551,0.001947725540958345,0.0016883308999240398,-0.0009628868428990245,-0.005088405683636665,0.005048422608524561,7.938938797451556e-05
2024-12-18,risk_on,0.020734597156398138,ok,0.003208712674677372,-0.00343135604634881,-0.0020339260809123516,-0.00513163348659873,-0.011143832467496395,-0.005201603751629591,-0.003650879953056574,-0.0007203827844932675,-0.00279736565425992,0.0002473628264851868,-0.003065490472363308
2024-12-19,risk_off,-0.0034822983168891763,ok,-0.7041101455688477,-0.639833927154541,-0.50895094871521,-0.12624068558216095,-0.41777729988098145,0.42873716354370117,0.3399254381656647,0.5676790475845337,0.011934439651668072,-0.2526952624320984,-0.1301332180388272
2024-12-20,risk_off,0.013977868375072866,ok,-0.4360853433609009,-0.1722685843706131,-0.34102147817611694,-0.22753842175006866,-0.3099159598350525,-0.03143637627363205,-0.011672968044877052,0.3769824504852295,0.38350313901901245,-0.19506579637527466,-0.0964519338682294
2024-12-23,risk_on,-0.003446295232624963,ok,-0.0008646747446618974,0.005661823321133852,0.014859165996313095,0.0014824247919023037,-0.0010271304054185748,0.0042152972891926765,0.01235212478786707,-0.004188194405287504,0.010546590201556683,-0.0025093983858823776,0.004052802844671533
2024-12-24,risk_on,-0.005187319884726205,ok,0.006208301987498999,0.009986131452023983,0.01071808859705925,-0.0005569210625253618,0.014551069587469101,0.015754329040646553,0.008695827797055244,0.010556187480688095,0.018670883029699326,0.010400078259408474,0.010498397616902366
2024-12-25,risk_on,0.015643105446118133,ok,0.005790673661977053,-0.010065749287605286,-0.001257032621651888,0.003526217769831419,0.0026891103480011225,-0.0033953485544770956,-0.0027109533548355103,-0.010187708772718906,0.0007603890262544155,0.0013523525558412075,-0.0013498049229383469
2024-12-26,risk_on,0.01996577296063884,ok,-0.006682653445750475,-0.008442964404821396,-0.015205982141196728,-0.015794662758708,-0.011645649559795856,-0.007246323395520449,-0.0019216947257518768,-0.004832122009247541,-0.011611474677920341,-0.01882288046181202,-0.010220640758052468
2024-12-27,risk_on,-0.00615212527964204,ok,-0.006428166758269072,-0.008150924928486347,-0.012939746491611004,-0.008433501236140728,-0.0031489445827901363,-0.0067276195622980595,-0.01035888772457838,-0.005020507611334324,-0.0036423930432647467,-0.005335323046892881,-0.0070186014985665676
2024-12-30,risk_on,0.015194147439504757,ok,0.00858588982373476,0.00759802246466279,0.006778528448194265,0.008144446648657322,0.014406408183276653,0.01051302533596754,0.011941508390009403,0.018216244876384735,0.0027985915075987577,0.006231535226106644,0.009521420090459287
2024-12-31,,,not_session,,,,,,,,,,,
2025-01-01,,,not_session,,,,,,,,,,,
2025-01-02,,,not_session,,,,,,,,,,,
2025-01-03,,,not_session,,,,,,,,,,,
2025-01-06,risk_on,0.02716186252771613,ok,0.004779094364494085,0.01133138220757246,0.015134300105273724,0.006014380604028702,0.0021865887101739645,0.007231132593005896,0.011139675974845886,0.008166568353772163,0.009972716681659222,0.010964333079755306,0.00869201726745814
2025-01-07,risk_on,0.030221262817053507,ok,0.0028127713594585657,0.004235163331031799,0.003668795805424452,0.0007278494304046035,-0.007561425678431988,0.0040548620745539665,-0.0012816012604162097,0.0047226231545209885,0.001308321487158537,0.013897888362407684,0.00265852480661124
2025-01-08,risk_on,-0.027239392352016778,ok,0.0061546615324914455,0.011260072700679302,0.007191560231149197,0.006741027347743511,0.007061540149152279,0.010839954949915409,0.011169926263391972,0.009838777594268322,0.004942235536873341,0.01125496905297041,0.008645472535863518
2025-01-09,risk_on,-0.00915455035002688,ok,-0.013595899567008018,-0.015538960695266724,-0.0133010009303689,-0.02192869782447815,-0.011494042351841927,-0.014662149362266064,-0.02383231371641159,-0.01723664440214634,-0.02586405910551548,-0.012427662499248981,-0.016988143045455217
2025-01-10,risk_on,-0.02826086956521734,ok,-0.00036930112401023507,0.0017767330864444375,0.0014217440038919449,-0.004204323049634695,-0.006474222522228956,0.00020244310144335032,-0.0002561802975833416,-0.0035313251428306103,-0.0073789870366454124,-0.0019848288502544165,-0.0020798247831407936
2025-01-13,,,not_session,,,,,,,,,,,
2025-01-14,risk_on,0.0039149888143177325,ok,-0.0055867587216198444,-0.010691707953810692,-0.0038705626502633095,-0.009854820556938648,-0.010598957538604736,-0.001041146693751216,-0.007657432928681374,-0.009381784126162529,-0.008998410776257515,-0.007513600401580334,-0.007519518234767019
2025-01-15,risk_on,-0.008913649025069637,ok,-0.004069573245942593,-0.006197522860020399,-0.00911083072423935,-0.009664545767009258,-0.0032466058619320393,-0.007657578680664301,-0.003862625453621149,-0.005317922215908766,-0.004041736014187336,-0.0017514858627691865,-0.005492042668629437
2025-01-16,risk_on,0.01911186059584047,ok,-0.00954707246273756,-0.011633305810391903,-0.010649438947439194,-0.010200963355600834,-0.006157306022942066,-0.004611676558852196,-0.007270030677318573,-0.005880000535398722,-0.009409528225660324,-0.0034292982891201973,-0.007878862088546157
2025-01-17,risk_on,0.019305019305019266,ok,0.005644621793180704,0.0075476462952792645,-0.00020994246006011963,0.005631991196423769,0.002602126682177186,0.006140310782939196,0.005774309393018484,-0.0009438236011192203,-0.001414639176800847,0.004949397873133421,0.003572199877817184
2025-01-20,risk_on,0.018398268398268414,ok,0.01269507221877575,0.008686603978276253,0.007961045019328594,0.002666657790541649,0.016663972288370132,0.009830036200582981,0.008452675305306911,0.015195850282907486,0.012837851420044899,0.011267607100307941,0.01062573716044426
2025-01-21,risk_on,0.04622741764080773,ok,0.002469223691150546,0.0012888911878690124,0.0009558898746035993,-0.0003082574694417417,-0.005009888205677271,-0.003049492370337248,0.00030452292412519455,0.004863092675805092,0.0012977954465895891,-0.0021978518925607204,6.139258621260524e-05
2025-01-22,risk_on,-0.027932960893854775,ok,-0.000727753562387079,-0.0034483198542147875,-0.001495669363066554,-0.005262814927846193,-0.0015766089782118797,-0.00850644614547491,0.0005604199832305312,-0.0033306297846138477,0.004586517810821533,0.0008210043888539076,-0.001838030043290928
2025-01-23,risk_on,-0.013584117032392928,ok,-0.018578968942165375,-0.01473963912576437,-0.017014721408486366,-0.018991781398653984,-0.023730160668492317,-0.011112479493021965,-0.014760839752852917,-0.014857346192002296,-0.013162735849618912,-0.018369708210229874,-0.016531838104128838
2025-01-24,risk_on,-0.06514830508474578,ok,-0.0016575201880186796,0.003916051238775253,-3.056542482227087e-05,-0.0004865009104833007,0.011165042407810688,0.006452139932662249,0.005191580858081579,0.002192653715610504,0.008147756569087505,0.0005210699746385217,0.003541170817334205
2025-01-27,risk_on,0.011331444759206777,ok,0.0005377300549298525,-0.0007603120757266879,-0.0030129775404930115,-0.005269899964332581,-0.003908218815922737,0.000570900272578001,0.0004980030935257673,-0.0023040424566715956,-0.0037274949718266726,-0.006443410646170378,-0.0023819723050110043
2025-01-28,risk_on,-0.001680672268907557,ok,0.004982049576938152,0.005632386077195406,0.003764005145058036,0.007797922007739544,-0.003076608059927821,0.007322080433368683,0.006571564823389053,0.008662168867886066,0.004074572119861841,0.005461907014250755,0.005119204800575971
2025-01-29,risk_on,0.017957351290684542,ok,-0.008286278694868088,-0.006009823177009821,-0.007066354621201754,-0.006515251472592354,0.0035260850563645363,-0.00454483600333333,-0.005208614747971296,-0.0048346146941185,-0.0050010378472507,-0.0048814257606863976,-0.004882215196266771
2025-01-30,risk_on,-0.034178610804851184,ok,0.005311010405421257,0.0039224703796207905,0.002603854052722454,-0.004033418372273445,0.0029120955150574446,0.00872410275042057,0.0022234320640563965,-0.0029618495609611273,-0.0012443587183952332,0.004355057142674923,0.002181239565834403
2025-01-31,risk_on,0.010273972602739656,ok,0.009206372313201427,0.012645372189581394,0.01503709051758051,0.015052206814289093,0.011093015782535076,0.013898908160626888,0.0098206652328372,0.006265230011194944,0.014464223757386208,0.010559075511991978,0.011804216029122471
2025-02-03,risk_on,0.01412429378531077,ok,-0.0008623255998827517,0.002928704721853137,0.004283348098397255,0.003062344854697585,-0.0032426854595541954,0.002162958262488246,-0.003826515283435583,0.0018435195088386536,7.104652468115091e-05,-0.007052313536405563,-6.31917908322066e-05
2025-02-04,risk_on,-0.010027855153203369,ok,-0.014418860897421837,-0.01391118299216032,-0.014768955297768116,-0.009292569011449814,-0.007761931978166103,-0.012637510895729065,-0.011728430166840553,-0.012034988962113857,-0.012508480809628963,-0.015308794565498829,-0.012437170557677745
2025-02-05,risk_on,0.024760832864378246,ok,-0.0047937920317053795,-0.0019848125521093607,-0.0033287503756582737,0.0035054462496191263,-0.013089405372738838,-0.003466526046395302,0.00011300441110506654,-0.0006217173067852855,-0.0005387412384152412,-0.008385398425161839,-0.003259069268824533
2025-02-06,risk_on,-0.000549148819329992,ok,-0.022724393755197525,-0.02285682037472725,-0.021168619394302368,-0.02263576164841652,-0.010910667479038239,-0.015789803117513657,-0.02097775973379612,-0.02312023565173149,-0.018435785546898842,-0.01827216148376465,-0.019689200818538664
2025-02-07,risk_on,0.013736263736263687,ok,0.014132862910628319,0.018868688493967056,0.017456309869885445,0.02021108753979206,0.017771225422620773,0.018782399594783783,0.01814013533294201,0.01837661676108837,0.01617826707661152,0.016698669642210007,0.017661626264452935
2025-02-10,risk_on,-0.007046070460704601,ok,0.030239351093769073,0.028246374800801277,0.031606316566467285,0.03155496343970299,0.03310507908463478,0.03517017513513565,0.03173475340008736,0.030922729521989822,0.031462620943784714,0.02777532860636711,0.031181769259274007
2025-02-11,,,not_session,,,,,,,,,,,
2025-02-12,risk_on,0.012008733624454093,ok,0.006747190374881029,0.006116423290222883,0.009623142890632153,0.010750475339591503,0.010992123745381832,0.010034949518740177,0.008039971813559532,0.015198742039501667,0.009860926307737827,0.005029262974858284,0.009239320829510688
2025-02-13,risk_on,-0.005393743257820938,ok,0.00842196960002184,0.006121848244220018,0.006036291364580393,0.0011656221468001604,0.0057457685470581055,0.007952218875288963,0.0043054427951574326,0.004791934043169022,0.005978669971227646,0.006451636552810669,0.0056971402140334245
2025-02-14,risk_on,0.00433839479392617,ok,0.010811730287969112,0.01261252909898758,0.010118248872458935,0.010603164322674274,0.011076836846768856,0.011547604575753212,0.007187618874013424,0.009231410920619965,0.0076110875234007835,0.008666074834764004,0.009946630615741015
2025-02-17,risk_on,0.009719222462202914,ok,0.007592285517603159,-0.005178443621844053,-0.003058129455894232,-0.014467895030975342,-0.002266490366309881,-0.008701017126441002,-0.00781717523932457,-0.0038891558069735765,-0.010548711754381657,-0.009212161414325237,-0.005754689429886639
2025-02-18,risk_on,0.021925133689839615,ok,-0.015184943564236164,-0.012430298142135143,-0.012659214437007904,-0.009983088821172714,-0.016514977440238,-0.008999602869153023,-0.005750974640250206,-0.003381677670404315,-0.006199093535542488,-0.015382733196020126,-0.010648660431616008
2025-02-19,risk_on,-0.0146520146520146,ok,-0.002176775597035885,0.004465450067073107,-0.00027748342836275697,0.0031582368537783623,0.0062225861474871635,-0.0013896634336560965,0.0016190607566386461,-0.0058380793780088425,-0.002305385423824191,0.0016710981726646423,0.0005149044736754149
2025-02-20,risk_on,-0.0084970791290494,ok,0.005461014341562986,0.001581530086696148,-0.00040256959619000554,0.008307141251862049,0.00010128651047125459,0.0002857534564100206,0.00035268760984763503,0.017777753993868828,0.0005699676694348454,0.0014850418083369732,0.0035519607132300734
2025-02-21,risk_on,-0.017139796464917034,ok,0.004847654141485691,0.006801648531109095,0.004738518502563238,0.010197588242590427,0.006395895034074783,0.0071427361108362675,0.006331108510494232,0.002186005702242255,0.009645575657486916,0.010634013451635838,0.006892074388451875
2025-02-24,,,not_session,,,,,,,,,,,
2025-02-25,risk_on,0.008174386920980936,ok,-0.006132441572844982,-0.0013113555032759905,-0.003198651596903801,0.005658913869410753,-0.008642599917948246,-0.001844888785853982,-0.005112336948513985,-0.009085830301046371,-0.006049796007573605,-0.0017308134119957685,-0.0037449800176545976
2025-02-26,risk_on,-0.04594594594594592,ok,0.0010265841847285628,0.006575550884008408,0.006260136142373085,0.004232157487422228,0.008204152807593346,0.008032744750380516,0.00031386601040139794,0.003140454413369298,0.011819818988442421,0.006931754760444164,0.005653722042916342
2025-02-27,risk_on,0.0067988668555241105,ok,-0.005308361258357763,0.0011482841800898314,-0.0034393854439258575,-0.0030987102072685957,-0.009096099995076656,0.0030096631962805986,-0.005989170633256435,-0.008297586813569069,-0.0025044537615031004,0.0035852105356752872,-0.002999061020091176
2025-02-28,risk_off,-0.04051772650534613,ok,0.09237410128116608,-0.656575083732605,0.05572439357638359,0.748347818851471,-1.189765453338623,0.8554868102073669,-0.18033567070960999,-0.03736664727330208,0.008676939643919468,-0.5341788530349731,-0.08376116445288062
2025-03-03,risk_off,0.011730205278592365,ok,-0.36469733715057373,-0.41457274556159973,0.2400897890329361,0.958153486251831,-1.5532305240631104,-0.3976193368434906,-0.662497341632843,-0.13880884647369385,-0.44150540232658386,-0.7084877490997314,-0.34831760078668594
2025-03-04,risk_off,0.0028985507246377384,ok,-0.20276539027690887,-0.3635542094707489,-0.0784788578748703,0.26986488699913025,-0.6221945881843567,0.20315441489219666,-0.06443719565868378,0.37782052159309387,-0.301499605178833,-0.7840085029602051,-0.1566098526120186
2025-03-05,risk_off,-0.03294797687861273,ok,0.32620593905448914,-0.03452295809984207,-0.13451339304447174,0.8599172830581665,-0.5400207042694092,0.5575253963470459,0.17469161748886108,-0.2683563530445099,0.2209031879901886,-0.5252743363380432,0.06365556791424751
2025-03-06,risk_off,0.018529587567244432,ok,0.3458309471607208,-0.6532278060913086,0.21805721521377563,0.35260939598083496,-0.7560320496559143,1.134922981262207,0.19877460598945618,-0.3736744225025177,-0.08911307901144028,-0.1351165473461151,0.024303124099969865
2025-03-07,risk_off,-0.015258215962441368,ok,-0.2968384921550751,-0.17842775583267212,-0.1637054681777954,1.383068323135376,-0.8911516666412354,0.48693549633026123,-0.4866425096988678,-0.47228968143463135,0.5193595290184021,-0.19615872204303741,-0.029585094749927522
2025-03-10,risk_off,0.013706793802145345,ok,-0.08417995274066925,-0.5281298160552979,0.02979385107755661,0.8892790079116821,-0.8252606987953186,-0.09603406488895416,-0.7000406384468079,0.1415031999349594,-0.9214838147163391,-0.6539161205291748,-0.27484690472483636
2025-03-11,risk_off,0.013521457965902428,ok,-0.4945778548717499,0.2338923215866089,-0.4596043527126312,0.8070551156997681,-0.3927377760410309,0.01926366426050663,-0.41161611676216125,-0.4841228723526001,-0.06021193042397499,-1.2147363424301147,-0.24573961440473796
2025-03-12,risk_off,-0.004060324825986061,ok,0.20182086527347565,-0.39858731627464294,-0.41064560413360596,0.5824427008628845,0.18133579194545746,1.3025245666503906,-0.0903908759355545,-0.16104185581207275,0.426228404045105,-0.3684477210044861,0.1265238955616951
2025-03-13,risk_off,0.02970297029702973,ok,1.1091398000717163,-0.43510472774505615,-0.3034534156322479,0.8053420782089233,-0.6628478765487671,0.5223149061203003,0.0560065358877182,0.10256965458393097,0.33703142404556274,-0.10270142555236816,0.14282969534397125
2025-03-14,risk_off,0.013574660633484115,ok,0.1304737627506256,-0.2035505622625351,-0.2660636603832245,0.8889931440353394,0.13856562972068787,0.523961067199707,-0.5713546872138977,-0.03533889725804329,0.7244248390197754,-0.5896334648132324,0.07404771707952022
2025-03-17,risk_off,-0.006138392857142905,ok,0.30885034799575806,-0.06817594915628433,-0.0843316912651062,0.7639732956886292,-0.6940210461616516,-0.20750591158866882,-0.6693129539489746,-0.09324170649051666,-0.7650474905967712,-0.40632185339927673,-0.1915134958922863
2025-03-18,risk_off,-0.017967434025828233,ok,0.20049603283405304,0.4710550010204315,-0.6033776998519897,0.15695352852344513,0.1468321830034256,-0.45337966084480286,-0.19819718599319458,-0.2693295478820801,0.13500241935253143,-0.36766940355300903,-0.07816143333911896
2025-03-19,risk_off,-0.00800457404230992,ok,0.20072025060653687,-0.12315122783184052,0.2784228026866913,0.7491562366485596,0.036468181759119034,0.5527558326721191,-0.130851611495018,-0.24254822731018066,-0.11367784440517426,-0.036488331854343414,0.1170806061476469
2025-03-20,,,not_session,,,,,,,,,,,
2025-03-21,risk_off,0.009221902017291006,ok,0.8609230518341064,-0.34923848509788513,0.15864869952201843,0.4122193157672882,0.2909339964389801,-0.07346642017364502,0.010006755590438843,0.1416601687669754,0.3080625534057617,-0.1692584604024887,0.15904911756515502
2025-03-24,risk_off,-0.010279840091376391,ok,0.3469623625278473,-0.4378367066383362,-0.07364127039909363,1.112802505493164,-0.30226144194602966,-0.11956742405891418,-0.7290906310081482,0.6678531169891357,-0.050622470676898956,-0.23115013539791107,0.018344790488481522
2025-03-25,risk_on,-0.019042123485285667,ok,0.0007089208229444921,0.002504147822037339,-0.017868459224700928,-0.015156043693423271,-0.009671095758676529,-0.0043034362606704235,-0.002783670090138912,-0.007589560467749834,-0.01114987675100565,-0.00441322335973382,-0.006972229696111753
2025-03-26,risk_on,-0.011176470588235343,ok,-0.014755355194211006,0.023088589310646057,0.010762740857899189,0.04540542513132095,0.010047750547528267,-0.0015077464049682021,0.02652931399643421,0.0024891700595617294,0.016099097207188606,0.0032206217292696238,0.012137960724066943
2025-03-27,risk_off,-0.049970255800118935,ok,0.030172040686011314,-0.28159093856811523,0.22830931842327118,0.49317264556884766,-0.23737217485904694,0.5314964056015015,0.03705110400915146,0.5877817273139954,-0.12819427251815796,-0.1558910459280014,0.11049348097294569
2025-03-28,risk_off,-0.02128991859737006,ok,0.3532617688179016,-0.3122391402721405,0.028625912964344025,0.5623610019683838,0.15316735208034515,0.11963500082492828,-0.27595943212509155,-0.025635425001382828,0.1131344586610794,0.1652829498052597,0.08816344477236271
2025-03-31,risk_off,0.000639795265515053,ok,-0.10489679127931595,-0.16079966723918915,-0.3654368817806244,0.5725862383842468,0.012150626629590988,-0.4517490267753601,-0.27255699038505554,0.14997360110282898,0.02571142464876175,-0.36787086725234985,-0.09628883339464664
2025-04-01,risk_off,-0.07097186700767266,ok,0.48168790340423584,-0.009158839471638203,-0.19704625010490417,0.42804157733917236,-0.43789446353912354,-0.19228869676589966,-0.14723125100135803,0.1435215026140213,-0.1027500331401825,-0.570029079914093,-0.060314763057976964
2025-04-02,risk_off,-0.00619408121128695,ok,0.622941792011261,0.02930917963385582,-0.3928559124469757,0.7877253890037537,0.18009302020072937,0.3501642048358917,0.30234745144844055,0.04687900096178055,0.05327453464269638,0.12045254558324814,0.21003312058746815
2025-04-03,risk_off,-0.17797783933518008,ok,0.4115581512451172,-0.40212881565093994,-0.07423091679811478,0.4666977524757385,-0.1897854506969452,-0.08259423077106476,0.1661783754825592,0.28691792488098145,0.02437467873096466,-0.1275181919336319,0.04794692769646645
2025-04-04,risk_off,0.11541701769165957,ok,0.20277875661849976,-0.7613979578018188,-0.0505894273519516,0.7447396516799927,0.3039083182811737,0.23007416725158691,-0.10237231850624084,0.579413652420044,0.33840733766555786,-0.08416658639907837,0.14007955938577651
2025-04-07,risk_off,-0.03549848942598188,ok,-0.2361404001712799,-0.3945091664791107,-0.4176076054573059,0.04377664625644684,0.6154285669326782,-0.3519262671470642,-0.033330272883176804,0.4455660283565521,0.12304282188415527,-0.4558982253074646,-0.06615978740155697
2025-04-08,risk_off,0.15505090054815973,ok,0.31918391585350037,-0.1427162140607834,-0.2516508996486664,0.258745402097702,0.18366321921348572,-0.23151139914989471,-0.37006404995918274,-0.2800709307193756,0.07637150585651398,-0.4133399724960327,-0.08513894230127335
2025-04-09,risk_off,-0.10237288135593225,ok,0.6402791142463684,0.20486146211624146,-0.07067114859819412,0.6189051270484924,0.6490691304206848,0.25065043568611145,0.2890256941318512,0.2617228031158447,0.7153019309043884,-0.26049041748046875,0.329865413159132
2025-04-10,risk_off,0.095166163141994,ok,0.4376404285430908,-0.15332482755184174,-0.2955811619758606,0.43956810235977173,-0.8843072056770325,-0.16817587614059448,-0.06455963104963303,-0.4817066490650177,-0.4007691740989685,0.2939116060733795,-0.12773043885827065
2025-04-11,risk_off,-0.0096551724137931,ok,-0.49827277660369873,-0.6097421050071716,-0.5624848008155823,0.5968989133834839,-0.1061018854379654,0.24986346065998077,-0.09808116406202316,0.22364011406898499,0.17687126994132996,0.4189695417881012,-0.02084394320845604
2025-04-14,risk_off,-0.0069637883008356605,ok,0.006592554971575737,-0.07543358206748962,-0.41513243317604065,0.683097243309021,-0.15158991515636444,-0.5417634844779968,-0.39215588569641113,-0.1563349962234497,-0.46545955538749695,-0.045362092554569244,-0.1553542146459222
2025-04-15,risk_off,-0.030855539971949564,ok,0.628004252910614,0.3136388957500458,-0.5998537540435791,0.21521690487861633,0.3447195887565613,-0.777070164680481,0.12129944562911987,0.0011732541024684906,-0.3050500154495239,0.8335045576095581,0.07755829654633999
2025-04-16,risk_off,0.02387843704775694,ok,0.9795111417770386,0.12992890179157257,-0.6118098497390747,0.7356469631195068,0.6831640005111694,0.22286079823970795,0.1251830905675888,0.21387989819049835,0.5813122391700745,0.2453293651342392,0.33050065487623215
2025-04-17,risk_off,-0.014134275618374548,ok,1.0383527278900146,-0.5133838057518005,-0.379420667886734,0.7586777210235596,0.049655985087156296,0.1471461057662964,-0.39276885986328125,0.4933088719844818,0.6926553845405579,0.7995564341545105,0.2693779896944761
2025-04-18,risk_off,-0.00501792114695343,ok,-0.11551633477210999,-0.35522356629371643,-0.23707203567028046,0.7271130681037903,-0.1069057434797287,-0.6085684895515442,-0.31744590401649475,0.5592167377471924,0.63626629114151,-0.2753920555114746,-0.009352803230285645
2025-04-21,risk_off,0.02449567723342949,ok,0.3907012939453125,-0.21575549244880676,-0.2104855328798294,1.11685311794281,0.4693727493286133,-0.6139851808547974,-0.3200557827949524,0.6915925741195679,0.29445886611938477,0.8496667146682739,0.24523633271455764
2025-04-22,risk_off,0.010548523206751037,ok,0.5806581377983093,0.2883448302745819,-0.26003438234329224,1.0096156597137451,-0.002109547145664692,-0.9390283226966858,0.2960074841976166,-0.4835980236530304,0.4756978750228882,-0.1235748827457428,0.08419788284227252
2025-04-23,risk_off,0.028531663187195466,ok,0.3958612084388733,-0.02753485180437565,-0.9361088871955872,0.5917924642562866,1.115566372871399,-0.006402268074452877,0.09870277345180511,-0.12299230694770813,0.4508042335510254,0.6521711945533752,0.22118599331006408
2025-04-24,risk_off,0.030446549391069055,ok,1.0919675827026367,0.11317353695631027,0.7309969067573547,0.8076432943344116,0.1961037814617157,-0.09907843172550201,0.20662695169448853,-0.23535799980163574,0.43048620223999023,0.4371597170829773,0.36797215417027473
2025-04-25,risk_off,-0.04136572554169404,ok,0.6098151803016663,-0.6509559154510498,-0.21140804886817932,0.05660133808851242,0.8777157664299011,-0.64607834815979,-0.09241550415754318,0.3544505834579468,0.6803128719329834,-0.38740357756614685,0.05906343460083008
2025-04-28,risk_off,0.022602739726027332,ok,0.735152542591095,-0.24263522028923035,-0.3594299256801605,0.32655972242355347,0.2336411327123642,-0.38573411107063293,-0.0005864053964614868,-0.2584579885005951,0.5915969014167786,0.10323720425367355,0.07433438524603844
2025-04-29,,,not_session,,,,,,,,,,,
2025-04-30,risk_off,0.010716677829872845,ok,0.29061877727508545,0.120247483253479,0.8743624687194824,0.820231020450592,0.994884729385376,-0.141119122505188,0.5910107493400574,1.0771546363830566,0.15995599329471588,0.587940514087677,0.5375287249684334
2025-05-01,risk_off,-0.0033134526176276102,ok,0.37695688009262085,0.0692785456776619,0.06447036564350128,0.19913923740386963,1.2287434339523315,0.322746604681015,-0.0028751883655786514,1.007019281387329,0.21299158036708832,0.43329522013664246,0.39117659609764815
2025-05-02,risk_off,0.010638297872340496,ok,0.673190712928772,-0.24842174351215363,0.5024566650390625,0.13949836790561676,0.40909409523010254,-0.010993186384439468,0.6461637020111084,0.8628047704696655,0.18616840243339539,0.23619267344474792,0.33961544595658777
2025-05-05,,,not_session,,,,,,,,,,,
2025-05-06,,,not_session,,,,,,,,,,,
2025-05-07,risk_off,0.03223684210526323,ok,-0.282784640789032,-0.10124148428440094,-0.416726291179657,0.3710176944732666,0.7308754920959473,-0.6640651226043701,0.1321338415145874,-0.40345460176467896,0.5134248733520508,0.34703725576400757,0.022621701657772064
2025-05-08,risk_off,0.01210962396430837,ok,-0.48567473888397217,0.6768536567687988,0.22132164239883423,0.3136487603187561,0.6435977220535278,-0.6556375026702881,0.8583046793937683,0.6285467743873596,-0.2439797967672348,0.8255302309989929,0.2782511427998543
2025-05-09,risk_off,0.0692695214105794,ok,-0.29673558473587036,-0.40355122089385986,-0.3993229866027832,-0.2532576322555542,-0.1535661667585373,-0.29098445177078247,-0.172616645693779,0.19225962460041046,-0.29221096634864807,-0.28962084650993347,-0.23596068769693374
2025-05-12,risk_off,-0.0035335689045936647,ok,-0.3657681941986084,0.37172001600265503,-0.3782511353492737,-0.050684843212366104,0.14181315898895264,-0.12744775414466858,0.008285978808999062,0.4279136061668396,-0.008209164254367352,-0.01018785871565342,0.0009183810092508793
2025-05-13,risk_off,-0.0005910165484633856,ok,0.19348615407943726,0.05306457355618477,-0.2811739146709442,-0.10923413932323456,0.14122051000595093,-0.48228880763053894,0.4334726631641388,0.055485159158706665,0.476230263710022,0.19329817593097687,0.06735606379806995
2025-05-14,risk_off,-0.012418687167356612,ok,0.2730431854724884,0.25073468685150146,-0.2977507412433624,-0.2143665850162506,0.29939743876457214,0.34473681449890137,0.22338427603244781,0.9400392770767212,0.6431180238723755,1.0240323543548584,0.3486368730664253
2025-05-15,risk_off,-0.026946107784431184,ok,-0.3934508264064789,-0.7073538899421692,0.481598436832428,0.246366947889328,0.30907565355300903,0.24341033399105072,0.4457506835460663,0.3752351999282837,0.5218703150749207,0.23610983788967133,0.17586126923561096
2025-05-16,risk_on,-0.0012307692307692575,ok,-0.023384079337120056,-0.0002883480628952384,-0.001578309340402484,-0.006030547898262739,-0.01123812235891819,-0.012995526194572449,0.0063444580882787704,0.03181363642215729,-0.00895005278289318,-0.0061006988398730755,-0.0032407590304501356
2025-05-19,risk_on,-0.009242144177449174,ok,0.010106753557920456,-0.005949954967945814,-0.02703782729804516,-0.015098921954631805,-0.0049223098903894424,-0.0065706088207662106,0.008226514793932438,-0.006986814551055431,-0.002394111128523946,-0.006440781056880951,-0.005706806131638586
2025-05-20,risk_on,-0.01741293532338306,ok,0.014519797638058662,0.010540076531469822,0.0399366095662117,0.021822476759552956,0.017290517687797546,-0.0033102461602538824,0.012171179056167603,0.03266195207834244,0.02282780595123768,0.01111783180385828,0.01795780009124428
2025-05-21,risk_off,0.019620253164557067,ok,-0.38369473814964294,-0.1944429725408554,-0.42280805110931396,0.2107635736465454,0.08086533099412918,0.45319488644599915,-0.2492215484380722,0.02969486638903618,0.5823140144348145,0.1665991097688675,0.027326447144150733
2025-05-22,risk_off,-0.004345127250155234,ok,0.43194207549095154,-0.31294968724250793,0.16528137028217316,-0.1300077885389328,-0.08356761187314987,0.6663678288459778,0.1353500634431839,0.19774696230888367,-0.3874686360359192,0.7121744751930237,0.1394869051873684
2025-05-23,risk_off,0.018079800498753018,ok,-0.11578371375799179,0.2583490312099457,-0.420107901096344,0.23869822919368744,0.4630967974662781,-0.15414376556873322,-0.21227587759494781,1.114063024520874,-0.0904599204659462,0.47886765003204346,0.15603035539388657
2025-05-26,risk_off,0.014696876913655954,ok,-0.1343396157026291,0.21184104681015015,-0.08188445121049881,0.21662212908267975,-0.018778985366225243,-0.5215250253677368,-0.5213135480880737,-0.017887361347675323,-0.4245363771915436,0.056529611349105835,-0.12352725770324469
2025-05-27,risk_off,0.02112251056125536,ok,-0.0700901597738266,0.23237116634845734,-0.47008246183395386,0.6690707206726074,-0.37115010619163513,-0.252131849527359,-0.18917140364646912,0.07562672346830368,-0.2240048050880432,-0.10142442584037781,-0.07009866014122963
2025-05-28,risk_off,-0.019503546099290725,ok,0.10511620342731476,0.22642040252685547,-0.035991109907627106,0.12314704060554504,0.05482782796025276,0.3517192006111145,0.1617223471403122,0.15861386060714722,0.07309645414352417,0.8507177233695984,0.20693899504840374
2025-05-29,risk_off,-0.02169981916817365,ok,0.036959148943424225,-0.5411012768745422,-0.5291184782981873,0.07727400958538055,0.07798029482364655,0.06775350868701935,-0.16323821246623993,0.37214717268943787,0.009795192629098892,0.4011784791946411,-0.019037016108632086
2025-05-30,risk_on,-0.008626001232285851,ok,-0.005415752064436674,-0.0038517077919095755,-0.004416828043758869,-0.002918968442827463,-0.0029038514476269484,-0.013605942018330097,-0.011928382329642773,-0.013783290050923824,-0.0008940260158851743,-0.010672406293451786,-0.007039115449879318
2025-06-02,risk_on,0.02237414543194527,ok,-0.014369888231158257,-0.0034585248213261366,-0.004570684861391783,-0.007937243208289146,8.781573706073686e-05,0.00590719236060977,-0.004183099139481783,-0.00032709736842662096,-0.013924726285040379,-0.009177531115710735,-0.005195378693315433
2025-06-03,risk_on,-0.002431610942249196,ok,-0.003409264376387,-0.00549798971042037,-0.0006372185307554901,-0.0025439169257879257,0.0016333539970219135,0.012371910735964775,1.480570062994957e-06,-0.003759625367820263,0.007966822944581509,0.004198616370558739,0.0010324169707018882
2025-06-04,risk_on,0.01706276660572814,ok,0.0032303438056260347,0.003904074663296342,0.008490501902997494,0.008833376690745354,0.011969417333602905,0.005563205573707819,0.006600943394005299,0.01046932302415371,0.014536989852786064,0.014788704924285412,0.008838688116520643
2025-06-05,risk_on,0.014379868184541733,ok,-0.008162862621247768,-0.012162179686129093,-0.008935180492699146,-0.011887213215231895,-0.014364284463226795,-0.0008665476925671101,-0.0038679465651512146,-0.0023138336837291718,-0.0020432292949408293,-0.0016373645048588514,-0.006624064221978187
2025-06-06,risk_on,0.016538688718251704,ok,0.0083943922072649,-0.004494445864111185,0.0028166533447802067,0.0035204170271754265,-0.00043476454447954893,-0.00979685690253973,0.012652008794248104,0.00296966265887022,-0.0035414155572652817,-0.0034860889427363873,0.0008599562221206725
2025-06-09,risk_on,0.01220220801859373,ok,-0.006378493271768093,-0.007439047563821077,-0.011375529691576958,-0.005958035588264465,-0.009374136105179787,-0.0040039243176579475,-0.006773308850824833,-0.005596804432570934,-0.0037144513335078955,-0.004414140246808529,-0.006502787140198052
2025-06-10,risk_on,0.006888633754305484,ok,0.003693321952596307,-0.003137882798910141,-0.0007838025339879096,-0.006788413971662521,-0.00167770532425493,-0.003703682217746973,-0.007468244526535273,-0.0018109227530658245,-0.0018761956598609686,-0.0015624319203197956,-0.0025115959753748028
2025-06-11,risk_on,-0.0051311288483466555,ok,0.011829969473183155,0.008731978014111519,0.007120043504983187,0.004454035311937332,0.005554766394197941,0.011101184412837029,0.0074035548605024815,0.011201287619769573,0.012748082168400288,0.010077394545078278,0.009022229630500079
2025-06-12,risk_on,-0.022922636103151817,ok,0.001900263363495469,0.003608499187976122,0.00397794833406806,-0.0023022217210382223,0.0012147119268774986,0.0006948408554308116,0.002307108836248517,-0.0023941758554428816,0.0028885724022984505,0.004809824749827385,0.001670537207974121
2025-06-13,risk_on,0.029912023460410664,ok,0.011694653891026974,0.010525733232498169,0.00784175656735897,0.005650702863931656,0.004874193575233221,0.010601304471492767,0.007882350124418736,0.018294448032975197,0.011570987291634083,0.007461855188012123,0.00963979852385819
2025-06-16,risk_off,0.007972665148063829,ok,-0.1781913936138153,-0.04459996521472931,0.25145167112350464,0.2726996839046478,-0.227529376745224,0.04099491983652115,-0.055615413933992386,0.19971707463264465,-0.15527912974357605,0.05101865902543068,0.01546667292714119
2025-06-17,risk_on,0.019209039548022666,ok,0.0007334117544814944,-0.003569235559552908,6.031948942109011e-05,-0.002812206046655774,0.001414293423295021,-0.0013254163786768913,-0.0012395401718094945,-0.005712026264518499,0.0009658271446824074,-0.0018835181836038828,-0.0013368090792937437
2025-06-18,risk_off,-0.019955654101995512,ok,-0.0840609148144722,-0.12807154655456543,-0.13499797880649567,0.15023665130138397,-0.0005780183710157871,0.04942534863948822,0.018279999494552612,-0.2072238326072693,-0.03977550193667412,0.14240093529224396,-0.023436485836282373
2025-06-19,risk_off,0.005656108597285048,ok,0.12182383239269257,-0.25755226612091064,-0.27047088742256165,0.13987715542316437,-0.13197502493858337,-0.08229878544807434,-0.10971985012292862,0.059614382684230804,-0.06371135264635086,-0.18124689161777496,-0.07756596878170967
2025-06-20,risk_off,0.03487064116985383,ok,0.2035500854253769,-0.13018369674682617,-0.21655333042144775,0.18591375648975372,-0.03731769323348999,-0.07062575221061707,-0.07515855133533478,0.09272205829620361,0.0940064936876297,-0.016256948933005333,0.0030096421018242837
2025-06-23,risk_off,0.027717391304347805,ok,-0.023285437375307083,-0.15159796178340912,-0.1939958930015564,0.15587297081947327,0.08156512677669525,-0.0792246013879776,0.07154746353626251,0.14598312973976135,-0.07682013511657715,-0.05537331849336624,-0.01253286562860012
2025-06-24,risk_on,0.007932310946589194,ok,-0.004350744653493166,-0.001921998686157167,-0.003284362843260169,-0.002163798315450549,-0.00417743856087327,0.0022473682183772326,0.001122240792028606,-0.0008998964913189411,-0.005700554698705673,-0.006935627665370703,-0.00260648129042238
2025-06-25,risk_on,0.018887722980063026,ok,-0.010212346911430359,-0.007602404803037643,-0.0007866622181609273,-0.0025454561691731215,-0.0015072692185640335,-0.013036856427788734,-0.006427645217627287,-0.01295933686196804,-0.004850234370678663,-0.006105020642280579,-0.006603323284070939
2025-06-26,risk_on,0.028321318228630377,ok,0.007298078387975693,0.009906034916639328,0.0023851883597671986,0.012344797141849995,0.010616186074912548,0.016669861972332,0.013269077986478806,0.007988876663148403,0.007609485648572445,0.006991833448410034,0.009507942060008646
2025-06-27,risk_on,-0.030545818728092144,ok,0.006249077618122101,0.005791748873889446,0.004689839668571949,0.008996471762657166,0.005558498203754425,0.0009075897978618741,-0.0019556551706045866,0.005338909570127726,0.007464285474270582,0.007375937886536121,0.005041670368518681
2025-06-30,risk_on,-0.030475206611570216,ok,0.011910127475857735,0.009815966710448265,0.007521074265241623,0.00694628618657589,0.010912815108895302,0.014539026655256748,0.01071598194539547,0.014246439561247826,0.009552080184221268,0.008339133113622665,0.01044989312067628
2025-07-01,risk_on,0.030367607884922654,ok,-0.0025080100167542696,-0.005021669901907444,-0.0048003592528402805,-0.006537141278386116,-0.004695167765021324,-0.010212366469204426,-0.01149993110448122,-0.003983277827501297,-0.002444186946377158,-0.006190704647451639,-0.005789281520992518
2025-07-02,risk_on,0.01706308169596693,ok,0.00045240536564961076,0.005873037502169609,0.0011106026358902454,2.0896666683256626e-05,-0.00447834562510252,0.00539202056825161,0.002524825744330883,5.708294338546693e-05,0.0018001358257606626,-0.0028213043697178364,0.0009931357257300989
2025-07-03,risk_on,-0.014743263853584154,ok,-0.0029013575986027718,-0.006118200719356537,-0.0019484659424051642,-0.0021725688129663467,-0.0019891620613634586,-0.007444290444254875,-0.005851998459547758,-0.001708609750494361,-4.668196197599173e-06,-0.004680188838392496,-0.003481951082358137
2025-07-04,risk_on,-0.008255933952528327,ok,0.003382786875590682,0.0076234061270952225,0.009999662637710571,0.006853600963950157,0.00964463409036398,0.011538920924067497,0.016798513010144234,0.012119784019887447,0.006806268356740475,0.006875284947454929,0.00916428619530052
2025-07-07,risk_on,0.03017689906347565,ok,0.005157426465302706,0.001969770062714815,0.008264812640845776,0.0059114135801792145,0.0037086692173033953,0.0006617705803364515,0.002426939783617854,0.0022046000231057405,0.0031508146785199642,0.007885390892624855,0.004134160792455077
2025-07-08,risk_on,-0.007070707070707116,ok,0.003308512270450592,0.0010480114724487066,-0.003433117875829339,5.946913006482646e-05,-0.0030872204806655645,0.0058813258074223995,0.0012559995520859957,0.00218303338624537,0.0012220890494063497,0.0007638254319317639,0.0009201927743561101
2025-07-09,risk_on,0.0025432349949134903,ok,0.007644662167876959,0.002650983864441514,0.005008704494684935,0.003095913678407669,0.001178536913357675,0.0018092895625159144,0.0022796951234340668,0.0036747977137565613,0.008558785542845726,0.0038823073264211416,0.003978367638774216
2025-07-10,risk_on,-0.0025367833587012223,ok,-0.012418044731020927,-0.010435984469950199,-0.012537729926407337,-0.015358395874500275,-0.006920738611370325,-0.0071294852532446384,-0.007577760145068169,-0.010120310820639133,-0.014546680264174938,-0.01040318701416254,-0.010744831711053848
2025-07-11,risk_on,-0.003560528992878953,ok,0.0006161386845633388,-0.0008269581012427807,0.0012167493114247918,0.0039602103643119335,-0.003051769221201539,-0.0017815458122640848,-0.0012121787294745445,-0.0015663525555282831,-0.00014768019900657237,0.002696204697713256,-9.718156070448458e-06
2025-07-14,risk_on,0.02450229709035212,ok,0.0015113336266949773,0.006536408793181181,0.006994980853050947,0.004613140132278204,0.00644325464963913,0.009395978413522243,0.0064693475142121315,0.009242978878319263,0.0041936906054615974,0.006682820152491331,0.0062083933618851
2025-07-15,risk_on,-0.019431988041853532,ok,0.002935925032943487,-0.0002985350729431957,0.0032020413782447577,0.002003058325499296,-0.0022519989870488644,-0.004159640520811081,-0.002711967332288623,-0.0032656292896717787,0.00173367524985224,0.00013573715114034712,-0.00026773340650834145
2025-07-16,risk_on,0.0035569105691057867,ok,-0.003277776762843132,-0.0017139550764113665,-0.0035581742413342,-0.0027983111795037985,0.0025412102695554495,-0.0007464642403647304,-0.0013735925313085318,-0.0046164607629179955,-0.0017574686789885163,-0.0024087366182357073,-0.001970972982235253
2025-07-17,risk_on,-0.011139240506329084,ok,-0.002602160908281803,-0.0048161703161895275,-0.0021342390682548285,-0.006426488980650902,-0.008031591773033142,-0.005839362274855375,-0.005548903252929449,-0.004877618048340082,-0.005478999577462673,-0.0029721087776124477,-0.004872764297761023
2025-07-18,risk_on,0.004096262160778297,ok,0.007960968650877476,0.009999198839068413,0.007577493321150541,0.006216931156814098,0.00985835213214159,0.01260252296924591,0.009951049461960793,0.011403047479689121,0.013545216992497444,0.010142503306269646,0.009925728430971503
2025-07-21,,,not_session,,,,,,,,,,,
2025-07-22,risk_on,0.0249872514023457,ok,-0.007261274382472038,-0.00557385990396142,-0.006455487571656704,-0.006623468827456236,-0.004663514439016581,-0.0010347665520384908,-0.004636550787836313,-0.002331392141059041,-0.0009392529027536511,-0.0047392877750098705,-0.004425885528326035
2025-07-23,risk_on,-0.013432835820895495,ok,-0.005019425414502621,-0.007681227754801512,-0.0058344826102256775,-0.008238700218498707,-0.008539777249097824,-0.009310311637818813,-0.0076247332617640495,-0.007530409377068281,-0.011022420600056648,-0.007726465817540884,-0.007852795394137501
2025-07-24,risk_on,-0.021180030257186067,ok,-0.005373185034841299,-0.0025954993907362223,-0.00693874154239893,-0.005465447437018156,-0.0018239315832033753,0.0001041193027049303,-0.0027643321081995964,-0.001453341799788177,0.001118765794672072,-0.003612531116232276,-0.0028804124915041028
2025-07-25,risk_on,-0.013395157135497215,ok,0.005561358295381069,0.009485168382525444,0.009096936322748661,0.008533586747944355,0.002925383159890771,0.003766564652323723,0.0037995255552232265,0.0037259014789015055,0.003702346934005618,0.005186846945434809,0.005578361847437918
2025-07-28,risk_on,-0.0031331592689295418,ok,0.004140064585953951,0.0049563138745725155,0.003966303076595068,0.001999354688450694,0.004349718801677227,0.005556405987590551,0.0014587535988539457,0.008983157575130463,0.008242236450314522,0.004191392567008734,0.004784370120614767
2025-07-29,risk_on,0.0005238344683080598,ok,0.00600934075191617,0.0027286680415272713,0.004889217671006918,0.007341625634580851,-0.0002310309064341709,0.004240886773914099,0.003953070379793644,-0.00020786686218343675,0.0024935458786785603,0.004228645004332066,0.003544610236713197
2025-07-30,risk_on,-0.0298429319371728,ok,0.00012885319301858544,-0.002498295856639743,-0.0012625961098819971,-0.004870926029980183,0.004868620075285435,-0.0037147339899092913,0.00045685580698773265,0.0015969652449712157,-1.3927550753578544e-05,-0.0002330176648683846,-0.0005542202881770209
2025-07-31,risk_on,-0.024824608742579635,ok,-0.008328605443239212,-0.01006193459033966,-0.010945935733616352,-0.012382620945572853,-0.013184851966798306,-0.011215425096452236,-0.009968952275812626,-0.01454728189855814,-0.014469970017671585,-0.008254862390458584,-0.011336044035851955
2025-08-01,risk_on,0.03597122302158273,ok,0.004563994240015745,0.007735729217529297,0.00798090361058712,0.003861896926537156,0.0046045915223658085,0.007243953179568052,0.006163435522466898,0.009534038603305817,0.008916235528886318,0.004681870806962252,0.0065286649158224465
2025-08-04,risk_on,-0.014957264957264904,ok,0.006641024723649025,0.005966871045529842,0.008508272469043732,0.003744913497939706,-0.00059882941422984,0.009477855637669563,0.0051434836350381374,0.0029034961480647326,0.00513794831931591,0.0038834454026073217,0.005080848146462813
2025-08-05,risk_on,-0.02386117136659438,ok,-0.009843779727816582,-0.006975012365728617,-0.00479216780513525,-0.008295384235680103,-0.005619314964860678,-0.005985008552670479,-0.005949137266725302,-0.00793512910604477,-0.0040655601769685745,-0.007369504775851965,-0.006682999897748232
2025-08-06,risk_on,0.011111111111111072,ok,-0.014755038544535637,-0.015867097303271294,-0.017816845327615738,-0.019596215337514877,-0.019656844437122345,-0.014461543411016464,-0.015862558037042618,-0.020298248156905174,-0.017478443682193756,-0.018609730526804924,-0.017440256476402283
2025-08-07,risk_on,0.025824175824175732,ok,-0.00601687328889966,-0.009267248213291168,-0.009424516931176186,-0.014202140271663666,-0.0053930096328258514,-0.008110730908811092,-0.008412037044763565,-0.009155865758657455,-0.007259173318743706,-0.00971702765673399,-0.008695862302556635
2025-08-08,risk_on,0.03535083020889118,ok,-0.0019221414113417268,-0.00603485805913806,-0.006198339629918337,-0.008382711559534073,-0.0044920737855136395,-0.006302019581198692,-0.0003890464431606233,-0.00739841815084219,-0.011001719161868095,-0.005974512547254562,-0.005809584032977
2025-08-11,,,not_session,,,,,,,,,,,
2025-08-12,risk_on,-0.002586652871184647,ok,0.01461735274642706,0.014414716511964798,0.014928944408893585,0.013274511322379112,0.012496068142354488,0.011567341163754463,0.017208760604262352,0.011845440603792667,0.010927999392151833,0.014891894534230232,0.013617302943021058
2025-08-13,risk_on,-0.014004149377593311,ok,0.014221679419279099,0.013195110484957695,0.015187563374638557,0.012184934690594673,0.012300582602620125,0.016689632087945938,0.011413202621042728,0.01894824206829071,0.017852628603577614,0.012788298539817333,0.014478187449276448
2025-08-14,risk_on,0.004734350341925264,ok,-0.009182249195873737,-0.006044481415301561,-0.0054937987588346004,-0.00509290536865592,-0.0011176837142556906,-0.006700015626847744,-0.005941595416516066,-0.011643603444099426,-0.0078009022399783134,-0.007361571304500103,-0.006637880648486316
2025-08-15,risk_on,-0.00366492146596864,ok,0.0002548758056946099,-0.0005423703114502132,-0.0035863991361111403,-0.0019682487472891808,-0.006992710754275322,-0.0032146612647920847,-0.003247990505769849,-0.00038989679887890816,-3.270372690167278e-05,-0.002996279625222087,-0.0022716385064995848
2025-08-18,risk_on,-0.009458749343142392,ok,-0.009506274946033955,-0.009548882953822613,-0.005849778186529875,-0.010326335206627846,-0.00809219479560852,-0.0071496483869850636,-0.010029057040810585,-0.010345639660954475,-0.007647372782230377,-0.01201256737112999,-0.00905077513307333
2025-08-19,risk_on,-0.023872679045092826,ok,0.00436507910490036,0.004508750978857279,0.0022773651871830225,0.004159010946750641,0.004950129427015781,0.00382372853346169,0.0005041827098466456,0.0066637615673244,0.005932653322815895,0.001810929155908525,0.003899559093406424
2025-08-20,risk_on,-0.0027173913043477826,ok,-0.016986722126603127,-0.014171266928315163,-0.01585354469716549,-0.015630431473255157,-0.01605876162648201,-0.013776805251836777,-0.016056755557656288,-0.017698010429739952,-0.016030220314860344,-0.015543625690042973,-0.015780614409595727
2025-08-21,risk_on,0.02670299727520442,ok,0.002093725372105837,0.0021224331576377153,0.0023679721634835005,0.00234283902682364,-0.0024717452470213175,0.0009347517043352127,0.0016695280792191625,0.0027350846212357283,0.0023430711589753628,0.0014767321990802884,0.001561439223587513
2025-08-22,risk_on,-0.014331210191082855,ok,-0.0014728702371940017,0.00032997102243825793,0.0004783454933203757,0.001126372953876853,0.002581236185505986,0.004074639640748501,0.0021614818833768368,0.003455227939411998,0.0016767147462815046,0.0016280211275443435,0.0016039140755310655
2025-08-25,risk_on,0.003231017770597644,ok,-0.0002357499033678323,-0.002425579819828272,6.543491326738149e-05,-0.0007676605018787086,0.0036835167557001114,6.8967638071626425e-06,1.3674057299795095e-05,0.0011264911154285073,-0.001826270716264844,0.0010860732290893793,7.268258932526805e-05
2025-08-26,risk_on,-0.0026838432635534204,ok,-0.001665558316744864,0.0017687923973426223,0.003137972205877304,0.0035265316255390644,0.0016058216569945216,0.0029087672010064125,0.0029164100997149944,0.00423152232542634,0.004336170386523008,0.004299015738070011,0.0027065445319749415
2025-08-27,risk_on,0.023681377825618855,ok,-0.004160996992141008,-0.005239068064838648,-0.009068130515515804,-0.010311538353562355,-0.008770274929702282,-0.007986863143742085,-0.009203096851706505,-0.008947744965553284,-0.01038800273090601,-0.0076329149305820465,-0.008170863147825003
2025-08-28,risk_on,-0.03154574132492116,ok,0.0075058890506625175,0.0033400547690689564,0.004595763981342316,-0.003231432056054473,0.006660963408648968,0.009327377192676067,0.002987162908539176,0.008511054329574108,0.005387964658439159,0.0051639326848089695,0.005024873092770577
2025-08-29,risk_on,-0.005428881650380024,ok,0.0011159485438838601,-0.0007638086681254208,-0.001617688569240272,-0.0005003214464522898,0.00200142664834857,-0.0003877654962707311,0.001805995125323534,-0.004984487313777208,-0.0046488880179822445,-0.001241088262759149,-0.0009220677457051352
2025-09-01,risk_on,-0.018558951965065518,ok,0.00792184378951788,0.007474461570382118,0.006934416480362415,0.007311055436730385,0.004668230656534433,0.006088824477046728,0.009650906547904015,0.00932003278285265,0.006640675012022257,0.008213359862565994,0.007422380661591887
2025-09-02,risk_on,0.0038932146829810943,ok,-7.126489072106779e-05,-0.003102727700024843,-0.0012619539629667997,-0.0036993708927184343,-0.005235549993813038,-0.0007714952807873487,-0.003702209796756506,-0.0033480573911219835,-0.002559433225542307,-0.005736301653087139,-0.002948836478753947
2025-09-03,risk_on,0.021052631578947434,ok,0.011938064359128475,0.010883916169404984,0.010821091942489147,0.010202884674072266,0.017147179692983627,0.014811206609010696,0.012336724437773228,0.013804815709590912,0.012849129736423492,0.011377289891242981,0.012617230322211981
2025-09-04,risk_on,0.011394465545306653,ok,-0.011665954254567623,-0.012060193344950676,-0.013745328411459923,-0.009175675921142101,-0.00914257112890482,-0.0081091970205307,-0.012677982449531555,-0.01353634987026453,-0.008031514473259449,-0.009943032637238503,-0.010808779951184988
2025-09-05,risk_on,0.01341201716738194,ok,0.018991928547620773,0.01643231138586998,0.01977098546922207,0.01911499910056591,0.02015826478600502,0.01685965247452259,0.019136453047394753,0.019482867792248726,0.021943863481283188,0.01740003190934658,0.01892913579940796
2025-09-08,risk_on,0.0058231868713605195,ok,0.007813917472958565,0.009011163376271725,0.010719915851950645,0.008228560909628868,0.006081283092498779,0.008797111921012402,0.005845201667398214,0.010206496343016624,0.011659979820251465,0.008244854398071766,0.008660848485305905
2025-09-09,risk_on,0.0189473684210526,ok,0.005230394192039967,0.006707194726914167,0.008029632270336151,0.0038676548283547163,0.006985283922404051,0.007798768579959869,0.007718490436673164,0.002945331856608391,0.009169073775410652,0.006231874227523804,0.006468369881622494
2025-09-10,risk_on,0.030991735537190035,ok,-0.012293488718569279,-0.014217214658856392,-0.011574970558285713,-0.016497254371643066,-0.012085755355656147,-0.009900461882352829,-0.012307234108448029,-0.01199733279645443,-0.013761991634964943,-0.01639215275645256,-0.013102785684168339
2025-09-11,risk_on,0.023046092184368705,ok,0.0017601113067939878,0.002261029789224267,0.005402118433266878,0.0001691788056632504,0.005702864844352007,-0.0031532123684883118,0.0022399628069251776,0.0010142121464014053,-0.0007808898226357996,0.001778320991434157,0.0016393696932937019
2025-09-12,risk_on,0.008814887365328206,ok,-0.009650981985032558,-0.008023660629987717,-0.012900769710540771,-0.009806090034544468,-0.008881880901753902,-0.0035382930655032396,-0.01388510037213564,-0.007048770319670439,-0.015138999558985233,-0.010090768337249756,-0.009896531491540373
2025-09-15,,,not_session,,,,,,,,,,,
2025-09-16,risk_on,0.00825242718446595,ok,-0.006643013563007116,-0.00914593506604433,-0.009449273347854614,-0.015697866678237915,-0.014283543452620506,-0.005803273059427738,-0.007839745841920376,-0.012943723239004612,-0.014495867304503918,-0.013299573212862015,-0.010960181476548314
2025-09-17,risk_on,0.06788637457871927,ok,0.004846001043915749,-0.0015075604896992445,0.001286743558011949,-0.001666335971094668,0.0018866786267608404,-0.005148979835212231,-0.0032780119217932224,-0.0021972679533064365,-0.0009706313721835613,-0.0002724055084399879,-0.0007021769823040813
2025-09-18,risk_on,-0.008115419296663706,ok,-0.0039627100341022015,-0.0037661974783986807,-0.005551164969801903,-0.006935578770935535,-0.006584367249161005,-2.7745729312300682e-05,-0.0011870386078953743,-0.0038947127759456635,-0.010082710534334183,-0.0006893181125633419,-0.004268154426245019
2025-09-19,risk_on,0.020909090909090988,ok,-0.009737709537148476,-0.013928096741437912,-0.008552675135433674,-0.015288244932889938,-0.011517303995788097,-0.015727266669273376,-0.01564658433198929,-0.013249474577605724,-0.010939632542431355,-0.01040924247354269,-0.012499623093754053
2025-09-22,risk_on,0.006233303650934996,ok,0.002174319699406624,0.003782696556299925,0.0006270725280046463,-0.0027076469268649817,-0.002726924605667591,0.002953407820314169,0.004788752179592848,-0.001557899173349142,-0.005157045088708401,-0.0022236502263695,-4.691723734140396e-06
2025-09-23,,,not_session,,,,,,,,,,,
2025-09-24,risk_on,-0.0026548672566372167,ok,-0.005415698047727346,-0.004666909109801054,-0.0014431321760639548,-0.001108833122998476,-0.0010019108885899186,-0.001132572302594781,0.0016029506223276258,-0.003831744659692049,-0.0006707718130201101,-0.00402218010276556,-0.0021690801600925624
2025-09-25,risk_on,-0.032830523513753374,ok,-0.009613264352083206,-0.006789462640881538,-0.008966835215687752,-0.007394242100417614,-0.006876694038510323,-0.01059630885720253,-0.011166540905833244,-0.004166332073509693,-0.005192045122385025,-0.0053782155737280846,-0.007613994088023901
2025-09-26,risk_on,0.018807339449541383,ok,0.006524079479277134,0.006691295187920332,0.008477088063955307,0.00472544739022851,0.00915155466645956,0.003699899185448885,0.008508572354912758,0.007764589041471481,0.006515990011394024,0.005293011199682951,0.006735152658075094
2025-09-29,risk_on,-0.01755965781179647,ok,0.004269613418728113,0.0034231124445796013,0.003087627934291959,0.006034849211573601,0.003793098498135805,0.002113636350259185,0.005162824876606464,0.0017849741270765662,0.004880040418356657,0.006735797505825758,0.004128557478543371
2025-09-30,risk_on,0.027497708524289566,ok,0.00147537374868989,0.003029299434274435,0.008436999283730984,0.004888249561190605,0.00637630233541131,0.00625268742442131,0.008112338371574879,0.0019344782922416925,0.006533151026815176,0.008101669140160084,0.005514054861851037
2025-10-01,risk_on,0.024977698483496846,ok,0.015028830617666245,0.013468639925122261,0.01333592552691698,0.01404637936502695,0.011878962628543377,0.014292336069047451,0.01719294860959053,0.01777302287518978,0.01725698634982109,0.017268946394324303,0.015154297836124897
2025-10-02,risk_on,0.046562228024368935,ok,-0.003964215982705355,0.003463187487795949,-0.0032140547409653664,0.0003247272688895464,0.003010486951097846,0.0006953677511774004,0.0026660256553441286,0.0004033988225273788,0.0005628472426906228,0.0007210375042632222,0.0004668807960115373
2025-10-03,risk_on,0.031185031185031242,ok,0.014143554493784904,0.015534616075456142,0.012977531179785728,0.018550120294094086,0.009828935377299786,0.014346668496727943,0.012950335629284382,0.01631266437470913,0.016198497265577316,0.011901676654815674,0.014274459984153508
2025-10-06,risk_on,-0.049193548387096775,ok,0.0021037617698311806,0.005297744181007147,0.0022108806297183037,0.007116819731891155,0.008336792699992657,0.006643547676503658,0.0035186046734452248,0.00279775308445096,0.005069730803370476,0.00429263710975647,0.004738827235996723
2025-10-07,risk_on,0.019508057675996504,ok,0.00016482078353874385,-0.003590425243601203,-0.0032890676520764828,-0.0015806709416210651,-0.0031887099612504244,-0.0020353333093225956,-0.0031885397620499134,-0.0016309686470776796,-0.006035396829247475,-0.0028775660321116447,-0.002725185759481974
2025-10-08,risk_on,-0.009567387687188011,ok,-0.003204485634341836,-0.00375388958491385,-0.001617570873349905,-0.004322180524468422,0.0017958052922040224,-0.0014508480671793222,-0.0014475355856120586,0.0018136377912014723,-0.000584841298405081,-0.0033138140570372343,-0.0016085722541902213
2025-10-09,risk_on,-0.030239395212095732,ok,-0.01185317151248455,-0.013782531023025513,-0.013690885156393051,-0.012526147067546844,-0.014525270089507103,-0.014943428337574005,-0.013870409689843655,-0.014144367538392544,-0.013258463703095913,-0.012477235868573189,-0.013507190998643637
2025-10-10,risk_on,-0.014724989172802072,ok,0.011176747269928455,0.00871928222477436,0.009564820677042007,0.009528029710054398,0.013514521531760693,0.008178704418241978,0.007073432207107544,0.012900584377348423,0.012603705748915672,0.012149104848504066,0.01054089330136776
2025-10-13,,,not_session,,,,,,,,,,,
2025-10-14,risk_off,0.04967032967032958,ok,-0.028499271720647812,0.24151037633419037,-0.03955773636698723,0.3547193706035614,-0.14349356293678284,-0.08326813578605652,-0.2751650810241699,0.4998987317085266,-0.0008636177517473698,-0.12406260520219803,0.04012184678576887
2025-10-15,risk_off,-0.0020938023450586263,ok,0.11157893389463425,0.06282307952642441,-0.10020281374454498,0.1676514744758606,0.1887003481388092,0.13449274003505707,0.262876957654953,0.062081947922706604,0.0918579176068306,0.08962807804346085,0.10714886635541916
2025-10-16,risk_off,-0.0020981955518254436,ok,0.22351248562335968,0.012989711947739124,0.1705600768327713,0.06224130466580391,0.1923646181821823,0.2772994041442871,-0.024376343935728073,0.29261326789855957,0.2247094064950943,-0.0794348493218422,0.1352479082532227
2025-10-17,risk_off,0.03195962994112689,ok,-0.1529138833284378,0.014281943440437317,-0.30826616287231445,0.20289146900177002,0.04954409599304199,-0.08649628609418869,-0.2257152795791626,-0.05442383885383606,0.2390722632408142,0.1600121706724167,-0.016201350837945938
2025-10-20,risk_off,-0.02241238793806033,ok,-0.3795951306819916,-0.146256223320961,-0.04991048574447632,0.3686552345752716,0.21645487844944,-0.015949338674545288,-0.39401230216026306,0.4285183846950531,0.008926688693463802,0.283691942691803,0.03205236485227943
2025-10-21,risk_off,-0.03126302626094202,ok,0.21319730579853058,0.016289755702018738,-0.058334290981292725,0.0458378791809082,0.15548938512802124,-0.3794862627983093,-0.26699504256248474,0.2604988217353821,-0.06369374692440033,0.03771533817052841,-0.003948085755109787
2025-10-22,,,gap_in_data,,,,,,,,,,,
2025-10-23,,,gap_in_data,,,,,,,,,,,
2025-10-24,,,not_session,,,,,,,,,,,
2025-10-27,risk_on,0.007361963190184007,ok,0.0016670669429004192,0.00032581252162344754,-0.0001349130179733038,-0.0015116985887289047,-0.009466216899454594,-0.003509109141305089,-0.0027608629316091537,-0.00518133956938982,-0.0005252982373349369,0.0005993031663820148,-0.002049725575488992
2025-10-28,risk_on,0.046691027202598434,ok,0.004702774807810783,-0.00045144505565986037,-0.00019614939810708165,0.00034260627580806613,0.003278247080743313,0.004799601621925831,0.0026523745618760586,0.005784261971712112,0.0034204053226858377,0.00023475219495594501,0.0024567429383751003
2025-10-29,risk_on,0.01629169899146632,ok,0.014832042157649994,0.012748352251946926,0.01299312524497509,0.013332614675164223,0.004363702144473791,0.015748269855976105,0.015009499154984951,0.009734363295137882,0.01394726987928152,0.014773370698094368,0.012748260935768484
2025-10-30,risk_on,0.024809160305343525,ok,-0.002038393635302782,-0.004125344101339579,-0.0017984122969210148,-0.005201160907745361,0.0009370906627736986,0.0011839458020403981,-0.006177007686346769,0.0008260629256255925,-0.0026513629127293825,-0.00492062047123909,-0.002396520262118429
2025-10-31,risk_on,-0.06666666666666665,ok,-0.004923621192574501,-0.007147316355258226,-0.006995473988354206,-0.0018807698506861925,-0.008947399444878101,-0.004878384061157703,-0.004771303851157427,-0.0063268886879086494,-0.0067547522485256195,-0.006012242287397385,-0.005863815196789801
2025-11-03,,,not_session,,,,,,,,,,,
2025-11-04,risk_on,0.03591380686352763,ok,-0.001886832877062261,-0.0030687032267451286,-0.004638537298887968,-0.0006767676677554846,0.002786673605442047,-0.0015475028194487095,0.0006493688561022282,0.0019331949297338724,-9.31925605982542e-05,0.0003688734141178429,-0.0006173425645101815
2025-11-05,risk_off,-0.04853620955315874,ok,-0.015767306089401245,-0.046758994460105896,-0.03833220526576042,-0.005314178764820099,0.1860336810350418,0.06205493211746216,0.04848860204219818,0.008399605751037598,0.1949828714132309,0.3882572054862976,0.07820442132651806
2025-11-06,risk_off,0.02429149797570851,ok,0.06356658041477203,0.2615908682346344,-0.1726762354373932,0.07826317846775055,0.17601154744625092,-0.09776601195335388,-0.2340824455022812,0.28665691614151,0.02855670638382435,-0.18103733658790588,0.020908376760780813
2025-11-07,risk_off,0.0122529644268774,ok,0.051774028688669205,0.15277768671512604,0.025179032236337662,-0.0846284031867981,0.16105006635189056,0.23629896342754364,-0.08462487161159515,0.08567573130130768,0.1794605553150177,0.01082705333828926,0.07337898425757886
2025-11-10,risk_off,-0.05349472862163218,ok,-0.04527383670210838,-0.10706088691949844,-0.19633586704730988,0.1551307737827301,0.25428545475006104,0.07103784382343292,-0.0937972217798233,0.2551702558994293,0.07953372597694397,0.2424776554107666,0.061516789719462395
2025-11-11,risk_off,0.004537953795379579,ok,-0.0016191464383155107,0.1542561948299408,-0.03287982568144798,0.06840052455663681,-0.09877289831638336,-0.4474599063396454,-0.38782432675361633,0.05475291237235069,0.07165016978979111,0.2060721516609192,-0.041342415031977
2025-11-12,risk_off,-0.027104722792607783,ok,0.1805184930562973,0.17109961807727814,-0.5908082127571106,-0.11556019634008408,0.45110172033309937,-0.087363101541996,0.0226576030254364,0.055479537695646286,0.2632247507572174,0.3701179027557373,0.07204681150615215
2025-11-13,risk_off,0.013507809202194965,ok,-0.10268113017082214,-0.31875094771385193,0.07622745633125305,-0.0835491493344307,0.08994060754776001,0.21633729338645935,-0.3215002119541168,0.009306307882070541,0.026678340509533882,0.26421740651130676,-0.014377402700483799
2025-11-14,risk_off,-0.002915451895043719,ok,-0.3220360577106476,-0.02945580706000328,-0.08132399618625641,0.25822213292121887,0.1327590048313141,0.09674495458602905,-0.25852638483047485,0.10635112226009369,0.10956871509552002,0.1496867686510086,0.01619904525578022
2025-11-17,risk_off,-0.0292397660818714,ok,-0.309070348739624,-0.19899515807628632,-0.12493137270212173,-0.04734690487384796,0.559727132320404,-0.21632099151611328,-0.09964976459741592,0.18310865759849548,0.4129689037799835,0.34881284832954407,0.05083030015230179
2025-11-18,risk_off,0.05938037865748713,ok,-0.011663987301290035,0.028415940701961517,-0.16526079177856445,0.013035529293119907,0.0018862523138523102,-0.45041653513908386,-0.07034365087747574,0.08469748497009277,-0.08931925147771835,-0.20875966548919678,-0.08677286747843027
2025-11-19,risk_off,-0.0670186839967506,ok,-0.12186601012945175,0.18045414984226227,-0.38831958174705505,-0.14903336763381958,0.37847471237182617,0.45939794182777405,-0.01687433198094368,-0.1508941352367401,0.17516936361789703,0.18452955782413483,0.055103829875588414
2025-11-20,risk_off,0.014366565084893423,ok,0.0521940179169178,0.012521408498287201,-0.11970937252044678,0.07431495189666748,0.10637058317661285,-0.1483043134212494,-0.24365457892417908,0.002295413985848427,-0.06492304801940918,-0.1981971561908722,-0.05270920936018229
2025-11-21,risk_off,-0.0051502145922747156,ok,0.013595485128462315,0.09979212284088135,-0.21216817200183868,-0.11047752946615219,0.16381531953811646,-0.0923386737704277,-0.021757397800683975,0.06997360289096832,0.2186068445444107,-0.1022498831152916,0.0026791718788444995
2025-11-24,,,not_session,,,,,,,,,,,
2025-11-25,risk_off,0.026315789473684292,ok,0.07136648893356323,0.014304653741419315,0.08410539478063583,-0.048648931086063385,-0.02469673380255699,0.10159573704004288,-0.10714108496904373,-0.07342277467250824,0.1933804154396057,-0.0969255343079567,0.011391763109713793
2025-11-26,risk_off,0.007145859604875904,ok,-0.27965766191482544,0.11970408260822296,-0.15434478223323822,0.12039519101381302,0.25678205490112305,0.02252839133143425,0.04365954548120499,-0.0784754753112793,0.2277514487504959,0.1412697434425354,0.041961253806948665
2025-11-27,risk_off,0.014190317195325486,ok,-0.04359544441103935,-0.05281657725572586,-0.19269807636737823,-0.12873947620391846,0.29815760254859924,0.13534840941429138,-0.33358410000801086,0.10880117863416672,-0.06984493881464005,-0.06465139985084534,-0.03436228223145008
2025-11-28,risk_off,-0.019341563786008265,ok,-0.19768135249614716,-0.34175094962120056,-0.06978258490562439,-0.23366698622703552,0.13853734731674194,0.2942992150783539,-0.07685771584510803,-0.0370175875723362,0.08186087012290955,-0.02340995892882347,-0.04654697030782699
2025-12-01,risk_on,0.015107007973143016,ok,0.002196710789576173,-0.00022840918973088264,0.001420311164110899,0.0001563809928484261,-0.004372296389192343,0.0016151510644704103,-0.0017468493897467852,0.0021082544699311256,0.004345812369138002,0.001826389692723751,0.0007321455574128777
2025-12-02,risk_off,0.024803637866887218,ok,-0.21072492003440857,0.08075366914272308,-0.1525588482618332,0.01212297659367323,0.11128933727741241,-0.26256945729255676,-0.29886388778686523,-0.2286376655101776,-0.01649254746735096,-0.1155199483036995,-0.10812012916430831
2025-12-03,risk_on,0.009681323114159035,ok,0.007442868780344725,0.00913322065025568,0.009887422434985638,0.010651318356394768,0.008500861935317516,0.006321250461041927,0.00876052025705576,0.014493412338197231,0.004403776954859495,0.005903974175453186,0.008549862634390592
2025-12-04,risk_on,0.0163803435876948,ok,0.011941268108785152,0.01059284433722496,0.0131533183157444,0.0119366105645895,0.01393548958003521,0.01529797725379467,0.014122307300567627,0.01562205608934164,0.016103308647871017,0.016160564497113228,0.013886574469506741
2025-12-05,risk_on,0.002358490566037652,ok,0.010334493592381477,0.00824491586536169,0.00879708118736744,0.005662072449922562,0.005602828226983547,0.0076339333318173885,0.005378047935664654,0.00463819969445467,0.0059197042137384415,0.006107566878199577,0.006831884337589145
2025-12-08,risk_on,0.019607843137254832,ok,-0.011465165764093399,-0.007994567044079304,-0.009724301286041737,-0.010974513366818428,-0.008570411242544651,-0.005038775037974119,-0.009036357514560223,-0.007209222298115492,-0.007043082267045975,-0.01023672241717577,-0.008729311823844909
2025-12-09,risk_on,-0.005769230769230749,ok,-0.002882841508835554,-0.002486293436959386,-0.0021972982212901115,-0.003014522837474942,-0.0018597624730318785,-0.0048555852845311165,-0.004582901485264301,-0.003986399155110121,-0.004831921309232712,0.00044715494732372463,-0.00302503707644064
2025-12-10,risk_on,-0.010831721470019318,ok,0.0035732933320105076,0.003209920134395361,0.00216041412204504,0.0016436201985925436,-0.00163469766266644,0.0034482774790376425,0.0007015726296231151,0.004263771697878838,0.0033114159014075994,0.0020848792046308517,0.002276246703695506
2025-12-11,risk_on,-0.029722330856472468,ok,-0.009984058327972889,-0.008444205857813358,-0.006649484392255545,-0.009777607396245003,-0.00855596736073494,-0.012732512317597866,-0.009896784089505672,-0.01138941291719675,-0.006768941879272461,-0.006433689966797829,-0.009063266450539231
2025-12-12,risk_on,-0.010882708585247869,ok,0.00445237522944808,0.0046276189386844635,0.00025907804956659675,0.0066684396006166935,0.0019064086955040693,0.004007900133728981,0.005344794597476721,0.006616000551730394,0.0023701575119048357,0.007769445888698101,0.004402221919735894
2025-12-15,risk_on,-0.015077424612876977,ok,-0.002719755284488201,-0.0009260968654416502,0.0015848225448280573,0.003044242737814784,-0.0013128358405083418,-0.0030946149490773678,-0.003891065949574113,-0.0036249326076358557,-0.0046933540143072605,-0.0012158129829913378,-0.0016849403211381287
2025-12-16,risk_on,-0.02151427389325611,ok,0.00412278575822711,0.002526558469980955,0.004229688085615635,0.0015875492244958878,0.004752099514007568,0.0070939380675554276,0.0033540898002684116,0.008158041164278984,0.006200345698744059,0.004462770652025938,0.004648786643519998
2025-12-17,risk_on,0.018181818181818077,ok,0.0049814931116998196,-0.0010919123888015747,0.0033026617020368576,0.004323925357311964,0.001686612842604518,-0.001803440973162651,0.0023476951755583286,-0.0030667248647660017,0.0004141203826293349,0.001047324389219284,0.001214175473432988
2025-12-18,risk_on,0.02782392026578062,ok,-0.0005947408499196172,-0.0009829206392168999,0.004205800127238035,-0.0003743862616829574,-0.004906967282295227,0.005492899566888809,-0.002771747065708041,0.0038368371315300465,0.003728387411683798,0.0006849341443739831,0.0008318096282891929
2025-12-19,risk_on,0.02020202020202011,ok,0.016678588464856148,0.015086998231709003,0.013723568990826607,0.014624013565480709,0.017564771696925163,0.0119572002440691,0.014312813989818096,0.00870914664119482,0.015448651276528835,0.017265673726797104,0.014537142682820558
2025-12-22,risk_on,0.003960396039603964,ok,0.0016633925260975957,-0.00421659043058753,-0.00651557045057416,-0.007136413361877203,-0.0028001046739518642,9.072455577552319e-05,-0.00213449215516448,0.0013787862844765186,-0.004503461066633463,-0.004711884073913097,-0.002888561284635216
2025-12-23,risk_on,0.006706114398422169,ok,-0.003434151876717806,-0.005598119925707579,-0.0019237430533394217,0.00068882224150002,-0.0069501325488090515,-0.005943770986050367,-0.00452156737446785,-0.006815866567194462,-0.004397034645080566,-0.0026517054066061974,-0.004154727014247328
2025-12-24,risk_on,0.009796238244514033,ok,0.014981330372393131,0.012063758447766304,0.007716846186667681,0.008832544088363647,0.009485040791332722,0.01023868564516306,0.01127491146326065,0.010956726968288422,0.009648232720792294,0.010768720880150795,0.01059667975641787
2025-12-25,risk_on,0.012805587892898762,ok,-0.009570316411554813,-0.010432198643684387,-0.006417073775082827,-0.00679532065987587,-0.010118396021425724,-0.010722245089709759,-0.009854716248810291,-0.00966096855700016,-0.010339189320802689,-0.012172727845609188,-0.00960831525735557
2025-12-26,risk_on,-0.016091954022988464,ok,0.001274853595532477,-0.0034192882012575865,-0.003631500992923975,0.0004589850432239473,0.0021585519425570965,-0.0010861624032258987,-0.002141952747479081,-0.0010672365315258503,-0.0010996125638484955,-0.0004225302254781127,-0.0008975893084425479
2025-12-29,risk_on,0.02414330218068539,ok,0.0014412732562050223,-0.004495757166296244,-0.00021969329100102186,-0.006154353264719248,-0.0007865659426897764,-0.0037692643236368895,-0.003811535658314824,-0.0031429727096110582,6.515166023746133e-05,-0.003977017477154732,-0.002485073491698131
2025-12-30,risk_on,0.04524714828897336,ok,0.0038458160124719143,0.0010737832635641098,0.0058871544897556305,-0.0013373037800192833,0.006349703297019005,0.006789091974496841,0.005169629119336605,0.005134103819727898,0.003269512439146638,0.00025591382291167974,0.003643740445841104
2025-12-31,,,not_session,,,,,,,,,,,
2026-01-01,,,not_session,,,,,,,,,,,
2026-01-02,,,not_session,,,,,,,,,,,
2026-01-05,risk_on,0.017097126227719084,ok,-0.014104992151260376,-0.012582243420183659,-0.012619396671652794,-0.012833434157073498,-0.006828608922660351,-0.009028860367834568,-0.009554918855428696,-0.0078296959400177,-0.009800737723708153,-0.011492676101624966,-0.010667556431144476
2026-01-06,risk_on,-0.0103719599427754,ok,0.001393762999214232,0.004558598157018423,0.004051484167575836,0.005753419827669859,-0.0012265540426597,0.0038282228633761406,0.004409903194755316,-0.0012724981643259525,0.002166310790926218,0.0052278293296694756,0.002889047912321985
2026-01-07,risk_on,-0.016263100831225175,ok,-0.0005028153536841273,0.0024409571196883917,0.0018825317965820432,0.0001288261846639216,0.0065839276649057865,0.0019435640424489975,-0.002356832381337881,0.007426419295370579,0.0026667239144444466,0.0017419285140931606,0.0021955230797175316
2026-01-08,risk_on,0.05914768552534899,ok,-0.018767593428492546,-0.019846459850668907,-0.018875425681471825,-0.019123950973153114,-0.02251800149679184,-0.021496765315532684,-0.022454330697655678,-0.021995631977915764,-0.023131322115659714,-0.01899123005568981,-0.02072007115930319
2026-01-09,risk_on,0.00589663544918495,ok,-0.009565693326294422,-0.009460574015974998,-0.008984611369669437,-0.007918639108538628,-0.009111881256103516,-0.005363862030208111,-0.005556426476687193,-0.007234091870486736,-0.0072247241623699665,-0.008737949654459953,-0.007915845327079295
2026-01-12,,,not_session,,,,,,,,,,,
2026-01-13,risk_on,0.008620689655172376,ok,0.0009374888613820076,-0.002733656670898199,-0.0032716412097215652,-0.005619618576020002,0.0011188333155587316,-0.0027993698604404926,-0.0040280576795339584,0.002213516505435109,-0.0010825577192008495,-0.005169239826500416,-0.0020434302859939635
2026-01-14,risk_on,0.03076923076923066,ok,0.023806335404515266,0.021103888750076294,0.020924625918269157,0.023171640932559967,0.021104849874973297,0.02051878161728382,0.022185711190104485,0.018194688484072685,0.02054205909371376,0.01902182400226593,0.021057440526783468
2026-01-15,risk_on,-0.008955223880596996,ok,0.002430025488138199,0.0045434520579874516,0.0023314293939620256,0.001220484497025609,0.0022395565174520016,0.005469607189297676,0.005482255481183529,0.002503706607967615,0.004745362792164087,0.003373648738488555,0.003433952876366675
2026-01-16,risk_on,0.0053547523427042165,ok,-0.013250390067696571,-0.015194493345916271,-0.016327932476997375,-0.013921204023063183,-0.012261771596968174,-0.015096144750714302,-0.014751419425010681,-0.017608916386961937,-0.017512822523713112,-0.017078585922718048,-0.015300368051975965
2026-01-19,risk_on,-0.03728362183754996,ok,-0.008748999796807766,-0.0028337170369923115,-0.0051285154186189175,-0.0024708982091397047,-0.003215483855456114,-0.00343324919231236,-0.002236776053905487,0.002679527970030904,-0.0036113704554736614,-0.006140969693660736,-0.0035140451742336153
2026-01-20,risk_on,0.07434301521438447,ok,0.0032427655532956123,0.006019798573106527,0.0047271884977817535,0.005982660222798586,0.0037723956629633904,0.0011168409837409854,0.0017163283191621304,0.001442032866179943,0.005574048031121492,0.0038840535562485456,0.0037478112266398967
2026-01-21,risk_off,0.027035725780495623,ok,-0.0796077698469162,-0.03377345949411392,0.11275695264339447,0.12317100167274475,-0.098531074821949,0.24652445316314697,0.2254883497953415,-0.15553289651870728,0.1710105985403061,0.033830273896455765,0.05453364290297032
2026-01-22,risk_on,-0.03447195236602951,ok,-0.004135982599109411,-0.0019848542287945747,-0.005305123515427113,-0.0005147136398591101,-0.0003374771913513541,-0.006472279317677021,-0.007130366750061512,-0.0007989442092366517,-0.00015570619143545628,-0.001654026098549366,-0.002848947374150157
2026-01-23,risk_on,0.0019474196689386325,ok,0.0019802115857601166,0.005373144987970591,0.0024816514924168587,0.004762682598084211,0.0007761400192975998,0.004547995515167713,0.0034499401226639748,0.00014051294419914484,0.002916210563853383,0.005034732632339001,0.0031463222461752594
2026-01-26,risk_on,0.03660511823777135,ok,0.0025337194092571735,-0.0010782888857647777,0.002223007148131728,0.0009647519327700138,-0.003217021469026804,-0.0022467842791229486,-0.0014130257768556476,0.0031859474256634712,-0.0004410081310197711,0.0010691387578845024,0.00015804361319169403
2026-01-27,risk_on,0.0396875000000001,ok,-0.0024607107043266296,-0.005164841189980507,-0.003912133630365133,-0.00204074545763433,-0.005293706431984901,-0.002185472985729575,-0.0005422233371064067,-0.0033459130208939314,-0.006927657872438431,-0.00430604163557291,-0.0036179446266032755
2026-01-28,risk_on,-0.05290051097084458,ok,0.001957952044904232,-0.001886029145680368,0.0004890072159469128,-0.0032356828451156616,0.003420598804950714,-0.003655139124020934,0.000504158204421401,-0.0023314009886235,0.0013912543654441833,0.0019410628592595458,-0.00014042186085134746
2026-01-29,risk_on,-0.021897810218978075,ok,0.005808827467262745,0.0017611825605854392,0.004911831114441156,0.0002583962050266564,0.0020144754089415073,0.0023014401085674763,0.002993407193571329,-0.0005349284037947655,0.0005603615427389741,0.006335057318210602,0.002641005051555112
2026-01-30,risk_on,0.015898767034393302,ok,-0.010052569210529327,-0.003080104710534215,-0.005874361842870712,-0.008546251803636551,-0.007572516333311796,-0.006255503743886948,-0.005812283605337143,-0.005545970052480698,-0.00647622998803854,-0.007293763104826212,-0.0066509554395452145
2026-02-02,risk_off,-0.011497923985946956,ok,0.373665452003479,-0.05460498854517937,0.06249823793768883,0.05691131576895714,-0.12494774162769318,-0.1313493400812149,-0.005384335294365883,0.11652127653360367,-0.02868826687335968,-0.03168895095586777,0.023293265886604787
2026-02-03,risk_on,-0.011954765751211682,ok,0.00831299927085638,0.009639826603233814,0.01086812186986208,0.012136824429035187,0.007592753507196903,0.010178438387811184,0.01165999099612236,0.011636747978627682,0.01153186708688736,0.012962359935045242,0.01065199300646782
2026-02-04,risk_off,-0.0065402223675604665,ok,-0.09863754361867905,-0.1732957363128662,0.11082709580659866,-0.03288207948207855,0.11568505316972733,0.011557577177882195,0.15524108707904816,-0.007750019431114197,0.13086533546447754,0.40635159611701965,0.06179623659700155
2026-02-05,risk_off,0.09545753785385114,ok,-0.19271531701087952,-0.246719628572464,0.05721994861960411,-0.024254877120256424,0.3086787164211273,-0.16252627968788147,0.08008889853954315,0.22247041761875153,0.26945823431015015,0.054078035056591034,0.03657781481742859
2026-02-06,risk_off,-0.0078125,ok,-0.0735853835940361,-0.22281774878501892,0.377519428730011,-0.07220343500375748,0.06033262237906456,0.061792030930519104,0.005867534317076206,0.3433303236961365,0.2576773464679718,0.03127465397119522,0.07691873731091618
2026-02-09,risk_off,0.017565112053301135,ok,0.21229331195354462,0.3920147716999054,0.24185438454151154,-0.08350475877523422,-0.12171230465173721,-0.13866177201271057,0.10251122713088989,0.33801475167274475,-0.14271336793899536,-0.10873398184776306,0.06913622617721557
2026-02-10,risk_off,-0.020535714285714324,ok,0.48945242166519165,0.1254136711359024,0.14016184210777283,-0.01725967973470688,-0.045930780470371246,0.005329737439751625,-0.09754916280508041,0.05414342135190964,0.1985895186662674,0.3808933198451996,0.12332443092018366
2026-02-11,,,not_session,,,,,,,,,,,
2026-02-12,risk_off,0.010027347310847867,ok,-0.0057841334491968155,-0.0840696394443512,0.21286194026470184,-0.0823139175772667,0.023913869634270668,0.40142062306404114,0.01987900584936142,0.3294130563735962,-0.13429516553878784,0.11908270418643951,0.08001083433628083
2026-02-13,risk_off,-0.017749699157641352,ok,0.19463993608951569,-0.16642457246780396,0.22191546857357025,-0.013911239802837372,0.1420259028673172,0.242876797914505,-0.02138575352728367,0.050180502235889435,0.19306720793247223,0.16271936893463135,0.10057036187499761
2026-02-16,risk_off,0.010719754977029039,ok,-0.09214941412210464,-0.09882079064846039,0.12837518751621246,-0.03208814561367035,0.07802179455757141,0.09854583442211151,0.20029513537883759,0.1811629980802536,-0.15575475990772247,-0.14230500161647797,0.016528283804655076
2026-02-17,risk_off,0.01848484848484855,ok,0.11703230440616608,-0.051768913865089417,0.0314621664583683,0.2704681158065796,-0.2633768618106842,0.1343134194612503,0.08303163945674896,0.0003212587907910347,0.2529085874557495,0.08454803377389908,0.06589397499337793
2026-02-18,risk_off,-0.016066646831300213,ok,0.06507620215415955,-0.02006949856877327,-0.24117708206176758,0.37969911098480225,-0.006468179635703564,-0.13383471965789795,-0.106720931828022,-0.02084103785455227,0.09144321084022522,-0.152134507894516,-0.014502743352204561
2026-02-19,risk_off,0.008164499546416737,ok,-0.008967805653810501,0.0558798722922802,0.08176419138908386,-0.03602954372763634,-0.07524263858795166,0.20231784880161285,0.05412669852375984,0.25501635670661926,0.12636719644069672,-0.1743696630001068,0.048086251318454745
2026-02-20,risk_off,0.034493101379724056,ok,0.13222883641719818,0.13523773849010468,0.15118791162967682,-0.0600847452878952,0.00473429448902607,0.8063853979110718,0.023573067039251328,0.111216701567173,0.06682713329792023,-0.3112226128578186,0.10600837226957083
2026-02-23,,,not_session,,,,,,,,,,,
2026-02-24,risk_off,0.03624238909828925,ok,0.03307991474866867,-0.008143405430018902,-0.08780158311128616,0.2564302384853363,-0.2801878750324249,0.0014004390686750412,-0.08903335779905319,-0.15422369539737701,0.003618041053414345,-0.09861236065626144,-0.042347364407032725
2026-02-25,risk_off,-0.040290990486849476,ok,0.3747614026069641,-0.16509748995304108,0.06926486641168594,-0.1070149764418602,-0.06769683957099915,-0.2049369215965271,0.22977429628372192,0.14936710894107819,-0.06259338557720184,0.06463944166898727,0.028046750277280808
2026-02-26,risk_off,-0.017492711370262426,ok,0.07537850737571716,0.09793933480978012,-0.11023160815238953,0.1998184770345688,0.1219402477145195,0.43401917815208435,0.14782170951366425,0.04251270741224289,-0.0496365949511528,-0.16070035099983215,0.07988616079092026
2026-02-27,risk_off,0.013649851632047572,ok,0.3735710680484772,-0.052178800106048584,-0.08292708545923233,0.2136862874031067,0.15718571841716766,0.16153642535209656,0.162358358502388,0.2611202001571655,0.26502105593681335,0.02088944986462593,0.148026267811656
2026-03-02,risk_off,-0.06001170960187352,ok,0.03408588469028473,-0.18146874010562897,-0.11128073930740356,0.5003061294555664,-0.07583446055650711,-0.06909042596817017,-0.014786751940846443,0.004598135128617287,-0.21232503652572632,-0.03347153961658478,-0.01592675447463989
2026-03-03,risk_off,0.02211149174711924,ok,0.011809125542640686,-0.2825256586074829,0.03373124450445175,0.023015212267637253,-0.07016897201538086,-0.04797395318746567,0.012707643210887909,0.33481740951538086,0.194467693567276,-0.10942088067531586,0.010045886412262917
2026-03-04,risk_off,-0.031078610603290646,ok,-0.17960941791534424,0.20224206149578094,-0.05707649886608124,-0.016607584431767464,-0.09027539193630219,-0.038595810532569885,0.04490576684474945,0.13684754073619843,0.006530520506203175,-0.044579729437828064,-0.003621854353696108
2026-03-05,risk_off,-0.04968553459119496,ok,0.2480015754699707,-0.08427438139915466,-0.17188450694084167,-0.02303345315158367,-0.08956173062324524,0.18575364351272583,0.46384671330451965,-0.11540618538856506,0.08656185120344162,-0.054301515221595764,0.04457020107656717
2026-03-06,risk_off,0.06055592322964931,ok,0.11592243611812592,0.11447377502918243,0.18435260653495789,-0.013614403083920479,0.3219091594219208,0.20822294056415558,-0.2506532669067383,-0.035964008420705795,0.04551119729876518,0.12238117307424545,0.08125416096299887
2026-03-09,risk_off,0.01372854914196564,ok,0.23162449896335602,0.1922859102487564,-0.011703518219292164,0.17267321050167084,0.13537092506885529,-0.08254093676805496,-0.1869710385799408,0.18548355996608734,-0.0072664376348257065,0.028631558641791344,0.06575877321884036
2026-03-10,risk_off,-0.011080332409972304,ok,0.037418168038129807,-0.0010843900963664055,0.018695030361413956,0.0779692605137825,0.002598867518827319,-0.06609116494655609,-0.073335662484169,0.134945347905159,0.03650391846895218,-0.05071959272027016,0.011689978255890309
2026-03-11,risk_off,-0.031434796140678456,ok,-0.09237989783287048,0.18481042981147766,-0.044303856790065765,0.07610572129487991,0.13837726414203644,-0.08623093366622925,0.0874539315700531,-0.01034918799996376,-0.2587144672870636,0.36734193563461304,0.03621109388768673
2026-03-12,risk_off,0.009640102827763508,ok,-0.14410510659217834,0.09733274579048157,-0.173231840133667,0.27570047974586487,-0.15256625413894653,0.1496991068124771,0.19535599648952484,0.019184235483407974,-0.1114734634757042,0.1858382374048233,0.03417341373860836
2026-03-13,risk_off,0.03309993634627628,ok,0.18462833762168884,-0.25784173607826233,-0.07418619841337204,-0.12347405403852463,-0.2124267816543579,-0.002404713537544012,-0.05809822678565979,0.20359231531620026,0.014230064116418362,0.11035937070846558,-0.021562162274494766
2026-03-16,risk_off,-0.021256931608133134,ok,0.03979909420013428,0.022584423422813416,-0.16695961356163025,0.2407701313495636,-0.19569699466228485,0.0023823732044547796,-0.02754269540309906,0.3255903422832489,0.13701163232326508,-0.13983076810836792,0.023810792504809795
2026-03-17,risk_off,-0.018885741265344702,ok,-0.013351928442716599,0.042965058237314224,0.13279671967029572,-0.05222199112176895,0.0684860497713089,-0.003004915313795209,0.015877071768045425,0.12495701014995575,0.34117209911346436,0.030034806579351425,0.0687709980411455
2026-03-18,risk_off,-0.043631697144690396,ok,-0.1541193723678589,-0.03052980825304985,0.36519137024879456,0.15440398454666138,0.08132319897413254,-0.13724973797798157,0.0528312511742115,-0.06066857650876045,-0.1066998615860939,-0.12107917666435242,0.0043403271585702894
2026-03-19,risk_off,0.03857765850385775,ok,-0.16620247066020966,-0.1108107790350914,0.053208477795124054,0.09545659273862839,-0.02921179309487343,-0.17193983495235443,0.013329584151506424,0.17193347215652466,0.1694820076227188,-0.11677486449480057,-0.009152960777282716
2026-03-20,,,not_session,,,,,,,,,,,
2026-03-23,risk_off,0.007751937984496138,ok,0.18699538707733154,0.07168614864349365,0.3405625522136688,0.040935710072517395,-0.06244738772511482,-0.08407292515039444,0.2180538773536682,-0.019757919013500214,-0.2650964856147766,0.15318289399147034,0.05800418518483639
2026-03-24,risk_off,0.01057692307692304,ok,0.17791135609149933,0.3663148581981659,0.06980426609516144,0.003532642498612404,0.19210030138492584,-0.002049746224656701,-0.04561728611588478,-0.08050768077373505,-0.008100991137325764,-0.059338219463825226,0.06140495005529374
2026-03-25,risk_off,-0.027592768791626976,ok,0.19776123762130737,-0.3115524351596832,-0.08774998784065247,0.09080085903406143,0.1390753835439682,0.242387056350708,0.15122497081756592,0.3551905155181885,-0.1515747457742691,0.15247610211372375,0.07780389562249183
2026-03-26,risk_off,-0.04761904761904767,ok,-0.27511245012283325,-0.06213604286313057,0.03349321335554123,0.06995415687561035,-0.34331855177879333,0.19907520711421967,0.07901480793952942,0.251605749130249,0.04433456063270569,0.134647935628891,0.01315585859119892
2026-03-27,risk_off,-0.006506849315068508,ok,-0.24816955626010895,-0.3020440340042114,0.12944641709327698,0.029818402603268623,-0.08826921135187149,-0.13403567671775818,-0.13495831191539764,-0.1048126220703125,-0.13050054013729095,-0.023411978036165237,-0.10069371107965708
2026-03-30,risk_off,0.06135815236125475,ok,-0.11123199015855789,-0.08366571366786957,-0.17205743491649628,-0.048092957586050034,0.12413708865642548,-0.19564470648765564,-0.07482574135065079,0.06852759420871735,0.09267949312925339,0.03461365029215813,-0.03655607178807259
2026-03-31,risk_off,0.018837284832737833,ok,-0.09755377471446991,0.18521079421043396,0.07350780069828033,-0.10605871677398682,0.012758471071720123,0.13369770348072052,-0.055539753288030624,0.10773783922195435,-0.013386551290750504,-0.2764356732368469,-0.0036061860620975493
2026-04-01,risk_off,-0.021357985336308616,ok,0.241594135761261,0.021212521940469742,0.018179135397076607,0.022652901709079742,0.10698063671588898,-0.1939357966184616,0.07635638117790222,0.07475413382053375,0.019757427275180817,0.06559169292449951,0.04531431701034307
2026-04-02,risk_off,0.0013029315960912946,ok,-0.08927061408758163,0.025855891406536102,-0.051676664501428604,0.0955146998167038,0.07386958599090576,-0.06468422710895538,0.04704926162958145,0.06006087362766266,-0.09515968710184097,0.10350343585014343,0.01050625555217266
2026-04-03,risk_off,0.014964216005205033,ok,-0.04079694673418999,-0.15234315395355225,-0.04857274517416954,0.022981511428952217,-0.24357165396213531,0.030424093827605247,-0.2577071487903595,0.00985813234001398,-0.058128803968429565,-0.08098678290843964,-0.08188434978947043
2026-04-06,risk_off,0.05128205128205132,ok,-0.03681115806102753,-0.17774195969104767,-0.30577123165130615,0.2108103334903717,-0.05144676938652992,-0.021070607006549835,-0.04194847121834755,-0.12389049679040909,-0.15040276944637299,-0.07970070093870163,-0.07779738306999207
2026-04-07,risk_off,0.02103658536585362,ok,-0.000619121827185154,0.037809718400239944,-0.19983993470668793,0.16266372799873352,0.03117874264717102,-0.13604645431041718,0.10170360654592514,-0.006089780014008284,0.03931054845452309,-0.07880930602550507,-0.004873825283721089
2026-04-08,risk_off,0.006270528515974982,ok,-0.04258357733488083,-0.2251124083995819,0.02559422329068184,-0.17900139093399048,0.2448282539844513,0.29777708649635315,-0.17950421571731567,0.014033427461981773,-0.1673635095357895,0.02971280738711357,-0.018161930330097675
2026-04-09,risk_off,0.018694362017804167,ok,-0.138637974858284,-0.05739245191216469,0.10519082844257355,0.07266347110271454,-0.24453717470169067,0.011744672432541847,-0.214462012052536,-0.21818922460079193,0.07374496757984161,0.02863026037812233,-0.05812446381896734
2026-04-10,risk_off,0.03495484998543552,ok,-0.2862774431705475,-0.06373477727174759,0.18479782342910767,0.151084765791893,-0.24320849776268005,-0.081462562084198,-0.14807353913784027,0.05325266346335411,-0.0640592873096466,-0.15719956159591675,-0.0654880415648222
2026-04-13,risk_off,0.039684773430903375,ok,-0.08598364144563675,-0.043630264699459076,-0.10182061046361923,0.14988689124584198,-0.0844222754240036,-0.11582501977682114,0.1362481415271759,0.2225038856267929,-0.11396219581365585,0.06233534961938858,0.0025330260396003723
2026-04-14,risk_off,-0.022739577693557167,ok,-0.31840917468070984,0.1918526589870453,-0.1658904105424881,-0.08991512656211853,-0.030251629650592804,0.25053808093070984,0.18064914643764496,0.061937831342220306,-0.015939217060804367,0.013185279443860054,0.007775743864476681
2026-04-15,risk_on,0.007756232686980669,ok,-0.004235199186950922,-0.0044172294437885284,-0.0002872715122066438,0.0013683643192052841,0.0013292372459545732,-0.0005850502057000995,-0.006776430178433657,0.0037265715654939413,0.0009256293997168541,-0.005606557242572308,-0.0014557935239281506
2026-04-16,risk_off,-0.01676745464540952,ok,-0.026840701699256897,0.05046354979276657,-0.016069162636995316,0.14417394995689392,-0.2078564614057541,-0.08198510855436325,-0.24553364515304565,-0.07356343418359756,-0.07037115842103958,0.1584201604127884,-0.03691620118916035
2026-04-17,risk_off,0.010902991333519685,ok,0.06358963996171951,-0.213468998670578,0.17856496572494507,0.04887529835104942,-0.04690517112612724,-0.05015027895569801,-0.14276708662509918,-0.26793915033340454,0.1796911507844925,0.05765194445848465,-0.019285768643021582
2026-04-20,risk_on,0.014380530973451267,ok,0.016393696889281273,0.01826237514615059,0.01683223247528076,0.021789513528347015,0.011532741598784924,0.015505458228290081,0.017752882093191147,0.015032224357128143,0.0121847465634346,0.017201276496052742,0.01624871473759413
2026-04-21,risk_off,0.013086150490730697,ok,0.06581567227840424,0.11602199822664261,-0.07233321666717529,0.0012220833450555801,-0.1963200569152832,-0.0873914286494255,0.25675004720687866,0.0013110009022057056,0.2820355296134949,0.22076863050460815,0.05878802598454058
2026-04-22,risk_off,-0.0121097954790097,ok,0.07202217727899551,-0.12116771936416626,0.03677235543727875,-0.0757351666688919,-0.004771467298269272,0.32499027252197266,-0.10576551407575607,-0.055418260395526886,-0.0172345619648695,0.046179261058568954,0.009987137652933598
2026-04-23,risk_off,0.02696812857532005,ok,0.17142890393733978,-0.14218030869960785,0.0830976814031601,-0.08860188722610474,-0.1298430860042572,-0.2677520215511322,-0.20704425871372223,-0.1383449286222458,-0.0694338008761406,0.14049486815929413,-0.06481788381934166
2026-04-24,risk_off,-0.0071618037135278145,ok,-0.03718424215912819,-0.1278393566608429,0.22496294975280762,-0.0412905216217041,0.01741177774965763,-0.18547667562961578,0.026815371587872505,0.07800532132387161,0.14011041820049286,0.016579754650592804,0.011209479719400405
2026-04-27,risk_off,-0.016831418648143193,ok,-0.12621203064918518,-0.14107777178287506,0.1459931880235672,-0.142313614487648,0.140189066529274,-0.14903691411018372,0.01699971966445446,0.014073243364691734,0.06717918813228607,-0.00586211821064353,-0.018006804352626204
2026-04-28,risk_off,0.0013586956521738358,ok,-0.06752383708953857,-0.06531500816345215,-0.026973217725753784,0.04658351093530655,-0.11047808825969696,-0.242216557264328,0.2928772568702698,-0.06381604820489883,0.41673725843429565,-0.08332234621047974,0.009655292332172393
2026-04-29,,,not_session,,,,,,,,,,,
2026-04-30,risk_off,0.06757123473541382,ok,-0.08243648707866669,-0.19261132180690765,-0.21417668461799622,0.2557823657989502,-0.03615126758813858,-0.11382772028446198,-0.04436533898115158,0.06643825024366379,-0.04338884353637695,-0.26040175557136536,-0.0665138803422451
2026-05-01,risk_on,-0.005846466700559216,ok,0.007434539031237364,0.004903954453766346,0.001010196516290307,0.00581833440810442,0.007750759366899729,0.002519710687920451,0.0009760715765878558,0.007590887136757374,0.007717522792518139,0.004340751562267542,0.005006272753234953
2026-05-04,,,not_session,,,,,,,,,,,
2026-05-05,,,not_session,,,,,,,,,,,
2026-05-06,,,not_session,,,,,,,,,,,
2026-05-07,risk_off,0.044234211199181805,ok,-0.18926911056041718,0.2204122692346573,-0.2816809415817261,0.04331565648317337,-0.10536421090364456,0.045663826167583466,0.013436395674943924,0.05935531109571457,0.007084348239004612,0.03710927441716194,-0.014993718173354865
2026-05-08,risk_off,-0.003428011753183191,ok,0.15613286197185516,-0.03172856569290161,-0.29387232661247253,-0.07712990045547485,0.07654903084039688,0.3177680969238281,0.19465568661689758,0.25670546293258667,0.20672428607940674,0.09473247826099396,0.09005371108651161
2026-05-11,risk_off,-0.03980343980343981,ok,-0.007745692506432533,-0.17299138009548187,-0.23944635689258575,0.006599443033337593,0.11407236754894257,0.3291049897670746,0.02281121350824833,-0.030241236090660095,0.07190384715795517,0.12453746050596237,0.021860465593636035
2026-05-12,risk_off,0.04938587512794279,ok,-0.18549805879592896,0.19354139268398285,-0.2484980821609497,0.07736966013908386,-0.23663775622844696,0.2939228117465973,0.09334635734558105,0.17091907560825348,-0.0921257957816124,-0.22765880823135376,-0.016131920367479326
2026-05-13,risk_off,0.000731528895391298,ok,0.10540203005075455,0.2383878231048584,-0.1753668487071991,-0.014759019017219543,0.1692085713148117,0.3117329478263855,0.10443022102117538,0.04686708003282547,0.08411821722984314,0.5332037806510925,0.1403224803507328
2026-05-14,risk_off,-0.06164717348927873,ok,0.03250463679432869,-0.03989782929420471,-0.3904854953289032,0.12174857407808304,-0.03584415465593338,0.20859448611736298,-0.0035300198942422867,-0.024740688502788544,-0.06685230135917664,-0.006692840717732906,-0.020519563276320697
2026-05-15,risk_off,-0.014801350298623728,ok,0.20875605940818787,0.2960852384567261,0.03113430365920067,0.1370214819908142,0.15902090072631836,0.02294003963470459,-0.2940180003643036,0.06309296190738678,-0.20067891478538513,-0.009457762353122234,0.04138963082805276
2026-05-18,risk_off,-0.041117554032683135,ok,0.136266827583313,0.12606164813041687,-0.447890043258667,0.24892625212669373,0.19155655801296234,0.07364542782306671,-0.17265649139881134,-0.1462247520685196,-0.33519622683525085,-0.032695796340703964,-0.03582065962255001
2026-05-19,risk_off,0.022539857064321156,ok,0.2734793722629547,-0.04707350209355354,-0.2501906156539917,-0.03138656169176102,0.19878335297107697,-0.1058831661939621,0.056943103671073914,0.2079673856496811,0.12852460145950317,-0.3262009620666504,0.01049630083143711
2026-05-20,risk_off,0.03924731182795704,ok,0.12444411963224411,-0.1893688291311264,-0.05565928667783737,0.3990161120891571,0.1497783660888672,-0.18056707084178925,0.1628585308790207,-0.2814921438694,-0.15373793244361877,-0.011652332730591297,-0.0036380467005074023
2026-05-21,risk_off,0.04345576823590269,ok,0.019108962267637253,-0.08593182265758514,-0.35546863079071045,0.2535559833049774,0.025495165959000587,0.0943208858370781,0.06410307437181473,0.08216628432273865,0.16971105337142944,0.17476297914981842,0.0441823935136199
2026-05-22,risk_off,0.03544868616757557,ok,0.07204822450876236,-0.37610089778900146,-0.007177854888141155,-0.07324514538049698,0.15715740621089935,0.056621208786964417,-0.16125606000423431,0.03409089520573616,0.3262203633785248,0.04949471354484558,0.007785285357385874
2026-05-25,risk_off,0.002872875269332109,ok,0.08156351745128632,-0.20211836695671082,0.10251708328723907,0.2576373815536499,-0.08970434963703156,-0.41353127360343933,-0.017126362770795822,0.005195565987378359,-0.28671956062316895,-0.2213871330022812,-0.0783673498313874
2026-05-26,risk_off,-0.03962759608498445,ok,-0.11046700924634933,-0.26654401421546936,-0.011109057813882828,0.15258345007896423,-0.1757940649986267,-0.14572277665138245,-0.15334542095661163,0.17100809514522552,0.13469982147216797,0.0058483341708779335,-0.03988426430150867
2026-05-27,risk_off,0.036539895600298244,ok,0.12463732808828354,-0.06991095840930939,-0.03477711230516434,0.15971116721630096,0.05750727653503418,0.12556138634681702,-0.019793838262557983,-0.0653667151927948,0.18699894845485687,0.24940305948257446,0.07139705419540406
2026-05-28,risk_off,0.0057553956834532904,ok,-0.029867127537727356,0.16673961281776428,-0.0677352026104927,0.02959849312901497,0.12601977586746216,0.14819879829883575,0.1403844952583313,-0.06543489545583725,0.13464903831481934,0.10090263187885284,0.06834556199610234
2026-05-29,risk_off,-0.030758226037196024,ok,0.17888952791690826,0.021446507424116135,0.10880883783102036,0.0296967513859272,0.12127873301506042,0.08424106240272522,-0.10092797875404358,0.30702534317970276,0.18564559519290924,0.10403774678707123,0.10401421263813973
2026-06-01,risk_off,0.04674046740467408,ok,0.13819527626037598,-0.061885252594947815,-0.23809385299682617,-0.251231849193573,-0.03876034915447235,-0.11619290709495544,-0.045878343284130096,-0.00335531122982502,0.0018590898253023624,-0.038959600031375885,-0.06543030994944274
2026-06-02,risk_off,0.0230317273795535,ok,0.22565346956253052,0.006761627737432718,-0.2217416763305664,0.08148941397666931,0.25946351885795593,-0.06242196261882782,-0.11096075177192688,-0.1878422498703003,0.1504080444574356,0.1267894059419632,0.026759883994236587
2026-06-03,risk_off,0.006202618883528688,ok,-0.07913277298212051,-0.04973503574728966,-0.1078844666481018,-0.15450218319892883,0.23010319471359253,0.20044159889221191,-0.09844880551099777,0.005907523445785046,0.1472017616033554,0.1049293801188469,0.01988801946863532
2026-06-04,risk_off,-0.10319634703196345,ok,-0.0030767431017011404,0.02865963615477085,0.05089038982987404,0.07120554894208908,0.015902690589427948,0.05693240463733673,-0.09309523552656174,0.07555247098207474,0.17464680969715118,-0.13439351320266724,0.024322445900179446
2026-06-05,risk_off,0.04200610997963339,ok,-0.13730944693088531,0.082694873213768,0.06677646934986115,0.20991811156272888,-0.10742845386266708,0.15779802203178406,-0.10271171480417252,-0.04891671985387802,-0.04692128673195839,0.07240131497383118,0.014630116894841194
2026-06-08,risk_off,-0.00513071096994866,ok,-0.2235192507505417,-0.01393158920109272,0.15760201215744019,-0.05076749622821808,-0.014840894378721714,0.07762753963470459,-0.1219957247376442,-0.23320268094539642,0.07250853627920151,-0.038225628435611725,-0.038874517660588026
2026-06-09,risk_off,-0.03831041257367385,ok,-0.06171641871333122,-0.0874624103307724,-0.11742427945137024,-0.09514455497264862,0.14571645855903625,-0.04121125116944313,-0.2997224032878876,0.12545400857925415,0.12420034408569336,-0.1614476442337036,-0.046875815093517306
2026-06-10,risk_off,0.10469867211440254,ok,-0.27637970447540283,-0.02459290251135826,0.08513917773962021,-0.09477661550045013,0.20827612280845642,0.24446408450603485,0.03636113554239273,0.0481623038649559,-0.043072834610939026,0.1760229766368866,0.035960374400019646
2026-06-11,risk_off,0.0598705501618122,ok,-0.208034485578537,0.003821691032499075,-0.05678918585181236,-0.04895992949604988,-0.0897543728351593,-0.055715203285217285,0.01983659714460373,-0.38015779852867126,0.12195689976215363,0.2590724527835846,-0.043472333485260604
2026-06-12,risk_off,0.025517993456924737,ok,0.12569381296634674,-0.18316145241260529,0.09763456881046295,0.1506519317626953,-0.013579160906374454,-0.19468556344509125,-0.013618001714348793,-0.06666532158851624,0.01919737458229065,-0.041005611419677734,-0.01195374233648181
2026-06-15,risk_off,-0.036580178647384054,ok,-0.046395450830459595,0.09174817055463791,-0.06558571755886078,0.031112581491470337,0.13518384099006653,-0.17690162360668182,0.17952150106430054,0.012605110183358192,-0.012911392375826836,-0.055281996726989746,0.009309502318501472
2026-06-16,risk_off,0.0587196467991169,ok,-0.25092849135398865,0.14458902180194855,0.017535045742988586,0.009437854401767254,0.0077904630452394485,-0.025907905772328377,-0.11577752232551575,0.161514550447464,0.2757931053638458,0.12709958851337433,0.03511457098647952
2026-06-17,risk_off,0.06088407005838192,ok,0.07641224563121796,-0.32043543457984924,-0.08029152452945709,-0.05494368076324463,0.11916027218103409,0.033956173807382584,-0.18019235134124756,0.04336537420749664,0.14108076691627502,0.09230945259332657,-0.012957870587706566
2026-06-18,risk_off,-0.022209119496855334,ok,0.10071168094873428,-0.17915242910385132,0.21410593390464783,-0.3636396527290344,0.18557651340961456,-0.029933881014585495,-0.004749849904328585,0.1548629105091095,-0.11711917817592621,-0.12377936393022537,-0.016311731608584523
2026-06-19,risk_off,0.0410050251256282,ok,0.180406853556633,0.09373882412910461,0.015153218060731888,0.23024165630340576,-0.12626086175441742,-0.06702210009098053,0.11258470267057419,-0.00848560594022274,0.1641450971364975,0.10261497646570206,0.06971167605370283
2026-06-22,risk_off,-0.07800733732380771,ok,0.13788723945617676,0.028490589931607246,-0.17756928503513336,0.17930714786052704,0.09392056614160538,-0.041721411049366,0.05993442237377167,0.14354994893074036,0.13062185049057007,0.2632632553577423,0.08176843244582414
2026-06-23,risk_off,0.043979057591623016,ok,-0.059792157262563705,0.03291705250740051,0.05621064826846123,-0.05355553328990936,0.2157701849937439,0.10816282033920288,0.018008196726441383,0.27473968267440796,0.007658603601157665,0.21206507086753845,0.08121845694258809
2026-06-24,risk_off,-0.012036108324974926,ok,-0.062198933213949203,0.21700263023376465,-0.1937132477760315,-0.15533773601055145,0.2789563238620758,0.13135552406311035,-0.20192943513393402,0.16218562424182892,-0.06478867679834366,-0.2000666707754135,-0.008853459730744362
2026-06-25,risk_off,-0.017664974619289286,ok,0.06719880551099777,0.06442651897668839,0.1488162726163864,0.038062602281570435,0.05937947705388069,0.018043870106339455,0.11366041004657745,0.13939864933490753,0.02709091641008854,0.12774142622947693,0.08038189485669137
2026-06-26,risk_off,0.01736254650682101,ok,0.06320419907569885,0.13140751421451569,-0.07102449238300323,0.12667158246040344,0.10224957764148712,-0.08580426126718521,0.15177448093891144,0.01847950927913189,0.07326451689004898,0.09099975973367691,0.06012223865836859
2026-06-29,risk_off,0.049167005282405585,ok,-0.32139188051223755,0.1514635682106018,0.061026085168123245,-0.015685033053159714,-0.0774887427687645,0.05619324743747711,-0.32194381952285767,0.02743656001985073,-0.23246169090270996,0.058943331241607666,-0.06139083746820688
2026-06-30,risk_off,-0.05964368706429124,ok,0.20371493697166443,0.15830989181995392,0.07197438925504684,-0.0394386425614357,0.0780988410115242,0.04683399945497513,-0.3143847584724426,0.07459185272455215,0.08399151265621185,0.01839255541563034,0.03820845782756806
2026-07-01,risk_off,-0.01915156507413507,ok,0.026500888168811798,-0.03901912271976471,-0.1281091570854187,-0.07057694345712662,-0.12790900468826294,-0.09466108679771423,0.0599585622549057,-0.16007864475250244,0.07228758186101913,-0.13300150632858276,-0.059460843354463576
2026-07-02,,,no_future,,,,,,,,,,,
