Date,regime,realized_open_to_open,status,pred_seed0,pred_seed1,pred_seed2,pred_seed3,pred_seed4,pred_seed5,pred_seed6,pred_seed7,pred_seed8,pred_seed9,pred_seed_mean
2024-06-20,risk_on,-0.005230125523012608,ok,-0.033342763781547546,0.019816804677248,0.012833388522267342,-0.002714582486078143,-0.03196654096245766,0.03582864627242088,-0.011243421584367752,0.010696513578295708,0.017247142270207405,-0.027350617572665215,-0.0010195431066676974
2024-06-21,risk_on,-0.003154574132492094,ok,0.03775889426469803,0.030866459012031555,0.005213750991970301,-0.020559033378958702,-0.008164815604686737,0.0018438637489452958,0.021998479962348938,-0.018612854182720184,0.025590259581804276,0.04576563462615013,0.01217006390215829
2024-06-24,risk_on,0.016877637130801704,ok,-0.028045732527971268,0.004284040071070194,-0.021267665550112724,-0.0355735681951046,0.01355615071952343,0.0017803028458729386,-0.024630505591630936,-0.035348717123270035,-0.02070729248225689,0.017109762877225876,-0.012884322495665401
2024-06-25,risk_on,0.003112033195020736,ok,0.04150969535112381,0.015312829986214638,-0.008632179349660873,0.03225136920809746,-0.012793373316526413,0.0011109409388154745,0.02140415646135807,0.031925447285175323,-0.02642720378935337,0.01811918243765831,0.011378086521290243
2024-06-26,risk_on,-0.004136504653567741,ok,-0.01661275140941143,-0.0051038614474236965,-0.02648094855248928,-0.03977347910404205,0.012125017121434212,0.006000548135489225,0.006724640727043152,0.009413325227797031,-0.0011139160487800837,-0.006496198941022158,-0.0061317624291405085
2024-06-27,risk_on,0.008307372793354029,ok,0.0019928314723074436,0.013222618028521538,-0.018212011083960533,-0.010488132946193218,-0.00868900865316391,0.031209854409098625,-0.0029611443169414997,-0.0036209016107022762,-0.014546620659530163,0.012551238760352135,4.587233997881413e-05
2024-06-28,risk_on,-0.012358393408856805,ok,0.003724107053130865,0.018303340300917625,0.012037303298711777,0.010054729878902435,-0.010481147095561028,0.004346158821135759,0.022431133314967155,-0.005955493543297052,-0.009010170586407185,0.03475893661379814,0.008020889805629849
2024-07-01,risk_on,0.010427528675703845,ok,0.027507517486810684,0.003769948612898588,0.02452838607132435,0.03243502229452133,-0.035343751311302185,0.00883137434720993,0.0022644735872745514,-0.012388540431857109,-0.010601870715618134,-0.004239292815327644,0.0036763267125934362
2024-07-02,risk_on,0.031991744066047545,ok,0.019157303497195244,-0.011345429345965385,0.020405421033501625,0.025754988193511963,0.04612927883863449,0.031683821231126785,0.07132581621408463,0.03577331081032753,0.048723310232162476,0.008688243106007576,0.029629606381058694
2024-07-03,risk_on,0.006000000000000005,ok,0.016619384288787842,-0.016136836260557175,-0.018902434036135674,-0.032367561012506485,0.014061331748962402,-0.018401378765702248,0.003109186887741089,-0.003786827903240919,-0.01551030483096838,-0.011863349005579948,-0.008317878888919949
2024-07-04,risk_on,-0.001988071570576566,ok,-0.020142298191785812,0.0025570117868483067,0.008174128830432892,0.007618460804224014,-0.023611299693584442,0.01848428137600422,-0.035439830273389816,-0.020492684096097946,0.010250307619571686,-0.010547136887907982,-0.006314905872568488
2024-07-05,risk_on,0.01195219123505975,ok,0.018519263714551926,0.010876896791160107,-0.006793252658098936,-0.012758733704686165,0.015297992154955864,-0.004894628189504147,0.02809075638651848,-0.019794341176748276,-0.011282757855951786,-0.001547571737319231,0.0015713623724877834
2024-07-08,risk_on,0.003937007874015741,ok,-0.009501861408352852,-0.01861437037587166,-0.02378995344042778,-0.004219836555421352,0.030743073672056198,0.02813253551721573,-0.010665668174624443,0.006214364431798458,-0.000502048060297966,-0.01076803170144558,-0.0012971796095371246
2024-07-09,risk_on,0.0235294117647058,ok,0.023480616509914398,-0.017771264538168907,-0.032509900629520416,-0.001236999174579978,0.007886341772973537,-0.01626594550907612,-0.010684693232178688,-0.0018324549309909344,-0.04384196177124977,-0.0007077106274664402,-0.009348397213034331
2024-07-10,risk_on,-0.036398467432950166,ok,-0.031031250953674316,-0.008690522983670235,-0.015410738065838814,0.014360325410962105,0.00648546451702714,0.012579060159623623,-0.015454258769750595,0.035846661776304245,0.028662336990237236,-0.012464022263884544,0.0014883055817335844
2024-07-11,risk_on,-0.005964214711729587,ok,0.04834118112921715,0.016336265951395035,0.0016857786104083061,-0.010885173454880714,-0.009638212621212006,0.003114822320640087,0.009135115891695023,-0.011004772037267685,0.017915988340973854,0.014488628134131432,0.007948962226510047
2024-07-12,risk_on,0.0040000000000000036,ok,-0.029161158949136734,0.031443893909454346,0.027365025132894516,0.03543899953365326,-0.030254721641540527,0.0009940938325598836,0.01622372679412365,-0.004538773093372583,0.014276298694312572,0.0006464924663305283,0.006243387667927891
2024-07-15,,,not_session,,,,,,,,,,,
2024-07-16,risk_on,-0.10159362549800799,ok,0.005161365959793329,0.0065699610859155655,0.016263214871287346,0.05620398372411728,-0.005718516185879707,0.007367088459432125,-0.0007152094040066004,0.05762515589594841,0.01040627807378769,0.003792191855609417,0.015695551433600484
2024-07-17,risk_on,0.0022172949002217113,ok,0.002720068208873272,-0.024844517931342125,-0.011436066590249538,-0.01364055648446083,0.0074461232870817184,-0.04525843262672424,0.03291942551732063,-0.018360070884227753,-0.00607187207788229,0.0027908599004149437,-0.007373503968119621
2024-07-18,risk_on,-0.00553097345132747,ok,-0.02864142134785652,0.0066552311182022095,-0.04584293067455292,-0.005161573179066181,-0.0204428993165493,-0.0018690874567255378,-0.035989951342344284,0.0017165662720799446,-0.013467065058648586,-0.02199643850326538,-0.016503956948872654
2024-07-19,risk_on,-0.0022246941045606095,ok,0.010158739984035492,-0.03386348485946655,-0.0051394496113061905,-0.004227254539728165,0.007533355616033077,-0.023486942052841187,-0.010433249175548553,0.014671914279460907,0.0023898384533822536,-0.009445271454751492,-0.005184180336073041
2024-07-22,risk_on,-0.027870680044593144,ok,0.007787633687257767,-0.004808183293789625,-0.003268014406785369,0.013884601183235645,-0.001202861894853413,0.0023769631516188383,0.006707379594445229,0.0002901529660448432,0.014731772243976593,0.0001400593901053071,0.0036639502621255817
2024-07-23,risk_on,-0.05733944954128445,ok,0.022518444806337357,0.003695359919220209,0.0005730085540562868,0.03199740871787071,0.012606353498995304,0.007677494548261166,0.0216629970818758,0.015347949229180813,0.014843001961708069,0.027465827763080597,0.015838784608058633
2024-07-24,risk_on,-0.02311435523114358,ok,-0.05083201080560684,-0.007488966453820467,0.0036888576578348875,0.014741654507815838,-0.006818112917244434,-0.034677647054195404,-0.01874592900276184,0.0022706864401698112,-0.0038454197347164154,-0.01180550642311573,-0.01135123937856406
2024-07-25,risk_on,0.0062266500622665255,ok,0.004606510046869516,0.023897619917988777,0.030474673956632614,0.016797969117760658,-0.0035817380994558334,0.008687900379300117,0.010443810373544693,0.02825797349214554,0.01489039696753025,0.03158542513847351,0.016606054129078986
2024-07-26,risk_off,-0.008663366336633671,ok,,,,,,,,,,,
2024-07-29,risk_off,-0.024968789013732784,ok,,,,,,,,,,,
2024-07-30,risk_off,0.09731113956466064,ok,,,,,,,,,,,
2024-07-31,risk_off,-0.10268378063010497,ok,,,,,,,,,,,
2024-08-01,risk_off,-0.12093628088426533,ok,,,,,,,,,,,
2024-08-02,risk_off,0.023668639053254337,ok,,,,,,,,,,,
2024-08-05,risk_off,-0.018786127167630062,ok,,,,,,,,,,,
2024-08-06,risk_off,0.042709867452135564,ok,,,,,,,,,,,
2024-08-07,risk_off,0.0805084745762712,ok,,,,,,,,,,,
2024-08-08,risk_off,-0.04705882352941182,ok,,,,,,,,,,,
2024-08-09,risk_off,0.053497942386831365,ok,,,,,,,,,,,
2024-08-12,,,not_session,,,,,,,,,,,
2024-08-13,risk_off,-0.01041666666666663,ok,,,,,,,,,,,
2024-08-14,risk_off,0.06447368421052624,ok,,,,,,,,,,,
2024-08-15,risk_off,0.0024721878862794533,ok,,,,,,,,,,,
2024-08-16,risk_on,0.004932182490752224,ok,0.06235671043395996,0.04514031857252121,0.029809026047587395,0.017477164044976234,0.010088137350976467,0.10775362700223923,0.00835299864411354,0.021023569628596306,0.0002973298542201519,0.05404648929834366,0.035634537087753416
2024-08-19,risk_on,-0.018404907975460127,ok,0.024026280269026756,-0.017896531149744987,0.05351925268769264,-0.03373945876955986,0.016885749995708466,-0.051267147064208984,-0.011327245272696018,-0.003497188678011298,0.048442088067531586,-0.0029585757292807102,0.0022187224356457593
2024-08-20,risk_on,0.0024999999999999467,ok,0.01763281784951687,0.061840176582336426,-0.036155350506305695,0.02070830576121807,0.07653544843196869,0.026071697473526,0.0012238004710525274,0.016256701201200485,-0.015021649189293385,-0.050438042730093,0.011865390534512698
2024-08-21,risk_on,-0.013715710723191998,ok,0.02781001292169094,0.04562580958008766,0.06681504845619202,0.03638212010264397,0.005112234503030777,-0.021117713302373886,-0.0016993929166346788,0.04910145699977875,-0.059987105429172516,0.02324320375919342,0.017128567467443644
2024-08-22,risk_on,-0.008849557522123908,ok,0.020639941096305847,-0.0192280113697052,0.010129806585609913,-0.061392080038785934,-0.04118320718407631,0.029150374233722687,-0.038306448608636856,-0.0068294452503323555,0.008163079619407654,-0.0010071845026686788,-0.009986317541915923
2024-08-23,risk_on,-0.022959183673469385,ok,-0.0406627357006073,-0.08262568712234497,0.012941937893629074,-0.0596102811396122,-0.028975065797567368,-0.044421058148145676,-0.0349167063832283,-0.09891124814748764,0.004897874779999256,-0.0212250929325819,-0.0393508062697947
2024-08-26,risk_off,0.0013054830287206887,ok,0.8973294496536255,1.1194146871566772,0.7454959750175476,-0.7706461548805237,-0.18658147752285004,-0.05733078718185425,1.1115384101867676,0.798261821269989,-0.40641164779663086,0.18844720721244812,0.34395174831151965
2024-08-27,risk_on,-0.011734028683181186,ok,-0.07052341103553772,0.03392273932695389,0.047921374440193176,0.07620222121477127,-0.0635993480682373,0.01265499833971262,-0.018508851528167725,-0.0026107977610081434,0.0008987430483102798,0.06701631098985672,0.008337397896684706
2024-08-28,risk_on,0.03034300791556732,ok,-0.054002001881599426,0.011100120842456818,-0.020739521831274033,-0.02671944536268711,0.014674713835120201,-0.04989590123295784,0.05453205108642578,0.04921672120690346,-0.09053752571344376,0.10088235884904861,-0.0011488430202007294
2024-08-29,risk_on,0.0294494238156211,ok,-0.0083770751953125,-0.010762888006865978,0.015528579242527485,-0.02111860178411007,-0.06434442102909088,0.0007019746117293835,0.04624980688095093,-0.07657738775014877,-0.14682914316654205,0.04677994176745415,-0.021874921442940832
2024-08-30,risk_off,-0.02238805970149249,ok,-0.483802855014801,-0.48562395572662354,0.41649842262268066,-0.5139919519424438,0.088321752846241,-0.6416722536087036,1.1527196168899536,-0.24023829400539398,0.15748342871665955,-1.8942363262176514,-0.24445424154400824
2024-09-02,risk_on,-0.08015267175572516,ok,0.09179746359586716,0.009738427586853504,0.06534061580896378,-0.01259581372141838,0.04172077775001526,0.024342579767107964,-0.04530124366283417,-0.014279692433774471,0.0064061954617500305,0.017530644312500954,0.018469995446503164
2024-09-03,risk_on,-0.02904564315352698,ok,-0.062318429350852966,-0.048617564141750336,0.03954227641224861,-0.057521648705005646,-0.019003532826900482,-0.016695067286491394,-0.017601625993847847,-0.04689702019095421,0.05233464390039444,-0.031831998378038406,-0.020860996656119825
2024-09-04,risk_on,-0.007122507122507171,ok,0.040766749531030655,0.046558961272239685,-0.0125966751947999,-0.026906946673989296,-0.07342089712619781,0.0005881860852241516,0.05638609081506729,-0.0942203551530838,-0.006936989724636078,0.02348495088517666,-0.004629692528396845
2024-09-05,risk_off,-0.07747489239598282,ok,-0.08067711442708969,-0.16665001213550568,-0.6792770028114319,0.5116043090820312,0.05544797703623772,0.2966442406177521,0.14195582270622253,0.4378925561904907,0.30637678503990173,-0.2080005407333374,0.06153170205652714
2024-09-06,risk_off,0.05754276827371685,ok,-0.16611580550670624,0.33875948190689087,-0.44801291823387146,-0.0464930385351181,0.48264065384864807,-0.019638752564787865,0.34140893816947937,0.7133947610855103,0.3566693365573883,0.42086338996887207,0.19734760466963053
2024-09-09,risk_off,-0.007352941176470562,ok,-0.5848687887191772,-0.4232666790485382,-0.791483461856842,1.3766939640045166,0.4109296500682831,-0.4390028715133667,0.7095309495925903,0.02542366459965706,-0.6817455887794495,0.33116182684898376,-0.006662733480334282
2024-09-10,risk_off,0.03703703703703698,ok,0.0358121395111084,0.35302308201789856,0.09958001226186752,-0.2685898542404175,-0.6545929908752441,-0.10120973736047745,0.5351119041442871,0.5825552344322205,0.41907572746276855,-0.45655959844589233,0.05442059189081192
2024-09-11,risk_off,-0.0014285714285714457,ok,0.4989510178565979,-0.7402089238166809,-0.2709653377532959,-0.4124727249145508,0.5764465928077698,0.09480154514312744,0.28871870040893555,0.9269393086433411,-0.4716942608356476,-0.7260608077049255,-0.023554489016532898
2024-09-12,risk_off,-0.011444921316165924,ok,-0.1785152107477188,0.46036723256111145,-0.38535159826278687,0.1301041841506958,0.428621768951416,1.286588430404663,0.52765953540802,0.029321692883968353,0.40498197078704834,-0.09000816941261292,0.26137698367238044
2024-09-13,risk_off,-0.01013024602026047,ok,-0.055427730083465576,-0.6311003565788269,0.028611475601792336,0.22042980790138245,0.6211865544319153,0.7983230948448181,-1.0226448774337769,-0.07725654542446136,0.5056814551353455,-0.17280039191246033,0.02150024864822626
2024-09-16,,,not_session,,,,,,,,,,,
2024-09-17,risk_on,0.011695906432748648,ok,-0.00960810948163271,-0.012048071250319481,0.03587749972939491,-0.0229659266769886,-0.005282007157802582,0.03601861745119095,0.016628364101052284,-0.016052164137363434,0.013347581028938293,0.003741499735042453,0.003965728334151208
2024-09-18,risk_off,0.03323699421965309,ok,0.0068743545562028885,0.04507732391357422,-0.026410408318042755,0.18903958797454834,0.5939176082611084,1.1181877851486206,-0.48699066042900085,0.032801222056150436,-0.9538347721099854,-0.18124163150787354,0.03374204095453024
2024-09-19,risk_off,0.008391608391608463,ok,-0.25746941566467285,-1.0092594623565674,-0.21364007890224457,-0.5363297462463379,0.07057435810565948,0.6357246041297913,0.4577869176864624,-0.1389700174331665,-0.4307180345058441,-0.5076451301574707,-0.1929946005344391
2024-09-20,risk_off,-0.02219140083217752,ok,0.047244518995285034,-0.8737268447875977,0.109113410115242,-0.0651693120598793,0.18231166899204254,1.1967761516571045,-0.4672645926475525,-0.1275603026151657,0.4811461567878723,0.21887102723121643,0.07017418816685676
2024-09-23,,,not_session,,,,,,,,,,,
2024-09-24,risk_on,0.026950354609929006,ok,0.014594456180930138,-0.018497362732887268,-0.023921029642224312,-0.011323949322104454,0.002047768095508218,-0.05274706333875656,-0.060104697942733765,-0.0195304062217474,-0.039223771542310715,-0.03045172430574894,-0.023915778077207506
2024-09-25,risk_on,0.05524861878453047,ok,-0.012859342619776726,-0.022751912474632263,-0.014028259553015232,-0.005243794526904821,-0.020173249766230583,-0.03110867738723755,-0.03116035647690296,-0.028575044125318527,-0.023192862048745155,-0.008144387044012547,-0.019723788602277637
2024-09-26,risk_on,-0.04057591623036649,ok,-0.041833680123090744,0.003004509024322033,-0.0004901993088424206,-0.018565939739346504,-0.018118804320693016,0.016540760174393654,-0.007710529491305351,0.012251211330294609,0.0029123565182089806,-0.031035088002681732,-0.008304540393874049
2024-09-27,risk_on,0.005457025920873049,ok,0.007608022540807724,0.005035616923123598,0.03088942915201187,0.02067502774298191,0.014360050670802593,0.01350779552012682,-0.017518112435936928,0.02127036452293396,0.025532180443406105,0.04034358263015747,0.016170395771041512
2024-09-30,risk_on,-0.01763907734056991,ok,-0.02861771360039711,0.015009160153567791,-0.013015850447118282,-0.000967299216426909,0.008170283399522305,-0.00732684601098299,-0.004739869385957718,0.010075715370476246,-0.02171841450035572,0.02974616177380085,-0.0013384672463871538
2024-10-01,risk_on,0.03176795580110503,ok,0.009630266577005386,0.013874489814043045,0.010562903247773647,-0.009729059413075447,0.006524759344756603,-0.007637330796569586,0.006454579532146454,0.005554831586778164,-0.025830097496509552,0.022535907104611397,0.003194124950096011
2024-10-02,risk_on,0.004016064257028162,ok,-0.011094704270362854,-0.00428807595744729,0.03255753964185715,0.006028991658240557,0.023375585675239563,0.021518118679523468,-0.007325281389057636,-0.0012550893006846309,0.006828302517533302,0.020262306556105614,0.008660769381094724
2024-10-03,risk_on,0.01866666666666661,ok,-0.03775769844651222,-0.036146506667137146,-0.038535017520189285,-0.0367061123251915,-0.028713766485452652,-0.026656610891222954,-0.052450720220804214,-0.039998505264520645,-0.05279635265469551,-0.036913689225912094,-0.03866749797016382
2024-10-04,risk_on,-0.01963350785340312,ok,0.014173858799040318,-0.005155013408511877,0.0031837939750403166,-0.007282632868736982,0.01222189236432314,0.02410569228231907,-0.012530799955129623,-0.02561561018228531,0.01941009610891342,-0.04491034522652626,-0.002239906811155379
2024-10-07,risk_off,0.01255006675567416,ok,0.40181607007980347,-0.04267498850822449,0.03964561969041824,-0.5149626135826111,-0.09367837011814117,0.4312211871147156,-0.3598569333553314,0.0016334205865859985,-0.2556459605693817,-0.4847573935985565,-0.08772599622607231
2024-10-08,risk_on,0.010021097046413407,ok,0.036718789488077164,0.020896321162581444,0.017916211858391762,0.034494079649448395,0.025604264810681343,0.027623441070318222,-0.0023988152388483286,0.030853016301989555,0.01711166463792324,0.0020474984776228666,0.021086647221818567
2024-10-09,risk_off,-0.022454308093994735,ok,-0.034579068422317505,-0.0396411195397377,-0.02622283063828945,0.5711178779602051,-0.06651058793067932,-0.15279826521873474,0.16874819993972778,-1.0462239980697632,-0.3787458539009094,0.4533170461654663,-0.05515385996550322
2024-10-10,risk_off,0.020299145299145227,ok,0.2016546130180359,0.10461192578077316,-0.7270666360855103,-0.12976694107055664,-0.034122284501791,0.35634058713912964,0.8674963712692261,-0.10466782748699188,0.07285656034946442,0.14918053150177002,0.07565168999135494
2024-10-11,risk_off,-0.03560209424083771,ok,0.7508964538574219,-0.6300985217094421,0.6534600853919983,-0.8615469932556152,0.36726629734039307,0.4929742217063904,0.7730146050453186,0.33394837379455566,-0.2207731306552887,0.09658392518758774,0.17557253167033196
2024-10-14,,,not_session,,,,,,,,,,,
2024-10-15,risk_off,0.007057546145494031,ok,-0.6742104291915894,-0.9274070262908936,0.7575792074203491,0.13825145363807678,-0.4187861979007721,-0.384952187538147,-0.5460662841796875,0.20289649069309235,-0.2841706871986389,-0.5343534350395203,-0.267121909558773
2024-10-16,risk_off,-0.009703504043126698,ok,-0.07884463667869568,-0.3298403024673462,-0.6826208233833313,0.30153876543045044,0.37908291816711426,0.250842422246933,0.1314219981431961,-0.22768571972846985,-0.2908252477645874,-0.4064818024635315,-0.09534124284982681
2024-10-17,risk_off,0.0010887316276537717,ok,-0.6675885915756226,-0.19878067076206207,-1.0214831829071045,-0.5337461829185486,0.30299118161201477,0.5200589299201965,-0.04581507295370102,0.15381239354610443,0.2885037064552307,-0.469836562871933,-0.16718840524554252
2024-10-18,risk_off,0.010875475802066381,ok,0.10723896324634552,-0.5584249496459961,-0.13155439496040344,0.49309879541397095,0.18743285536766052,1.0170361995697021,-0.5282577276229858,0.06693882495164871,0.18246474862098694,-0.09670901298522949,0.07392643019556999
2024-10-21,risk_off,-0.022054868208714384,ok,0.1595885008573532,-0.015357386320829391,-0.14378058910369873,-0.035919126123189926,-0.09464213252067566,0.3877060115337372,-0.4580685496330261,-0.05596398562192917,-0.3026657998561859,-0.05463453009724617,-0.06137375868856907
2024-10-22,risk_on,-0.030253025302530268,ok,-0.05021762102842331,-0.0559256486594677,-0.027419980615377426,-0.01851465553045273,-0.07193727791309357,-0.052095118910074234,-0.04380648955702782,-0.07061518728733063,-0.024033503606915474,-0.0355328693985939,-0.04500983525067568
2024-10-23,risk_on,0.01418037436188313,ok,-0.05126238986849785,-0.008052675053477287,-0.02004167251288891,-0.04473214969038963,-4.391907714307308e-05,-0.01736663654446602,-0.0011298228055238724,-0.014297590591013432,-0.022255539894104004,-0.03629264235496521,-0.021547503839246928
2024-10-24,risk_off,-0.0011185682326622093,ok,0.5476085543632507,0.05137772858142853,0.02517714723944664,-0.08655378222465515,-0.014198996126651764,0.5148548483848572,0.3123875558376312,0.1006924957036972,0.11894673109054565,0.30562564730644226,0.18759179301559925
2024-10-25,risk_off,0.03247480403135494,ok,0.44756773114204407,-0.6503511667251587,-0.1889069527387619,-0.10775445401668549,0.3093366026878357,0.9489138722419739,-0.3788986802101135,-0.15294772386550903,0.32384952902793884,0.16474498808383942,0.07155537456274033
2024-10-28,risk_off,0.030368763557483636,ok,0.4425973892211914,0.19312447309494019,-0.35936135053634644,0.09342285990715027,0.262901246547699,-0.40562838315963745,-0.1782386302947998,-0.32566168904304504,-0.06223081424832344,-0.5697581768035889,-0.09088330753147603
2024-10-29,risk_off,0.012105263157894841,ok,0.4559992551803589,-0.6845381855964661,-0.06886140257120132,0.6087837815284729,-0.01058817096054554,0.2542884647846222,-0.6237720251083374,0.0482395701110363,0.3345271050930023,-0.0150093212723732,0.029906907118856907
2024-10-30,risk_off,-0.041081643265730605,ok,0.5060659050941467,-0.28693708777427673,0.11103452742099762,-0.30228668451309204,0.7146248817443848,0.4300444722175598,-0.026173559948801994,0.1184196025133133,-0.24165327847003937,-0.11498050391674042,0.09081582743674517
2024-10-31,risk_off,-0.005965292841648595,ok,0.18309728801250458,-0.05008415877819061,-0.24062074720859528,-0.5783583521842957,0.1890995353460312,0.6187109351158142,0.3960212767124176,-0.2558972239494324,-0.4740711748600006,0.17855572700500488,-0.0033546894788742065
2024-11-01,risk_off,0.03000545553737033,ok,0.22883063554763794,-0.25433769822120667,-0.2235228717327118,0.30535900592803955,0.2079867720603943,0.5096758604049683,0.18004757165908813,-0.13008493185043335,0.29090213775634766,0.0683058351278305,0.11831623166799546
2024-11-04,,,not_session,,,,,,,,,,,
2024-11-05,risk_off,0.03601694915254239,ok,-0.06739065051078796,-0.632057785987854,0.12839332222938538,-0.6691500544548035,0.09628517925739288,-0.3859729766845703,0.2651793956756592,0.0015379823744297028,0.05906015262007713,0.04208347946405411,-0.11620319560170174
2024-11-06,risk_off,-0.013292433537832271,ok,0.7704707980155945,0.10670947283506393,0.23990611732006073,-0.6252574920654297,0.6383336186408997,0.05715329200029373,-0.016793267801404,-0.48496806621551514,0.1279352903366089,-0.07747206091880798,0.07360177021473646
2024-11-07,risk_off,-0.023834196891191706,ok,0.4351557791233063,-0.8370159864425659,-0.06761747598648071,-0.7379840016365051,0.49110883474349976,0.23012222349643707,1.0153160095214844,0.4249644875526428,-0.05466187372803688,0.0833262950181961,0.09827142916619777
2024-11-08,risk_on,-0.00424628450106157,ok,-0.04308253526687622,-0.02833402529358864,-0.01844414509832859,-0.016471749171614647,-0.04662514105439186,-0.04028182476758957,-0.006259986665099859,0.009982672519981861,-0.0008947236929088831,-0.021245857700705528,-0.021165731619112192
2024-11-11,risk_on,-0.015991471215351827,ok,-0.004640945699065924,0.007403641939163208,-0.013846397399902344,-0.01281343586742878,-0.03776701167225838,-0.011012538336217403,-0.006076499354094267,-0.030260421335697174,-0.05440879985690117,-0.004738315474241972,-0.01681607230566442
2024-11-12,risk_on,-0.021668472372697756,ok,-0.04507444426417351,-0.018154773861169815,-0.02700263261795044,-0.023520484566688538,-0.017643002793192863,-0.008613008074462414,-0.0150572769343853,0.007880459539592266,0.00846441276371479,-0.02018430456519127,-0.015890505537390708
2024-11-13,risk_on,-0.02270210409745288,ok,0.0049120173789560795,0.010406356304883957,0.02688402123749256,0.016051333397626877,-0.020176244899630547,0.009918168187141418,-0.008926797658205032,-0.06318122893571854,0.014582430012524128,0.008444981649518013,-0.00010849633254110813
2024-11-14,risk_on,-0.01926345609065161,ok,-0.041581861674785614,-0.008105428889393806,-0.030632244423031807,-0.004462156444787979,-0.03267432749271393,-0.006351699121296406,-0.031150411814451218,0.011339620687067509,-0.033793214708566666,-0.01332908309996128,-0.01907408069819212
2024-11-15,risk_on,0.009820912767186663,ok,0.02897489443421364,-0.0017926441505551338,0.010910695418715477,-0.002955846721306443,0.039383456110954285,0.012246410362422466,-0.00688506755977869,-0.015281831845641136,0.00223177345469594,0.008574798703193665,0.007540663820691407
2024-11-18,risk_on,0.01830663615560635,ok,-0.028082378208637238,0.021825794130563736,0.007601904217153788,0.023696662858128548,0.013341602869331837,0.03097265213727951,0.04619240760803223,0.05123158544301987,0.019259709864854813,0.02336658537387848,0.020940652629360557
2024-11-19,risk_on,-0.0005617977528089568,ok,0.031708959490060806,-0.006620538886636496,-0.008779861964285374,0.0032790934201329947,0.04208458960056305,-0.000299232080578804,0.0006437222473323345,0.00068405841011554,-0.00715672830119729,-0.006202592980116606,0.004934146895539016
2024-11-20,risk_on,-0.006745362563237767,ok,-0.030872976407408714,-0.004283073358237743,-0.011348949745297432,-0.020264342427253723,-0.013921720907092094,-0.010134054347872734,-0.02746618166565895,0.01174569595605135,-0.009547213092446327,-0.025920385494828224,-0.01420132014900446
2024-11-21,risk_on,0.002263723825693287,ok,0.005941509269177914,-0.02390676736831665,0.00987890176475048,-0.020483937114477158,0.003707116236910224,0.008021684363484383,-0.012109512463212013,-0.027189888060092926,-0.0038251522928476334,0.003068012185394764,-0.005689803347922862
2024-11-22,risk_on,-0.005646527385657851,ok,-0.02042800933122635,-0.02819463610649109,-0.04202847182750702,-0.03430882468819618,-0.02629980631172657,-0.020185990259051323,-0.01896549016237259,-0.02158128283917904,-0.022697633132338524,-0.016073627397418022,-0.02507637720555067
2024-11-25,risk_on,-0.034639409426462264,ok,-0.010606109164655209,0.0016588550060987473,0.03398938104510307,0.0016026042867451906,0.029228009283542633,0.025776002556085587,0.020780643448233604,0.013171747326850891,0.03421850502490997,0.025563105940818787,0.017538274475373327
2024-11-26,risk_on,-0.01764705882352946,ok,-0.010792631655931473,0.016023941338062286,-0.00026114797219634056,0.0335162989795208,0.005835961550474167,0.010057729668915272,0.020236914977431297,0.045173853635787964,0.0037134699523448944,0.02304651401937008,0.014655090449377895
2024-11-27,risk_on,0.020359281437125842,ok,0.0031710860785096884,0.02106630802154541,-0.01881193183362484,0.015596200712025166,0.013640960678458214,-0.02208026312291622,0.018117019906640053,0.00941951759159565,-0.023413976654410362,0.015379749238491058,0.0032084670616313814
2024-11-28,risk_on,0.009389671361502261,ok,0.005992254242300987,-0.013814697973430157,-0.031522348523139954,-0.014745236374437809,0.013384729623794556,0.005630209110677242,-0.007732807192951441,-0.009842664934694767,-0.025833364576101303,-0.029856642708182335,-0.010834056930616499
2024-11-29,risk_on,0.026162790697674465,ok,0.001624722732231021,0.0035833753645420074,-0.0014866502024233341,-0.000876742706168443,-0.02131415531039238,-0.008423611521720886,-0.006109242793172598,-0.022133950144052505,0.018670760095119476,-0.01197081245481968,-0.004843630694085732
2024-12-02,risk_on,0.0192634560906515,ok,-0.0065289996564388275,-0.02267405018210411,-0.02623426355421543,-0.03359637409448624,-0.0001973611069843173,-0.021891018375754356,-0.04432675614953041,-0.02617356926202774,-0.02271435037255287,-0.02819426916539669,-0.0232531011919491
2024-12-03,risk_on,0.0005558643690939391,ok,-0.04536788538098335,-0.01672406680881977,-0.02413472719490528,-0.015469426289200783,-0.04344772920012474,-0.01992891915142536,-0.03475391864776611,-0.011889582499861717,-0.012058472260832787,-0.04652756080031395,-0.027030228823423385
2024-12-04,risk_on,-0.02444444444444449,ok,-0.01346561498939991,0.025272320955991745,0.011579751968383789,0.019412998110055923,0.024851055815815926,0.026270844042301178,0.029045071452856064,0.014406515285372734,0.011188661679625511,0.016994519159197807,0.016555612348020075
2024-12-05,risk_on,-0.01025056947608205,ok,-0.0440465584397316,-0.02245428040623665,-0.049257539212703705,-0.0370858870446682,-0.02653198316693306,-0.009195089340209961,-0.043451469391584396,-0.01949772983789444,-0.06532656401395798,-0.05277887359261513,-0.03696259744465351
2024-12-06,risk_on,-0.01898734177215189,ok,-0.016583334654569626,-0.006611529737710953,0.0024344660341739655,-0.02389170601963997,0.017695777118206024,-0.013028857298195362,-0.001605563098564744,-0.01530197262763977,0.0017182077281177044,-0.015925485640764236,-0.0071099998196586965
2024-12-09,risk_on,0.009970674486803555,ok,-0.019636889919638634,-0.021991141140460968,-0.016804149374365807,-0.03209078311920166,-0.029361475259065628,-0.010070601478219032,-0.03271593526005745,-0.01790156215429306,-0.017312586307525635,-0.01673395186662674,-0.021461907587945462
2024-12-10,risk_on,0.026132404181184565,ok,-0.03767859563231468,-0.024445194751024246,-0.006965450942516327,-0.010673778131604195,-0.04726390913128853,-0.02048574574291706,-0.0420062281191349,-0.025874214246869087,-0.028901398181915283,-0.018434779718518257,-0.026272929459810256
2024-12-11,risk_on,-0.01697792869269954,ok,-0.06462892889976501,-0.05951374024152756,-0.028639135882258415,-0.0497840940952301,-0.018720386549830437,-0.03643400967121124,-0.05278947204351425,-0.02959504723548889,-0.03686196357011795,-0.049293551594018936,-0.04262603297829628
2024-12-12,risk_on,0.0063327576280944875,ok,-0.04800102487206459,-0.021430116146802902,-0.021981440484523773,-0.008943776600062847,-0.029342105612158775,-0.01706894114613533,-0.03063078224658966,-0.022206291556358337,-0.02544667012989521,-0.023738930001854897,-0.024879007879644633
2024-12-13,risk_on,0.014874141876430214,ok,-0.00504528172314167,-0.00822231825441122,0.008522517047822475,-0.0013443462084978819,-0.010447190143167973,-0.004527193959802389,-0.004244192969053984,-0.008972304873168468,0.0007034880109131336,0.001045076409354806,-0.0032531746663153173
2024-12-16,risk_on,-0.028748590755355075,ok,0.0040079629980027676,0.004502883180975914,0.008586599491536617,0.005449765827506781,0.001155289588496089,0.021615462377667427,0.005327239632606506,0.007520381361246109,0.013717877678573132,0.009164003655314445,0.008104746579192579
2024-12-17,risk_on,-0.02031340684852001,ok,0.022932011634111404,0.016355181112885475,0.02642197348177433,0.023824699223041534,0.026886869221925735,0.024767080321907997,0.011059889569878578,0.01431076880544424,0.01911167800426483,0.02422410249710083,0.020989425387233494
2024-12-18,risk_on,0.020734597156398138,ok,-0.008588850498199463,-0.008654295466840267,-0.005820787511765957,-0.018419474363327026,-0.0054475367069244385,-0.005544286221265793,-0.0011032532202079892,-0.014886952936649323,-4.493561573326588e-05,-0.014537877403199673,-0.00830482499441132
2024-12-19,risk_on,-0.0034822983168891763,ok,0.0001947393175214529,0.001247865380719304,0.013019693084061146,0.001767076551914215,0.011002686806023121,0.01584630273282528,0.011818068102002144,0.00017048814333975315,0.007983105257153511,0.004577069543302059,0.006762709491886199
2024-12-20,risk_off,0.013977868375072866,ok,-0.48390933871269226,-0.5861936211585999,-0.25635772943496704,-0.11328977346420288,-0.41121146082878113,0.31924307346343994,0.19720745086669922,0.47869786620140076,-0.07158742100000381,-0.16677814722061157,-0.10941791012883187
2024-12-23,risk_off,-0.003446295232624963,ok,-0.29212111234664917,-0.23767873644828796,-0.45858466625213623,-0.1247648149728775,-0.24853263795375824,-0.296143114566803,-0.261701762676239,0.5585018396377563,-0.13002407550811768,-0.11663858592510223,-0.16076876670122148
2024-12-24,risk_on,-0.005187319884726205,ok,0.01951926201581955,0.021665090695023537,0.024394838139414787,0.03133025020360947,0.021665072068572044,0.023217808455228806,0.02728884108364582,0.0250574741512537,0.028889551758766174,0.028856463730335236,0.025188465230166913
2024-12-25,risk_on,0.015643105446118133,ok,-0.03758124262094498,-0.03921487554907799,-0.034905724227428436,-0.03857249394059181,-0.02070063166320324,-0.04320257529616356,-0.035428304225206375,-0.03898433968424797,-0.04325113445520401,-0.03324752300977707,-0.036508884467184546
2024-12-26,risk_on,0.01996577296063884,ok,-0.037276677787303925,-0.033154115080833435,-0.010835235938429832,-0.0234433114528656,-0.029488708823919296,-0.027947159484028816,-0.020882999524474144,-0.03231639042496681,-0.03193267062306404,-0.02746146358549595,-0.027473873272538186
2024-12-27,risk_on,-0.00615212527964204,ok,0.02613171935081482,0.011982578784227371,0.021503780037164688,0.018990131095051765,0.013221167027950287,0.013413188979029655,0.01600608602166176,0.01564769074320793,0.02131589502096176,0.02011703886091709,0.017832927592098712
2024-12-30,risk_on,0.015194147439504757,ok,0.026256222277879715,0.01793968677520752,0.026803333312273026,0.029125548899173737,0.030144430696964264,0.031175391748547554,0.022702615708112717,0.024654319509863853,0.026412513107061386,0.026381276547908783,0.026159533858299257
2024-12-31,,,not_session,,,,,,,,,,,
2025-01-01,,,not_session,,,,,,,,,,,
2025-01-02,,,not_session,,,,,,,,,,,
2025-01-03,,,not_session,,,,,,,,,,,
2025-01-06,risk_on,0.02716186252771613,ok,0.014914373867213726,0.013051838614046574,0.008220150135457516,0.010890820994973183,-0.0008609772194176912,0.004857316613197327,0.00920366495847702,0.006910884752869606,0.007515797391533852,0.015985915437340736,0.009068978554569184
2025-01-07,risk_on,0.030221262817053507,ok,0.004876339808106422,0.009544389322400093,0.012517377734184265,0.012915125116705894,-0.0015090114902704954,0.005736777558922768,0.011106094345450401,0.017446381971240044,0.009789899922907352,0.008378366939723492,0.009080174122937023
2025-01-08,risk_on,-0.027239392352016778,ok,-0.006652794312685728,0.0044960081577301025,0.009795268066227436,0.00546662462875247,0.002216882770881057,0.0019499973859637976,0.010616224259138107,0.0009025584440678358,0.0033374871127307415,0.0016515811439603567,0.003377983765676618
2025-01-09,risk_on,-0.00915455035002688,ok,-0.01831642910838127,-0.01581692136824131,-0.007920772768557072,-0.017809651792049408,-0.00735621340572834,-0.01098689902573824,-0.009749580174684525,-0.016723353415727615,-0.024580303579568863,-0.022160571068525314,-0.015142069570720196
2025-01-10,risk_on,-0.02826086956521734,ok,-0.011512522585690022,-0.008420484140515327,-0.00822698324918747,-0.01310323178768158,-0.014078810811042786,-0.0019045188091695309,-0.008936168625950813,-0.002258962718769908,-0.002708939602598548,-0.02034587785601616,-0.009149650018662215
2025-01-13,,,not_session,,,,,,,,,,,
2025-01-14,risk_on,0.0039149888143177325,ok,-0.0511406846344471,-0.05520028620958328,-0.05568850785493851,-0.048607368022203445,-0.06027115136384964,-0.04755895584821701,-0.05847180262207985,-0.054202012717723846,-0.06458698958158493,-0.054578352719545364,-0.055030611157417295
2025-01-15,risk_on,-0.008913649025069637,ok,-0.010556238703429699,-0.007198404986411333,-0.009884053841233253,-0.001763889566063881,-0.008618315681815147,-0.011711731553077698,-0.004063120111823082,-0.0071219573728740215,-0.0056122224777936935,0.0002146201441064477,-0.006631531415041536
2025-01-16,risk_on,0.01911186059584047,ok,-0.0031321330461651087,-0.003484841203317046,-0.0014756661839783192,-0.011304142884910107,-0.0024080954026430845,0.010392434895038605,-0.00888743344694376,0.0047399369068443775,-0.008800727315247059,-0.0064784325659275055,-0.0030839100247249005
2025-01-17,risk_on,0.019305019305019266,ok,-0.0111845126375556,-0.008013132959604263,0.008818045258522034,-0.00156467838678509,-0.007427960634231567,-0.00968316849321127,-0.00940215215086937,-0.007982759736478329,-0.008225783705711365,-0.00964868813753128,-0.0064314791583456096
2025-01-20,risk_on,0.018398268398268414,ok,0.05142536759376526,0.04842883348464966,0.05169219523668289,0.04346892237663269,0.05423523858189583,0.05017518624663353,0.04603371396660805,0.04772675409913063,0.05328692868351936,0.04637409374117851,0.04928472340106964
2025-01-21,risk_on,0.04622741764080773,ok,0.012305453419685364,0.005868852604180574,0.01924658566713333,0.012179309502243996,0.0023811464197933674,0.0031615018378943205,-0.00011284672655165195,0.012362271547317505,0.008627928793430328,0.014267519116401672,0.00902877221815288
2025-01-22,risk_on,-0.027932960893854775,ok,-0.02700492925941944,-0.02654082514345646,-0.02265937253832817,-0.023100053891539574,-0.02391725964844227,-0.031834132969379425,-0.01962190493941307,-0.029657511040568352,-0.02094905823469162,-0.023320190608501434,-0.02486052382737398
2025-01-23,risk_on,-0.013584117032392928,ok,-0.027080217376351357,-0.021277766674757004,-0.03657374158501625,-0.027301181107759476,-0.03308231756091118,-0.015709878876805305,-0.03108353726565838,-0.02733289822936058,-0.03800166770815849,-0.027964631095528603,-0.028540783748030662
2025-01-24,risk_on,-0.06514830508474578,ok,0.022873280569911003,0.024662701413035393,0.024776456877589226,0.024347597733139992,0.030099542811512947,0.02465178817510605,0.023689178749918938,0.01953248307108879,0.025822078809142113,0.031260088086128235,0.025171519629657267
2025-01-27,risk_on,0.011331444759206777,ok,-0.021029602736234665,-0.014143968001008034,-0.026289664208889008,-0.020896801725029945,-0.023871364071965218,-0.009372195228934288,-0.014657584950327873,-0.020850587636232376,-0.021615881472826004,-0.023186279460787773,-0.01959139294922352
2025-01-28,risk_on,-0.001680672268907557,ok,-0.02456548996269703,-0.01824112795293331,-0.01235610619187355,-0.004798466339707375,-0.027727872133255005,-0.019065991044044495,-0.014486798085272312,-0.007270157337188721,-0.01920950412750244,-0.01373431645333767,-0.01614558296278119
2025-01-29,risk_on,0.017957351290684542,ok,-0.04917684569954872,-0.05523718148469925,-0.06027282774448395,-0.053718142211437225,-0.04441814497113228,-0.04897570610046387,-0.05481802672147751,-0.05149836465716362,-0.05119364708662033,-0.06039367988705635,-0.05297025665640831
2025-01-30,risk_on,-0.034178610804851184,ok,-0.03349157050251961,-0.032316289842128754,-0.0297013558447361,-0.03558620810508728,-0.03983408212661743,-0.029223164543509483,-0.036412809044122696,-0.0326196514070034,-0.03906486928462982,-0.046207524836063385,-0.035445752553641796
2025-01-31,risk_on,0.010273972602739656,ok,0.005629169289022684,0.0026485230773687363,0.01990012638270855,0.006193650886416435,0.02136177383363247,0.009810451418161392,0.00652998685836792,0.006540866103023291,0.01869308017194271,0.004241089802235365,0.010154871782287956
2025-02-03,risk_on,0.01412429378531077,ok,-0.013971379026770592,-0.001160510815680027,-0.0031064022332429886,-0.007213992066681385,-0.013794582337141037,-0.0002222240436822176,-0.009805054403841496,-0.01313951425254345,-0.009669872000813484,-0.0040069082751870155,-0.007609043945558369
2025-02-04,risk_on,-0.010027855153203369,ok,0.03535255417227745,0.019111700356006622,0.025816505774855614,0.012528304941952229,0.03043590672314167,0.01616545021533966,0.024583257734775543,0.01900206133723259,0.02599269151687622,0.034684401005506516,0.024367283377796412
2025-02-05,risk_on,0.024760832864378246,ok,-0.014567038975656033,-0.013634853065013885,-0.02252030000090599,-0.007340979762375355,-0.030579188838601112,-0.007395823486149311,-0.00995569583028555,-0.015744034200906754,-0.018140852451324463,-0.010802339762449265,-0.015068110637366771
2025-02-06,risk_on,-0.000549148819329992,ok,0.012931231409311295,0.01548060029745102,0.006445446517318487,0.00761814322322607,0.014791948720812798,0.011315722018480301,0.011753433384001255,0.014384718611836433,0.012705462984740734,0.024684365838766098,0.013211107300594448
2025-02-07,risk_on,0.013736263736263687,ok,0.017030473798513412,0.009550005197525024,0.02316809445619583,0.015227179042994976,0.02058127522468567,0.023080747574567795,0.009032277390360832,0.01444145105779171,0.00874271895736456,0.018233701586723328,0.015908792428672314
2025-02-10,risk_on,-0.007046070460704601,ok,0.032324519008398056,0.03374790772795677,0.04025271162390709,0.027287257835268974,0.031120242550969124,0.043895378708839417,0.043111708015203476,0.03568166121840477,0.0397462472319603,0.03931216895580292,0.03664798028767109
2025-02-11,,,not_session,,,,,,,,,,,
2025-02-12,risk_on,0.012008733624454093,ok,0.008643142879009247,0.006206424441188574,0.012387012131512165,0.004559597931802273,0.008576563559472561,0.008100726641714573,0.010227766819298267,0.003482083324342966,0.0032158480025827885,0.0025834760162979364,0.006798264174722135
2025-02-13,risk_on,-0.005393743257820938,ok,-0.0007927905535325408,-0.003062228672206402,-0.012549390085041523,-0.011560778133571148,0.0026714829728007317,-0.0005808607675135136,0.0004696325631812215,0.0006257022032514215,0.0029207514598965645,-0.005066435784101486,-0.0026924914796836673
2025-02-14,risk_on,0.00433839479392617,ok,0.053491223603487015,0.06051372364163399,0.04472358152270317,0.05636337399482727,0.052255548536777496,0.04930141940712929,0.05332610011100769,0.06156057119369507,0.0517658032476902,0.05628131330013275,0.05395826585590839
2025-02-17,risk_on,0.009719222462202914,ok,0.013361123390495777,0.013018802739679813,0.015024053864181042,0.008679879829287529,0.01450613234192133,0.015257892198860645,0.0025203567929565907,0.019403211772441864,0.01418397855013609,0.012858817353844643,0.012881424883380533
2025-02-18,risk_on,0.021925133689839615,ok,-0.0198226235806942,4.543788963928819e-05,-0.00501965032890439,-0.003467824775725603,-0.011091695167124271,-0.007166620343923569,-0.008842368610203266,0.007461553905159235,0.0033237705938518047,-0.010693282820284367,-0.005527330323820934
2025-02-19,risk_on,-0.0146520146520146,ok,0.004106314852833748,1.204153522849083e-05,-0.0006533259875141084,0.007949747145175934,0.0002111105713993311,-0.0036196052096784115,-0.0010725896572694182,-0.0029844585806131363,0.0029296353459358215,0.0025630095042288303,0.0009441879519727081
2025-02-20,risk_on,-0.0084970791290494,ok,-0.039762236177921295,-0.04206952825188637,-0.04995859041810036,-0.03946421667933464,-0.042004141956567764,-0.03734178468585014,-0.04439370334148407,-0.029500896111130714,-0.050093021243810654,-0.042290642857551575,-0.04168787617236376
2025-02-21,risk_on,-0.017139796464917034,ok,-0.004068718291819096,0.0010863186325877905,0.003930092789232731,0.006420011632144451,-0.0010247622849419713,-0.00739920511841774,0.004749265965074301,-0.0007190908072516322,0.005810772534459829,0.009208539500832558,0.001799322455190122
2025-02-24,,,not_session,,,,,,,,,,,
2025-02-25,risk_on,0.008174386920980936,ok,-0.029057636857032776,-0.022064339369535446,-0.012734834104776382,-0.008993764407932758,-0.021290354430675507,-0.016650758683681488,-0.02031860314309597,-0.01543402299284935,-0.02340727485716343,-0.02529304288327694,-0.019524463173002004
2025-02-26,risk_on,-0.04594594594594592,ok,-0.019823070615530014,-0.0142216132953763,-0.016438167542219162,-0.007770453579723835,-0.01773477904498577,-0.01807515323162079,-0.013864885084331036,-0.0179939903318882,-0.0069374702870845795,-0.012717918492853642,-0.014557750150561332
2025-02-27,risk_on,0.0067988668555241105,ok,-0.005510386079549789,-6.120174657553434e-05,-0.014229143969714642,-0.0007034623995423317,-0.004161869641393423,-0.004788675811141729,-0.006769918370991945,-0.0021905265748500824,-0.0056429035030305386,-0.0052328892052173615,-0.004929097730200738
2025-02-28,risk_on,-0.04051772650534613,ok,0.012023111805319786,0.016713909804821014,0.008776414208114147,0.01618262380361557,0.023431485518813133,0.0029881042428314686,0.010788092389702797,0.013816974125802517,0.02115591987967491,0.020015651360154152,0.01458922871388495
2025-03-03,risk_off,0.011730205278592365,ok,-0.21382907032966614,-0.5790173411369324,0.11685198545455933,0.8428643345832825,-0.9770434498786926,0.10536706447601318,-0.33174705505371094,-0.21569202840328217,-0.03506454825401306,-0.612859308719635,-0.19001694172620773
2025-03-04,risk_off,0.0028985507246377384,ok,-0.03754781186580658,-0.23609651625156403,-0.3148151934146881,0.9548364281654358,-1.1888753175735474,-0.32193365693092346,-0.345951646566391,0.37123534083366394,-0.4233565926551819,-0.7937225699424744,-0.2336227536201477
2025-03-05,risk_off,-0.03294797687861273,ok,-0.2427040934562683,-0.2508752644062042,0.27839258313179016,0.25562992691993713,-0.21394257247447968,0.7313616871833801,0.8646489977836609,0.29052335023880005,0.009263526648283005,-0.5290156006813049,0.11932825408875943
2025-03-06,risk_off,0.018529587567244432,ok,0.32011836767196655,-0.5426307320594788,0.027458693832159042,0.7179927229881287,-0.6327672600746155,0.5880856513977051,0.25191959738731384,-0.16627252101898193,-0.011036220006644726,-0.5949973464012146,-0.004212904628366232
2025-03-07,risk_off,-0.015258215962441368,ok,0.4786964952945709,-0.3938685655593872,-0.03455013036727905,0.5974143147468567,-0.6792721152305603,0.781024694442749,0.3511051535606384,-0.004463089630007744,0.33091166615486145,-0.23459745943546295,0.11924009639769792
2025-03-10,risk_off,0.013706793802145345,ok,-0.04970444366335869,-0.2289963662624359,-0.292543888092041,1.1843692064285278,-0.4558260440826416,0.3041802644729614,-0.4101582467556,-0.22946353256702423,0.05015268549323082,-0.014859113842248917,-0.014284947887063026
2025-03-11,risk_off,0.013521457965902428,ok,-0.23259589076042175,-0.2694314420223236,0.038748692721128464,1.1557079553604126,-0.9628033638000488,-0.006355215795338154,-0.42960241436958313,0.24130500853061676,-0.5349229574203491,-1.1501400470733643,-0.2150089674629271
2025-03-12,risk_off,-0.004060324825986061,ok,0.0765744298696518,-0.21586564183235168,-0.6840848922729492,1.085252285003662,0.14598777890205383,0.18057109415531158,0.07847321778535843,-0.2644358277320862,-0.35765916109085083,-0.32141485810279846,-0.027660157531499863
2025-03-13,risk_off,0.02970297029702973,ok,0.5194294452667236,-0.5511685013771057,-0.14564117789268494,0.45819956064224243,-0.40313416719436646,1.3636783361434937,0.11554505676031113,0.3916740119457245,0.41771823167800903,-0.6019715666770935,0.15643292292952538
2025-03-14,risk_off,0.013574660633484115,ok,0.9266307353973389,-0.2928083539009094,-0.27947375178337097,0.5146791934967041,-0.839820146560669,0.8254209756851196,0.0011141877621412277,-0.2319674789905548,-0.11088907718658447,-0.16634608805179596,0.03465401958674193
2025-03-17,risk_off,-0.006138392857142905,ok,0.3021983206272125,0.14112330973148346,-0.428079754114151,1.187666654586792,-0.03235936909914017,-0.012151994742453098,-0.7007660865783691,-0.1700613647699356,-0.04689532145857811,-0.6424176692962646,-0.04017432751134038
2025-03-18,risk_off,-0.017967434025828233,ok,0.4550640881061554,0.0852070152759552,-0.10097522288560867,0.5636295676231384,-0.6403716802597046,0.30271580815315247,-0.6595587134361267,0.10472407191991806,-0.2970271706581116,-0.5219122767448425,-0.07085045129060745
2025-03-19,risk_off,-0.00800457404230992,ok,0.041329991072416306,0.37998417019844055,-0.5837810635566711,0.7423131465911865,0.013129906728863716,0.09250187873840332,0.1554495096206665,-0.519659698009491,-0.1756984144449234,-0.15834052860736847,-0.001277110166847706
2025-03-20,,,not_session,,,,,,,,,,,
2025-03-21,risk_off,0.009221902017291006,ok,0.9261004328727722,-0.5824742913246155,-0.1916206181049347,0.41915515065193176,-0.38821348547935486,0.3887241780757904,-0.06719736754894257,-0.06930524110794067,0.00048768892884254456,-0.3517518937587738,0.008390455320477486
2025-03-24,risk_off,-0.010279840091376391,ok,0.47112947702407837,0.10762172192335129,-0.09709938615560532,0.5550375580787659,0.07920566946268082,-0.20931771397590637,-0.23830989003181458,0.2795666754245758,-0.03842950239777565,-0.4515765607357025,0.04578280486166477
2025-03-25,risk_off,-0.019042123485285667,ok,0.5091086030006409,-0.2766883373260498,-0.21019408106803894,0.8272682428359985,-0.48128020763397217,0.23920603096485138,-0.6401946544647217,0.4669151306152344,0.22947683930397034,-0.2746371328830719,0.0388980433344841
2025-03-26,risk_on,-0.011176470588235343,ok,0.031096691265702248,0.030602114275097847,0.02794601395726204,0.04119143262505531,0.02670266106724739,0.033096250146627426,0.05164482444524765,0.031231490895152092,0.023195093497633934,0.024581093341112137,0.032128766551613806
2025-03-27,risk_on,-0.049970255800118935,ok,-0.004499509930610657,-0.002580197062343359,-0.0022862874902784824,0.0012495326809585094,0.0020476365461945534,0.01796700432896614,0.012577453628182411,0.001433250610716641,0.005499598570168018,0.0020397226326167583,0.0033448204514570532
2025-03-28,risk_off,-0.02128991859737006,ok,0.38040390610694885,0.10805897414684296,0.3936665654182434,0.4991871416568756,0.07121333479881287,0.19807840883731842,-0.238591730594635,0.26569831371307373,0.003128657117486,0.016678916290402412,0.1697522487491369
2025-03-31,risk_off,0.000639795265515053,ok,0.2841605246067047,0.1639155149459839,-0.15970271825790405,0.36284539103507996,0.16430695354938507,-0.1300359070301056,-0.5020769834518433,0.3013981580734253,0.03833668678998947,-0.49003204703330994,0.003311557322740555
2025-04-01,risk_off,-0.07097186700767266,ok,0.14069968461990356,-0.0954497754573822,0.12468209862709045,0.6465531587600708,-0.36043211817741394,-0.323629766702652,-0.08750564604997635,0.1756693720817566,0.2511236369609833,-0.10610587894916534,0.036560476571321485
2025-04-02,risk_off,-0.00619408121128695,ok,0.33347198367118835,0.5244991779327393,-0.23379334807395935,0.4408419728279114,-0.09736698865890503,0.4969210922718048,0.2806462049484253,0.2773664593696594,0.1704561710357666,-0.21212594211101532,0.19809167832136154
2025-04-03,risk_off,-0.17797783933518008,ok,0.5344799160957336,-0.46633002161979675,-0.1036316379904747,0.6140077710151672,-0.1084899827837944,-0.01594247668981552,0.22227038443088531,0.262724906206131,0.14397893846035004,0.0765632688999176,0.11596310660243034
2025-04-04,risk_off,0.11541701769165957,ok,0.5021944642066956,-0.12720085680484772,-0.4590601921081543,0.5698177814483643,-0.059543319046497345,-0.1697946935892105,0.07150069624185562,0.3291056156158447,0.11986711621284485,-0.24652217328548431,0.05303644388914108
2025-04-07,risk_off,-0.03549848942598188,ok,-0.009890973567962646,-0.4196528196334839,-0.16594694554805756,0.7241698503494263,0.5321787595748901,-0.15850988030433655,-0.21031850576400757,0.4171055853366852,0.16758418083190918,-0.3612058460712433,0.051551340520381926
2025-04-08,risk_off,0.15505090054815973,ok,-0.11278703808784485,-0.16448473930358887,-0.3291178345680237,0.35325008630752563,0.34328192472457886,-0.3398987054824829,-0.5183892250061035,0.315841406583786,0.24224360287189484,-0.5218564867973328,-0.07319170087575913
2025-04-09,risk_off,-0.10237288135593225,ok,0.21485206484794617,0.2239319235086441,0.14871768653392792,0.4527301788330078,0.6060590744018555,-0.17890232801437378,0.13585159182548523,0.11030637472867966,0.45503920316696167,-0.2559974193572998,0.19125883504748345
2025-04-10,risk_off,0.095166163141994,ok,0.6236085295677185,-0.1265200972557068,-0.41220083832740784,0.4091012477874756,0.3189235031604767,-0.1854148954153061,0.04768572002649307,-0.09499441087245941,0.5103505253791809,-0.028135333210229874,0.10624039508402347
2025-04-11,risk_off,-0.0096551724137931,ok,0.6232118606567383,-0.32192033529281616,-0.5511804819107056,0.9446622729301453,-0.4866741895675659,-0.18069793283939362,-0.7094292640686035,-0.3398846983909607,0.10523362457752228,0.39775288105010986,-0.05189262628555298
2025-04-14,risk_off,-0.0069637883008356605,ok,-0.14826303720474243,0.10083992779254913,-0.8602291345596313,1.5127465724945068,0.7376642823219299,-0.3659816086292267,-0.8213289380073547,-0.387023389339447,0.1676928699016571,0.20908161997795105,0.014519916474819183
2025-04-15,risk_off,-0.030855539971949564,ok,0.24017244577407837,0.12669071555137634,-0.8556142449378967,1.207944631576538,0.20476828515529633,-1.0129190683364868,-1.2722632884979248,0.4587445855140686,-0.26871025562286377,-0.20005367696285248,-0.1371239870786667
2025-04-16,risk_off,0.02387843704775694,ok,1.0806025266647339,0.2946079969406128,-0.6716440916061401,0.9701799154281616,1.2296972274780273,-1.0598028898239136,0.29329100251197815,-0.7842196822166443,-0.23421095311641693,0.9798637628555298,0.20983648151159287
2025-04-17,risk_off,-0.014134275618374548,ok,0.9461352825164795,0.12755700945854187,-0.3209301829338074,0.7652888298034668,0.9454016089439392,-0.041857779026031494,-0.07402826845645905,0.3335599899291992,0.6616685390472412,0.06528370827436447,0.34080787375569344
2025-04-18,risk_off,-0.00501792114695343,ok,1.0595910549163818,-0.6543227434158325,-0.38895151019096375,1.05497145652771,-0.14767463505268097,-0.35991066694259644,-0.9813625812530518,0.06309325248003006,1.0046697854995728,0.7181878685951233,0.13682912811636924
2025-04-21,risk_off,0.02449567723342949,ok,0.39817148447036743,-0.13067510724067688,-0.726315975189209,1.1684002876281738,0.7752022743225098,-1.1337536573410034,-0.4608518183231354,0.5306615829467773,0.431663453578949,-0.6830857992172241,0.016941672563552855
2025-04-22,risk_off,0.010548523206751037,ok,0.15229661762714386,-0.07570099085569382,-0.3994213044643402,1.4869821071624756,0.25585466623306274,-1.1373836994171143,-0.8350372314453125,0.442973256111145,0.48696327209472656,0.37319278717041016,0.07507194802165032
2025-04-23,risk_off,0.028531663187195466,ok,0.7430933117866516,0.5958990454673767,-0.8590625524520874,1.3267860412597656,0.8162389397621155,-0.7087216377258301,-0.025772325694561005,-1.041875958442688,0.2261708527803421,-0.06317923218011856,0.10095764845609664
2025-04-24,risk_off,0.030446549391069055,ok,0.5037240386009216,-0.07439057528972626,-1.056423306465149,0.797315776348114,0.6963034868240356,-0.7314121723175049,0.09756117314100266,-0.05132249742746353,0.48766955733299255,-0.010009193792939186,0.06590162869542837
2025-04-25,risk_off,-0.04136572554169404,ok,1.646120548248291,-0.33305487036705017,0.32328811287879944,0.9719281792640686,0.544227123260498,-0.08801782131195068,-0.7575300931930542,-0.2682703137397766,0.3987046778202057,0.16320402920246124,0.26005995720624925
2025-04-28,risk_off,0.022602739726027332,ok,0.5619078278541565,0.020034564658999443,-0.5488971471786499,0.5000626444816589,0.6617560386657715,-1.5675160884857178,-0.24415117502212524,0.057049430906772614,0.6323115229606628,-0.7189062237739563,-0.06463486049324274
2025-04-29,,,not_session,,,,,,,,,,,
2025-04-30,risk_off,0.010716677829872845,ok,0.23066949844360352,0.8981583714485168,-0.07287873327732086,1.073049783706665,0.30269956588745117,-0.539098858833313,0.1216265931725502,0.07958795875310898,0.13869842886924744,0.45709264278411865,0.2689605250954628
2025-05-01,risk_off,-0.0033134526176276102,ok,0.329559326171875,-0.023561598733067513,0.34465292096138,0.7221315503120422,1.02876615524292,-0.3146405816078186,0.40792471170425415,0.507946252822876,0.5827800631523132,0.07586544007062912,0.36614242400974034
2025-05-02,risk_off,0.010638297872340496,ok,0.23151081800460815,0.004730982705950737,-0.1193738654255867,0.25122320652008057,0.772331714630127,-0.08315683156251907,-0.29902660846710205,0.49427276849746704,0.582196056842804,-0.26214027404785156,0.1572567967697978
2025-05-05,,,not_session,,,,,,,,,,,
2025-05-06,,,not_session,,,,,,,,,,,
2025-05-07,risk_off,0.03223684210526323,ok,0.31065112352371216,0.3285830318927765,0.24725550413131714,0.4820197522640228,0.750950813293457,-0.8431591987609863,0.5102124810218811,-0.03972570598125458,0.17185847461223602,0.33287543058395386,0.22515217065811158
2025-05-08,risk_off,0.01210962396430837,ok,-0.35495641827583313,0.43278658390045166,-0.31128889322280884,0.5342743992805481,0.8426207304000854,-0.5832133293151855,0.14082439243793488,-0.7983542084693909,1.1904911994934082,0.034025996923446655,0.11272104531526565
2025-05-09,risk_off,0.0692695214105794,ok,-0.4335355758666992,0.05447288230061531,-0.13965174555778503,0.24244481325149536,0.06542301177978516,-0.713946521282196,-0.28004977107048035,0.11108488589525223,0.08705847710371017,-0.054836392402648926,-0.10615359358489514
2025-05-12,risk_off,-0.0035335689045936647,ok,-0.2433118373155594,0.1268041878938675,-0.6061086058616638,0.14418882131576538,-0.1480078250169754,-0.139071986079216,-0.24876669049263,0.055273592472076416,0.22008876502513885,-0.3668137192726135,-0.120572529733181
2025-05-13,risk_off,-0.0005910165484633856,ok,0.14420545101165771,0.4097350239753723,-0.2885821759700775,0.22870075702667236,-0.12916727364063263,-0.47162064909935,-0.493707537651062,0.22001489996910095,0.21297122538089752,0.17222817242145538,0.0004777893424034119
2025-05-14,risk_off,-0.012418687167356612,ok,0.2735660672187805,0.10040369629859924,-0.7195239067077637,0.01587049849331379,0.18300741910934448,-0.003330075880512595,0.5794567465782166,0.2413574755191803,0.5246152877807617,0.339681476354599,0.15351046847645194
2025-05-15,risk_off,-0.026946107784431184,ok,0.1386784166097641,-0.07141726464033127,-0.009058773517608643,-0.35792797803878784,0.10627887398004532,-0.2790111005306244,0.032665081322193146,0.4448006749153137,0.8282567262649536,0.7175718545913696,0.15508365109562874
2025-05-16,risk_off,-0.0012307692307692575,ok,-0.4268161654472351,-0.3602730333805084,0.41175490617752075,0.5018404126167297,0.5047912001609802,-0.11963191628456116,0.02712843008339405,0.17825984954833984,0.531944215297699,0.007440690882503986,0.1256438589654863
2025-05-19,risk_on,-0.009242144177449174,ok,-0.027107328176498413,0.008125683292746544,0.0037832611706107855,-0.015860307961702347,-0.00012711642193607986,0.001787979737855494,0.0003597576869651675,0.021062416955828667,-0.01605272851884365,-0.023494983091950417,-0.004752336532692425
2025-05-20,risk_on,-0.01741293532338306,ok,-0.022670645266771317,-0.00569450668990612,-0.005315413698554039,0.00237808539532125,0.01000668853521347,0.015028009191155434,0.009307832457125187,-0.024084733799099922,0.0031848312355577946,-0.025082413107156754,-0.004294226574711501
2025-05-21,risk_on,0.019620253164557067,ok,0.030973535031080246,0.02704450860619545,0.02698245830833912,0.022617748007178307,0.012991407886147499,0.03490908071398735,0.015280460007488728,0.06766149401664734,0.02109278179705143,0.008379913866519928,0.02679333882406354
2025-05-22,risk_off,-0.004345127250155234,ok,-0.3629230260848999,-0.1054755300283432,-0.03198384493589401,-0.2744920551776886,-0.05793316662311554,0.22659236192703247,0.04987380653619766,0.1103067621588707,0.3359139561653137,0.4212906062602997,0.031116987019777297
2025-05-23,risk_off,0.018079800498753018,ok,0.006017997860908508,-0.48377174139022827,0.026077039539813995,0.24912795424461365,-0.03263148292899132,0.39414384961128235,-0.4953750669956207,0.12312325835227966,-0.28262171149253845,0.4359554052352905,-0.005995449796319008
2025-05-26,risk_off,0.014696876913655954,ok,-0.08048874139785767,0.33388152718544006,-0.24733978509902954,0.04366263002157211,0.03333721309900284,-0.6595835089683533,-0.4419059157371521,0.16336625814437866,-0.2402898371219635,0.5447195768356323,-0.055064058303833006
2025-05-27,risk_off,0.02112251056125536,ok,-0.03172502666711807,0.2163303643465042,-0.15025117993354797,0.3757394850254059,0.1728544682264328,-0.4528579115867615,-0.6054713726043701,-0.051305487751960754,-0.5500829219818115,0.2204681634902954,-0.08563014194369316
2025-05-28,risk_off,-0.019503546099290725,ok,-0.09654951095581055,-0.1494891494512558,-0.1954815685749054,0.18853148818016052,-0.17347712814807892,0.033053234219551086,0.12421108782291412,-0.18811669945716858,-0.1406833380460739,0.31802064180374146,-0.027998094260692597
2025-05-29,risk_off,-0.02169981916817365,ok,0.12814858555793762,-0.07522916793823242,0.1339954137802124,0.22362756729125977,-0.0406738817691803,0.306302011013031,-0.025978317484259605,0.29070934653282166,-0.2777484059333801,0.7134144306182861,0.1376567581668496
2025-05-30,risk_off,-0.008626001232285851,ok,-0.19897201657295227,-0.409248948097229,-0.23388198018074036,-0.14616021513938904,0.12217684090137482,-0.015755262225866318,-0.17758752405643463,0.1615547239780426,-0.031686931848526,0.33577629923820496,-0.05937850140035152
2025-06-02,risk_on,0.02237414543194527,ok,-0.020926008000969887,-0.040717713534832,-0.03182298317551613,-0.028210118412971497,-0.03189806640148163,-0.03488700091838837,-0.032310061156749725,-0.032026056200265884,-0.019120384007692337,-0.02688383124768734,-0.029880222305655478
2025-06-03,risk_on,-0.002431610942249196,ok,0.03617817163467407,0.03571677580475807,0.02742007188498974,0.030015647411346436,0.028138522058725357,0.03383336588740349,0.03309423103928566,0.028789829462766647,0.03730284422636032,0.027941571548581123,0.03184310309588909
2025-06-04,risk_on,0.01706276660572814,ok,0.06975511461496353,0.07224713265895844,0.05479690432548523,0.051605336368083954,0.05279852822422981,0.05834227427840233,0.0638933777809143,0.0636395663022995,0.06246509402990341,0.05096423253417015,0.060050756111741065
2025-06-05,risk_on,0.014379868184541733,ok,0.005010231398046017,0.0021347443107515574,0.008678062818944454,-0.011690089479088783,-0.001326709403656423,0.01123045664280653,0.00488316873088479,-0.005433596670627594,0.0056428504176437855,0.0027913847006857395,0.0021920503466390075
2025-06-06,risk_on,0.016538688718251704,ok,-0.021765485405921936,-0.022479992359876633,-0.016860635951161385,-0.015025838278234005,-0.01274561695754528,-0.016830481588840485,-0.012145825661718845,-0.027579015120863914,-0.018059005960822105,-0.011982197873294353,-0.017547409515827894
2025-06-09,risk_on,0.01220220801859373,ok,0.03411994129419327,0.03098558820784092,0.029780250042676926,0.02701943926513195,0.026676369830965996,0.034932784736156464,0.03346378728747368,0.0306013822555542,0.03013141080737114,0.030904123559594154,0.03086150772869587
2025-06-10,risk_on,0.006888633754305484,ok,0.012789255939424038,0.008704121224582195,0.005726569332182407,0.0003982748603448272,0.01314433291554451,0.014199231751263142,0.009324559941887856,0.0028652013279497623,0.004181412048637867,0.0036971401423215866,0.007503009948413819
2025-06-11,risk_on,-0.0051311288483466555,ok,0.007640975061804056,0.0016920597990974784,-0.004316896665841341,0.0025932411663234234,-0.002060531172901392,-0.00175421591848135,0.006834984757006168,0.005136771593242884,-0.004478790797293186,0.00017168931663036346,0.0011459287139587103
2025-06-12,risk_on,-0.022922636103151817,ok,0.01718512922525406,0.014416840858757496,0.013942069374024868,0.0064570726826786995,0.013545342721045017,0.006910587660968304,0.008753194473683834,0.014927339740097523,0.009132010862231255,0.00909396167844534,0.011436354927718639
2025-06-13,risk_on,0.029912023460410664,ok,-0.009697787463665009,-0.0030688070692121983,0.0011067866580560803,-0.004338632337749004,-0.008072305470705032,-0.0007729390636086464,-0.002377177355811,-0.0006870886427350342,-0.007928919047117233,-0.00224115583114326,-0.0038078025623690336
2025-06-16,risk_on,0.007972665148063829,ok,-0.03365321829915047,-0.024933723732829094,-0.020462512969970703,-0.02964458242058754,-0.017358126118779182,-0.03454941511154175,-0.027020802721381187,-0.03211606293916702,-0.023686539381742477,-0.021299364045262337,-0.026472434774041174
2025-06-17,risk_off,0.019209039548022666,ok,-0.10148417949676514,0.03821820020675659,0.27035659551620483,0.11345185339450836,-0.2591765224933624,0.04259514808654785,0.015660850331187248,-0.03654094040393829,-0.07047148793935776,-0.020086782053112984,-0.000747726485133171
2025-06-18,risk_on,-0.019955654101995512,ok,-0.009783145040273666,-0.013695227913558483,-0.02217354066669941,-0.01845167763531208,-0.012866426259279251,-0.024537401273846626,-0.018095504492521286,-0.02430908940732479,-0.01793176680803299,-0.021062619984149933,-0.018290639948099853
2025-06-19,risk_off,0.005656108597285048,ok,-0.05499672517180443,-0.13402847945690155,-0.05575180426239967,0.12364160269498825,0.01536078006029129,-0.14887063205242157,0.025329971686005592,0.07995625585317612,-0.08980905264616013,0.04967750236392021,-0.018949058093130588
2025-06-20,risk_off,0.03487064116985383,ok,0.1663035750389099,-0.20208241045475006,-0.3940916657447815,0.10121959447860718,-0.07829058915376663,-0.04085967689752579,-0.012426645494997501,-0.05737490952014923,0.08351913094520569,-0.17394068837165833,-0.060802428517490625
2025-06-23,risk_off,0.027717391304347805,ok,0.101594477891922,-0.09250092506408691,-0.1671387106180191,0.08885779231786728,-0.03415295481681824,-0.22138598561286926,-0.12662379443645477,0.1567831039428711,-0.060958392918109894,-0.08504299819469452,-0.04405683875083923
2025-06-24,risk_off,0.007932310946589194,ok,-0.011510399170219898,-0.06306064873933792,-0.022620849311351776,0.1362813115119934,0.009816442616283894,-0.2834770679473877,0.05598630756139755,0.11284493654966354,0.029836902394890785,-0.1352415382862091,-0.017114460282027722
2025-06-25,risk_on,0.018887722980063026,ok,-0.010419451631605625,-0.005483759567141533,-0.012277080677449703,-0.009235619567334652,-0.010702998377382755,-0.009295842610299587,-0.010225484147667885,-0.01707620359957218,-0.009867551736533642,-0.01024216040968895,-0.010482615232467652
2025-06-26,risk_on,0.028321318228630377,ok,0.0029930127784609795,-0.0023598605766892433,-0.007311669643968344,-0.007070239633321762,-0.0055039930157363415,0.007379310205578804,0.00392282847315073,-0.0059906779788434505,-0.007326000370085239,0.0016926232492551208,-0.0019574666512198746
2025-06-27,risk_on,-0.030545818728092144,ok,0.01950508914887905,0.012965833768248558,0.015898453071713448,0.01594611257314682,0.015133636072278023,0.01328959595412016,0.014999628998339176,0.015297981910407543,0.008015495724976063,0.01221447717398405,0.01432663043960929
2025-06-30,risk_on,-0.030475206611570216,ok,0.008385107852518559,0.0023931064642965794,0.008077341131865978,0.001052372739650309,0.0062936460599303246,0.004350054077804089,0.006812631152570248,0.0007522496161982417,0.008372589014470577,0.006880900822579861,0.0053369998931884766
2025-07-01,risk_on,0.030367607884922654,ok,-0.017940782010555267,-0.02231668308377266,-0.019997084513306618,-0.024023953825235367,-0.022112783044576645,-0.02420034073293209,-0.021613791584968567,-0.020978063344955444,-0.023145128041505814,-0.017558012157678604,-0.021388662233948707
2025-07-02,risk_on,0.01706308169596693,ok,-0.011103254742920399,-0.00853794440627098,-0.0019155608024448156,-0.011580809950828552,-0.012310147285461426,-0.009060218930244446,-0.008492744527757168,-0.004612612538039684,-0.01174543984234333,-0.005195958539843559,-0.008455469156615436
2025-07-03,risk_on,-0.014743263853584154,ok,-0.025191839784383774,-0.022484302520751953,-0.01472144853323698,-0.02033243328332901,-0.024626338854432106,-0.02669670805335045,-0.022204596549272537,-0.024774078279733658,-0.020246095955371857,-0.0259532667696476,-0.022723110858350992
2025-07-04,risk_on,-0.008255933952528327,ok,0.005093283951282501,0.009333360008895397,0.014438235200941563,0.0026286011561751366,0.01071607694029808,0.012541410513222218,0.01900695078074932,0.012605562806129456,0.00877135805785656,0.006376982666552067,0.01015118220821023
2025-07-07,risk_on,0.03017689906347565,ok,-0.019454332068562508,-0.020563820376992226,-0.018284965306520462,-0.01669481210410595,-0.018922338262200356,-0.0231618694961071,-0.020930014550685883,-0.0245773047208786,-0.023137137293815613,-0.012266073375940323,-0.019799266755580903
2025-07-08,risk_on,-0.007070707070707116,ok,0.03485345467925072,0.03180261701345444,0.027152547612786293,0.03603627532720566,0.025913894176483154,0.037666063755750656,0.03154619038105011,0.03267361596226692,0.029634518548846245,0.03067062236368656,0.03179497998207807
2025-07-09,risk_on,0.0025432349949134903,ok,-0.021213917061686516,-0.02050838991999626,-0.01836814358830452,-0.022577863186597824,-0.025205746293067932,-0.026774363592267036,-0.021893898025155067,-0.022454213351011276,-0.02162858285009861,-0.022527728229761124,-0.022315284609794615
2025-07-10,risk_on,-0.0025367833587012223,ok,-0.01656285859644413,-0.00958205759525299,-0.010449233464896679,-0.01335692498832941,-0.010618223808705807,-0.012835254892706871,-0.009155151434242725,-0.014299748465418816,-0.012131874449551105,-0.009852083399891853,-0.011884341109544038
2025-07-11,risk_on,-0.003560528992878953,ok,-0.02289656177163124,-0.030531175434589386,-0.02350805327296257,-0.02383510395884514,-0.027421878650784492,-0.027921242639422417,-0.028373347595334053,-0.02636086940765381,-0.026706889271736145,-0.0283107440918684,-0.026586586609482765
2025-07-14,risk_on,0.02450229709035212,ok,0.009296515956521034,0.008787551894783974,0.01520572416484356,0.013551170006394386,0.007791481912136078,0.015032490715384483,0.013001619838178158,0.014220880344510078,0.0133207431063056,0.010414224117994308,0.012062240205705167
2025-07-15,risk_on,-0.019431988041853532,ok,0.007149165961891413,0.005344625562429428,0.010228722356259823,0.00618251645937562,0.00617655273526907,0.012522416189312935,0.008371825329959393,0.007888538762927055,0.012744737789034843,0.004733750130981207,0.008134285127744079
2025-07-16,risk_on,0.0035569105691057867,ok,0.0005604398320429027,-0.004156109411269426,-0.00794427189975977,-0.006933600641787052,-0.0020728358067572117,-0.0038209413178265095,0.0026304852217435837,-0.008077714592218399,-0.00017208571080118418,0.0016170653980225325,-0.002836956892861053
2025-07-17,risk_on,-0.011139240506329084,ok,-0.0026349059771746397,0.0017858570208773017,0.00043770542833954096,-0.0013006972149014473,-0.005633425898849964,-0.0023260940797626972,-7.4640847742557526e-06,-0.0035026606637984514,4.013592842966318e-05,0.004700748715549707,-0.0008440800826065243
2025-07-18,risk_on,0.004096262160778297,ok,0.0059871976263821125,0.005167157389223576,0.0074737765826284885,0.003798749763518572,0.006696459837257862,-0.00034837378188967705,0.00148636510130018,0.007753316313028336,0.00485590472817421,0.003983214031904936,0.004685376759152859
2025-07-21,,,not_session,,,,,,,,,,,
2025-07-22,risk_on,0.0249872514023457,ok,0.02988775633275509,0.027322513982653618,0.021559804677963257,0.0272973645478487,0.027271119877696037,0.03228141367435455,0.029607774689793587,0.03209318965673447,0.02713375724852085,0.024272948503494263,0.027872764319181443
2025-07-23,risk_on,-0.013432835820895495,ok,-0.026245061308145523,-0.02670479193329811,-0.027660228312015533,-0.0299107376486063,-0.031122472137212753,-0.03325078263878822,-0.02639906294643879,-0.0292758010327816,-0.02937537245452404,-0.028851846233010292,-0.028879615664482116
2025-07-24,risk_on,-0.021180030257186067,ok,0.024295832961797714,0.025688614696264267,0.026165388524532318,0.02269575372338295,0.029040291905403137,0.026277348399162292,0.02309536188840866,0.02464303746819496,0.03177812322974205,0.025266539305448532,0.025894629210233687
2025-07-25,risk_on,-0.013395157135497215,ok,-0.016920777037739754,-0.0180699210613966,-0.020922154188156128,-0.022457953542470932,-0.021605324000120163,-0.028391825035214424,-0.02519918978214264,-0.018871374428272247,-0.019061710685491562,-0.020809775218367577,-0.021231000497937202
2025-07-28,risk_on,-0.0031331592689295418,ok,0.005004093050956726,0.004769315477460623,0.01136116310954094,0.008514235727488995,0.0032864396926015615,0.0088844895362854,0.005471160169690847,0.00931429024785757,0.0074666584841907024,0.0069253467954695225,0.007099719229154288
2025-07-29,risk_on,0.0005238344683080598,ok,-0.02244182489812374,-0.025156056508421898,-0.02128806710243225,-0.018646743148565292,-0.02633615955710411,-0.024494312703609467,-0.026140984147787094,-0.021693270653486252,-0.020888416096568108,-0.025999993085861206,-0.02330858279019594
2025-07-30,risk_on,-0.0298429319371728,ok,-0.020994223654270172,-0.022009549662470818,-0.016799556091427803,-0.019110720604658127,-0.021537546068429947,-0.021855521947145462,-0.016164429485797882,-0.020057570189237595,-0.023176178336143494,-0.020504331216216087,-0.020220962725579737
2025-07-31,risk_on,-0.024824608742579635,ok,-0.02600899711251259,-0.025049911811947823,-0.022513076663017273,-0.027967996895313263,-0.02473294921219349,-0.02683403715491295,-0.022528721019625664,-0.026551593095064163,-0.025949694216251373,-0.024428727105259895,-0.025256570428609848
2025-08-01,risk_on,0.03597122302158273,ok,0.02076740562915802,0.029983045533299446,0.029828378930687904,0.027444515377283096,0.024932438507676125,0.023187141865491867,0.025180848315358162,0.027614668011665344,0.027041450142860413,0.024457134306430817,0.02604370266199112
2025-08-04,risk_on,-0.014957264957264904,ok,0.01268988661468029,0.010572333820164204,0.012911833822727203,0.008022386580705643,0.013714754022657871,0.013360569253563881,0.013367063365876675,0.009457646869122982,0.014410986565053463,0.0065245176665484905,0.01150319785811007
2025-08-05,risk_on,-0.02386117136659438,ok,-0.029023174196481705,-0.036691244691610336,-0.03173022344708443,-0.02302907221019268,-0.029157202690839767,-0.029110735282301903,-0.025154180824756622,-0.027544748038053513,-0.026423875242471695,-0.03452303260564804,-0.02923874892294407
2025-08-06,risk_on,0.011111111111111072,ok,-0.006543044466525316,-0.008808271028101444,-0.010227061808109283,-0.009431679733097553,-0.0108087919652462,-0.005459207575768232,-0.006698887795209885,-0.014166034758090973,-0.007991974242031574,-0.010752308182418346,-0.009088726155459881
2025-08-07,risk_on,0.025824175824175732,ok,0.014874753542244434,0.012559575960040092,0.010923340916633606,0.0072903139516711235,0.010431326925754547,0.011503797024488449,0.008128954097628593,0.01160651445388794,0.01104048453271389,0.014195267111063004,0.011255432851612568
2025-08-08,risk_on,0.03535083020889118,ok,0.013112498447299004,0.007632791064679623,0.006835002452135086,0.002827732590958476,0.010443021543323994,0.008914880454540253,0.005510369781404734,0.0031970771960914135,0.0017146988539025187,0.002277705818414688,0.006246577820274979
2025-08-11,,,not_session,,,,,,,,,,,
2025-08-12,risk_on,-0.002586652871184647,ok,0.01447049155831337,0.013821972534060478,0.012727569788694382,0.012859349139034748,0.015326695516705513,0.008131721056997776,0.013091565109789371,0.016678469255566597,0.010794815607368946,0.018636155873537064,0.013653880544006824
2025-08-13,risk_on,-0.014004149377593311,ok,0.0030141607858240604,0.00531437061727047,0.003911470994353294,0.004179671406745911,0.0021441220305860043,0.011754178442060947,0.005937568377703428,0.011790772899985313,0.006566411815583706,0.0029099425300955772,0.0057522669900208715
2025-08-14,risk_on,0.004734350341925264,ok,-0.02285088784992695,-0.020821336656808853,-0.018174201250076294,-0.017956765368580818,-0.01295492984354496,-0.02024681307375431,-0.015586655586957932,-0.020696450024843216,-0.01721012592315674,-0.019442521035671234,-0.01859406866133213
2025-08-15,risk_on,-0.00366492146596864,ok,-0.006945481523871422,-0.008697863668203354,-0.008146551437675953,-0.011024064384400845,-0.009173986501991749,-0.00769951893016696,-0.012252701446413994,-0.01246323436498642,-0.009643401019275188,-0.015870846807956696,-0.010191765008494258
2025-08-18,risk_on,-0.009458749343142392,ok,-0.016961846500635147,-0.01788381300866604,-0.01576576568186283,-0.020481577143073082,-0.016947509720921516,-0.015262228436768055,-0.019874369725584984,-0.019629692658782005,-0.01428158488124609,-0.017340227961540222,-0.017442861571907997
2025-08-19,risk_on,-0.023872679045092826,ok,-0.0007488911505788565,-0.000388401560485363,-0.0018882851582020521,0.005274489521980286,-0.0004829796962440014,-0.004360877443104982,-0.0007601011311635375,0.002069242298603058,-0.004022692330181599,-0.0036285934038460255,-0.0008937090053223074
2025-08-20,risk_on,-0.0027173913043477826,ok,-0.02675846964120865,-0.026429830119013786,-0.0283359382301569,-0.019978299736976624,-0.026110930368304253,-0.024484865367412567,-0.027564680203795433,-0.02599732019007206,-0.026755180209875107,-0.025616932660341263,-0.025803244672715664
2025-08-21,risk_on,0.02670299727520442,ok,0.003978668246418238,0.002908254973590374,0.00795825757086277,0.011065889149904251,0.0016221478581428528,0.0054948474280536175,0.003342892974615097,0.006768117193132639,0.006011593621224165,0.006849471013993025,0.005600014002993703
2025-08-22,risk_on,-0.014331210191082855,ok,-0.010759256780147552,-0.011388884857296944,-0.011134377680718899,-0.007157054729759693,-0.01278666965663433,-0.010460905730724335,-0.012355342507362366,-0.011991624720394611,-0.00870803464204073,-0.009615124203264713,-0.010635727550834417
2025-08-25,risk_on,0.003231017770597644,ok,-0.04324568808078766,-0.04725649207830429,-0.04459241032600403,-0.044118732213974,-0.04140752553939819,-0.04554101824760437,-0.04358873888850212,-0.044584114104509354,-0.04230282083153725,-0.04502533748745918,-0.04416628777980804
2025-08-26,risk_on,-0.0026838432635534204,ok,-0.022170284762978554,-0.02145828865468502,-0.01995961368083954,-0.017589984461665154,-0.02399434521794319,-0.02566220611333847,-0.017190178856253624,-0.026300862431526184,-0.01830795221030712,-0.025585278868675232,-0.021821899525821208
2025-08-27,risk_on,0.023681377825618855,ok,-0.01250697486102581,-0.007455984130501747,-0.009905860759317875,-0.011866754852235317,-0.009321272373199463,-0.011195842176675797,-0.009541771374642849,-0.010863279923796654,-0.00828105490654707,-0.006749061401933432,-0.009768785675987601
2025-08-28,risk_on,-0.03154574132492116,ok,0.010929669253528118,0.0047276816330850124,0.00894011277705431,0.0032539383973926306,0.00884418934583664,0.00923270732164383,0.010121352970600128,0.00901777669787407,0.00865746196359396,0.009432993829250336,0.008315788418985903
2025-08-29,risk_on,-0.005428881650380024,ok,0.018786365166306496,0.013294846750795841,0.020804088562726974,0.018635064363479614,0.014417542144656181,0.021093226969242096,0.026514388620853424,0.014793348498642445,0.02059420943260193,0.019927293062210083,0.018886037357151508
2025-09-01,risk_on,-0.018558951965065518,ok,0.04156141355633736,0.038919322192668915,0.041379719972610474,0.03816371411085129,0.043816518038511276,0.03968096151947975,0.04184358939528465,0.04012451320886612,0.038608305156230927,0.04312821105122566,0.040722626820206644
2025-09-02,risk_on,0.0038932146829810943,ok,0.001287961727939546,-0.0025515989400446415,7.752329111099243e-05,-0.007564610801637173,-0.004438797943294048,0.004277779720723629,-0.000433298759162426,-0.0012020941358059645,0.00039443979039788246,-0.0019474877044558525,-0.0012100183754228055
2025-09-03,risk_on,0.021052631578947434,ok,0.018951265141367912,0.0191054530441761,0.019713513553142548,0.019910836592316628,0.02223830856382847,0.025535516440868378,0.02135480009019375,0.02251075580716133,0.020475735887885094,0.016965746879577637,0.020676193200051783
2025-09-04,risk_on,0.011394465545306653,ok,0.0035795108415186405,0.0031252212356776,0.002240257104858756,0.0060258288867771626,0.004341366235166788,0.007450044620782137,0.0029662279412150383,0.003981034271419048,-0.0015269839204847813,0.005143170244991779,0.003732567746192217
2025-09-05,risk_on,0.01341201716738194,ok,0.015572147443890572,0.02065940946340561,0.017545824870467186,0.01791110448539257,0.018051140010356903,0.01881435327231884,0.010291676968336105,0.015294102020561695,0.0035327766090631485,0.01619049720466137,0.0153863032348454
2025-09-08,risk_on,0.0058231868713605195,ok,0.015539847314357758,0.02069992758333683,0.018293587490916252,0.015458036214113235,0.02017144113779068,0.018164411187171936,0.01793886162340641,0.02561156637966633,0.02411860227584839,0.020208043977618217,0.019620432518422604
2025-09-09,risk_on,0.0189473684210526,ok,0.010173303075134754,0.002745133126154542,0.008160879835486412,0.01053086668252945,0.009352507069706917,0.007402725052088499,0.0023679130245000124,0.005146168638020754,0.0016752067022025585,0.00580484326928854,0.006335954647511244
2025-09-10,risk_on,0.030991735537190035,ok,-0.0248126108199358,-0.031371936202049255,-0.016723578795790672,-0.02516113966703415,-0.022788148373365402,-0.024074116721749306,-0.02437926083803177,-0.0237532090395689,-0.018681678920984268,-0.021762138232588768,-0.02335078176110983
2025-09-11,risk_on,0.023046092184368705,ok,-0.014226743951439857,-0.009618693962693214,-0.00955915730446577,-0.01869332604110241,-0.016513478010892868,-0.014386107213795185,-0.006084810476750135,-0.00966054666787386,-0.007700993679463863,-0.010039066895842552,-0.011648292420431972
2025-09-12,risk_on,0.008814887365328206,ok,-0.018803713843226433,-0.02478061430156231,-0.020785031840205193,-0.0181349515914917,-0.021451402455568314,-0.01735425926744938,-0.026706187054514885,-0.014852353371679783,-0.01946745067834854,-0.022754527628421783,-0.02050904920324683
2025-09-15,,,not_session,,,,,,,,,,,
2025-09-16,risk_on,0.00825242718446595,ok,-0.01446911133825779,-0.01629318669438362,-0.013339930213987827,-0.018257638439536095,-0.01641140505671501,-0.015838542953133583,-0.013445738703012466,-0.018430566415190697,-0.009927790611982346,-0.01671016216278076,-0.01531240725889802
2025-09-17,risk_on,0.06788637457871927,ok,-0.008370397612452507,-0.004806353244930506,-0.0025271906051784754,-0.013044394552707672,-0.006013574544340372,-0.0037982044741511345,-0.003811450209468603,-0.012456984259188175,-0.009635457769036293,-0.00694348756223917,-0.007140749483369291
2025-09-18,risk_on,-0.008115419296663706,ok,-0.002164163626730442,0.0032287000212818384,0.003227089298889041,0.0037503070197999477,0.0055124047212302685,0.0064498730935156345,0.0046762689016759396,0.0020462884567677975,-0.0035552994813770056,-0.0044600870460271835,0.0018711381359025835
2025-09-19,risk_on,0.020909090909090988,ok,-0.006862801034003496,-0.008591677062213421,-0.004038778133690357,0.0007776653510518372,0.0020823588129132986,-0.004924539010971785,-0.0069586848840117455,-0.009567406959831715,-0.015616092830896378,-0.0005539438570849597,-0.005425389960873872
2025-09-22,risk_on,0.006233303650934996,ok,0.002923079766333103,-0.0019489419646561146,0.0051961857825517654,0.001117293955758214,0.006153887137770653,0.003926869947463274,0.006773811299353838,0.0035325605422258377,0.011320630088448524,0.0023266091011464596,0.004132198565639555
2025-09-23,,,not_session,,,,,,,,,,,
2025-09-24,risk_on,-0.0026548672566372167,ok,-0.0017470736056566238,0.0030185298528522253,0.011129072867333889,0.004574160557240248,0.01127159409224987,0.008560060523450375,0.003957816399633884,0.006851320620626211,0.0015146094374358654,-0.0013850334798917174,0.0047745057265274225
2025-09-25,risk_on,-0.032830523513753374,ok,-0.01310473307967186,-0.012824012897908688,-0.013476605527102947,-0.010568453930318356,-0.009073815308511257,-0.010702348314225674,-0.008567288517951965,-0.0060812500305473804,-0.014206398278474808,-0.005081919953227043,-0.010368682583793998
2025-09-26,risk_on,0.018807339449541383,ok,-0.005619712173938751,-0.006642327643930912,-0.008719151839613914,-0.003085765289142728,-0.007969335652887821,-0.009129180572926998,-0.008134845644235611,-0.005324104800820351,0.0028004245832562447,-0.005865554325282574,-0.0057689553359523416
2025-09-29,risk_on,-0.01755965781179647,ok,-0.007353592198342085,-0.009950256906449795,-0.015943966805934906,0.0008715114672668278,-0.007903453893959522,-0.0023417319171130657,-0.009097998961806297,-0.004418475087732077,-0.005560392513871193,-0.0011523693101480603,-0.006285072612809017
2025-09-30,risk_on,0.027497708524289566,ok,-0.002932620933279395,0.0031820719595998526,-0.0014195158146321774,0.006342258770018816,0.004670361056923866,0.009443326853215694,0.003402093891054392,-0.005605468992143869,-0.0121993999928236,0.0006855034735053778,0.0005568610271438956
2025-10-01,risk_on,0.024977698483496846,ok,0.00877893902361393,0.011722086928784847,0.00887510646134615,0.01530379243195057,0.001014901790767908,0.018642859533429146,0.011710017919540405,0.017039628699421883,0.008137915283441544,0.014345026575028896,0.011557027464732528
2025-10-02,risk_on,0.046562228024368935,ok,0.006399063393473625,0.011999715119600296,0.014003938995301723,0.005905244033783674,0.00442584278061986,0.007942055352032185,0.005480344872921705,0.007912881672382355,0.00946776196360588,0.00967982318252325,0.008321667136624456
2025-10-03,risk_on,0.031185031185031242,ok,0.006497032940387726,0.005976332351565361,0.006020368542522192,0.01191630307585001,0.004032108001410961,0.008147544227540493,-4.3751992052420974e-05,0.005901085212826729,0.008174567483365536,0.005314160604029894,0.006193575044744648
2025-10-06,risk_on,-0.049193548387096775,ok,0.011297347955405712,0.007282761391252279,0.009111086837947369,0.012012790888547897,0.008698223158717155,0.015496071428060532,0.010432044044137001,0.006396425422281027,0.009506537578999996,0.011374522931873798,0.010160781163722276
2025-10-07,risk_on,0.019508057675996504,ok,0.00999511405825615,0.003098327200859785,0.006308701355010271,0.005343676544725895,0.0061820028349757195,0.007708467077463865,0.003449190640822053,0.0071566845290362835,0.0022397092543542385,0.013326231390237808,0.006480810488574207
2025-10-08,risk_on,-0.009567387687188011,ok,-0.01824428141117096,-0.01842539757490158,-0.013291281647980213,-0.019309258088469505,-0.01671820878982544,-0.01344808004796505,-0.012607915326952934,-0.01317583117634058,-0.01311923936009407,-0.018738210201263428,-0.015707770362496376
2025-10-09,risk_on,-0.030239395212095732,ok,-0.016195405274629593,-0.01559065654873848,-0.016870107501745224,-0.014391493052244186,-0.014863712713122368,-0.014980784617364407,-0.018962707370519638,-0.0172659233212471,-0.01624087058007717,-0.01630369946360588,-0.016166536044329403
2025-10-10,risk_on,-0.014724989172802072,ok,-0.015525605529546738,-0.01494230143725872,-0.014185379259288311,-0.012844030745327473,-0.01544617023319006,-0.010470886714756489,-0.011452392674982548,-0.012197493575513363,-0.015450629405677319,-0.016029225662350655,-0.013854411523789167
2025-10-13,,,not_session,,,,,,,,,,,
2025-10-14,risk_off,0.04967032967032958,ok,0.06724421679973602,-0.13905759155750275,0.07441749423742294,0.310474693775177,-0.38514524698257446,0.13802744448184967,-0.30682381987571716,0.08475519716739655,0.07018182426691055,-0.21114060282707214,-0.02970663905143738
2025-10-15,risk_off,-0.0020938023450586263,ok,-0.000661809928715229,0.11581719666719437,0.013390934094786644,0.12323527038097382,0.14285649359226227,0.025680575519800186,0.0260100569576025,0.34597739577293396,0.2169063687324524,0.11623214185237885,0.11254446236416697
2025-10-16,risk_off,-0.0020981955518254436,ok,-0.09033596515655518,0.06288174539804459,0.03148052096366882,-0.0492720901966095,0.08539512008428574,0.3700656592845917,0.06375883519649506,0.12926004827022552,-0.23285585641860962,-0.11217997968196869,0.02581980377435684
2025-10-17,risk_off,0.03195962994112689,ok,0.3967829644680023,0.04710441827774048,-0.11448543518781662,0.002037963829934597,0.2939864695072174,0.02097100391983986,-0.0026413819286972284,-0.035627469420433044,0.31733930110931396,0.11824353784322739,0.10437113724183292
2025-10-20,risk_off,-0.02241238793806033,ok,-0.02647354081273079,-0.09148629009723663,-0.2560751140117645,0.1255187690258026,0.06005754694342613,-0.19457095861434937,-0.39674103260040283,0.041702140122652054,0.15179607272148132,0.07075797021389008,-0.0515514437109232
2025-10-21,risk_off,-0.03126302626094202,ok,-0.16339606046676636,-0.07390470057725906,-0.18847505748271942,0.2200303077697754,0.12008289247751236,-0.11553177982568741,-0.3925440311431885,0.4075045883655548,-0.11946529895067215,0.21155571937561035,-0.009414342045783997
2025-10-22,,,gap_in_data,,,,,,,,,,,
2025-10-23,,,gap_in_data,,,,,,,,,,,
2025-10-24,,,not_session,,,,,,,,,,,
2025-10-27,risk_on,0.007361963190184007,ok,-0.0033319720532745123,-0.00885791890323162,-0.004578237421810627,-0.015137308277189732,-0.016349058598279953,-0.010117045603692532,-0.009804686531424522,-0.012893691658973694,-0.00906161405146122,-0.010890929959714413,-0.010102246305905282
2025-10-28,risk_on,0.046691027202598434,ok,-0.015935305505990982,-0.020272035151720047,-0.018560821190476418,-0.02761710435152054,-0.016118044033646584,-0.018386615440249443,-0.023330027237534523,-0.020890993997454643,-0.018464870750904083,-0.012825108133256435,-0.01924009257927537
2025-10-29,risk_on,0.01629169899146632,ok,0.006119562778621912,0.0012972920667380095,-0.00024150859098881483,0.002765658311545849,-0.0027868696488440037,0.010970224626362324,0.00327771226875484,0.003686624113470316,0.004441260825842619,0.0034510227851569653,0.0032980979536660015
2025-10-30,risk_on,0.024809160305343525,ok,0.043822430074214935,0.04622118920087814,0.04285947233438492,0.05200131982564926,0.04106578975915909,0.04967436566948891,0.039008550345897675,0.04892759025096893,0.04442897439002991,0.0563475675880909,0.046435724943876266
2025-10-31,risk_on,-0.06666666666666665,ok,-0.021683592349290848,-0.03137286752462387,-0.021863028407096863,-0.031328652054071426,-0.02260131947696209,-0.024023691192269325,-0.030660424381494522,-0.02790737710893154,-0.021626126021146774,-0.023346805945038795,-0.025641388446092605
2025-11-03,,,not_session,,,,,,,,,,,
2025-11-04,risk_on,0.03591380686352763,ok,0.0017089766915887594,0.0005878249066881835,0.0017064594430848956,-0.0032391406130045652,0.007227504160255194,0.005510781425982714,-0.0007356632268056273,0.004673927091062069,0.007133811246603727,0.005114815663546324,0.0029689296789001673
2025-11-05,risk_on,-0.04853620955315874,ok,-0.019584257155656815,-0.01735745556652546,-0.01285924669355154,-0.015330909751355648,-0.017242416739463806,-0.014446179382503033,-0.011303826235234737,-0.009658942930400372,-0.012908152304589748,-0.012426215223968029,-0.014311760198324919
2025-11-06,risk_off,0.02429149797570851,ok,0.06412619352340698,0.10277094691991806,-0.15546023845672607,0.05090177804231644,0.07893698662519455,-0.015656696632504463,-0.14114411175251007,0.12077833712100983,-0.13323087990283966,-0.01551495585590601,-0.0043492640368640425
2025-11-07,risk_off,0.0122529644268774,ok,0.1684950590133667,0.0020061051473021507,-0.21907411515712738,0.002054709941148758,0.27802544832229614,0.042895231395959854,-0.021716836839914322,-0.035599566996097565,0.21067988872528076,-0.10939177870750427,0.03183741448447108
2025-11-10,risk_off,-0.05349472862163218,ok,0.0018047313205897808,0.3290459215641022,0.07171642780303955,-0.0025145113468170166,0.28816652297973633,0.11276249587535858,-0.2821526527404785,0.004821382462978363,0.02153494395315647,-0.15766842663288116,0.03875168352387846
2025-11-11,risk_off,0.004537953795379579,ok,2.8938520699739456e-05,-0.09040122479200363,-0.17229977250099182,-0.03531643748283386,0.09759224951267242,-0.0896015465259552,-0.3170855641365051,0.08851034939289093,-0.13827277719974518,0.18061204254627228,-0.047623374266549945
2025-11-12,risk_off,-0.027104722792607783,ok,-0.054465554654598236,0.056247975677251816,-0.07386021316051483,0.09612869471311569,0.020636148750782013,-0.12413619458675385,-0.16630981862545013,0.1452772617340088,0.21804487705230713,0.12509474158287048,0.02426579184830189
2025-11-13,risk_off,0.013507809202194965,ok,-0.0026744490023702383,-0.019144516438245773,-0.3148311972618103,-0.28760045766830444,0.19808600842952728,0.13756318390369415,0.07029403746128082,0.08171088993549347,0.01258079893887043,0.45753610134124756,0.0333520399639383
2025-11-14,risk_off,-0.002915451895043719,ok,-0.1695307344198227,-0.1820252388715744,-0.21087993681430817,0.08176819980144501,0.26780790090560913,0.2781826853752136,-0.2733939290046692,-0.08515773713588715,0.1926002949476242,0.34529101848602295,0.02446625232696533
2025-11-17,risk_off,-0.0292397660818714,ok,-0.07089187204837799,0.02225401997566223,-0.04462430626153946,-0.011912986636161804,0.17947976291179657,-0.015141463838517666,-0.4379057288169861,0.38291147351264954,0.06813128292560577,0.13305611908435822,0.02053563008084893
2025-11-18,risk_off,0.05938037865748713,ok,-0.23955227434635162,-0.22431515157222748,-0.3509614169597626,0.0784328430891037,0.4065150022506714,-0.2141105979681015,0.02504619210958481,0.1886773258447647,0.2519538104534149,0.15283362567424774,0.007451935857534409
2025-11-19,risk_off,-0.0670186839967506,ok,-0.03974255546927452,0.08145442605018616,-0.2093505859375,-0.16137860715389252,0.006024654023349285,0.029818003997206688,-0.037895675748586655,-0.18118247389793396,-0.023950932547450066,0.10132898390293121,-0.04348747627809644
2025-11-20,risk_off,0.014366565084893423,ok,0.008024899289011955,-0.030608054250478745,-0.21032628417015076,-0.21915771067142487,0.5059940814971924,0.053215350955724716,-0.27306514978408813,0.047046780586242676,-0.12414711713790894,0.18660297989845276,-0.005642022378742695
2025-11-21,risk_off,-0.0051502145922747156,ok,0.05691872164607048,-0.06752558052539825,-0.25665631890296936,0.04689383506774902,0.18211579322814941,0.04324993118643761,-0.12882766127586365,-0.14624835550785065,0.0851881206035614,0.04650171101093292,-0.013838980346918106
2025-11-24,,,not_session,,,,,,,,,,,
2025-11-25,risk_off,0.026315789473684292,ok,0.22457753121852875,-0.07563410699367523,-0.07567593455314636,-0.009086405858397484,0.2415492981672287,0.0910869687795639,-0.4456765055656433,-0.12672749161720276,0.26060664653778076,0.10078487545251846,0.018580487556755544
2025-11-26,risk_off,0.007145859604875904,ok,0.086233951151371,0.044089991599321365,0.052164215594530106,-0.2187228798866272,0.39095431566238403,0.30124223232269287,0.04672951623797417,-0.010355822741985321,0.29164713621139526,0.17385993897914886,0.11578425951302052
2025-11-27,risk_off,0.014190317195325486,ok,-0.3274834156036377,0.11493605375289917,-0.3349263370037079,0.11762771755456924,0.12574319541454315,-0.01524654682725668,-0.08028050512075424,0.12703387439250946,-0.13782911002635956,-0.0018116310238838196,-0.04122367044910789
2025-11-28,risk_off,-0.019341563786008265,ok,0.1250496208667755,-0.26641979813575745,-0.04680228978395462,-0.06459932029247284,0.2748607397079468,0.20662721991539001,-0.16945615410804749,-0.030811753123998642,0.07838310301303864,0.043035537004470825,0.014986690506339074
2025-12-01,risk_off,0.015107007973143016,ok,-0.28126591444015503,-0.15360328555107117,-0.11759520322084427,-0.26244208216667175,0.20048902928829193,0.27031853795051575,-0.1937672644853592,0.05600336566567421,-0.030726850032806396,-0.062187567353248596,-0.05747772343456745
2025-12-02,risk_on,0.024803637866887218,ok,0.021583206951618195,0.02162487618625164,0.026453770697116852,0.024571072310209274,0.027174508199095726,0.026216452941298485,0.025488756597042084,0.019185520708560944,0.025282613933086395,0.022604672238230705,0.02401854507625103
2025-12-03,risk_off,0.009681323114159035,ok,-0.21912214159965515,0.17043811082839966,-0.32868486642837524,-0.010661416687071323,0.21718239784240723,-0.09959614276885986,-0.13020090758800507,-0.28442704677581787,0.26569467782974243,0.01816611737012863,-0.04012112179771066
2025-12-04,risk_on,0.0163803435876948,ok,0.05011880025267601,0.052482880651950836,0.05280499905347824,0.05268079787492752,0.051531460136175156,0.050992533564567566,0.055288318544626236,0.050633788108825684,0.04970172792673111,0.04949598386883736,0.05157312899827957
2025-12-05,risk_on,0.002358490566037652,ok,0.010691389441490173,0.0004042476648464799,0.0031928413081914186,0.003307267092168331,-0.00010368356015533209,0.0072398558259010315,0.0018820972181856632,-0.002917951438575983,0.00393318384885788,0.006618566811084747,0.0034247814211994408
2025-12-08,risk_on,0.019607843137254832,ok,0.05420195683836937,0.05160548537969589,0.05052845552563667,0.0491628535091877,0.05019755661487579,0.05481727048754692,0.05657503753900528,0.05285577103495598,0.05302219092845917,0.051088009029626846,0.05240545868873596
2025-12-09,risk_on,-0.005769230769230749,ok,-0.00891302153468132,-0.009514469653367996,-0.012592782266438007,-0.010855422355234623,-0.01025029830634594,-0.00841023400425911,-0.009241078980267048,-0.014558210037648678,-0.013821745291352272,-0.007845235988497734,-0.010600249841809272
2025-12-10,risk_on,-0.010831721470019318,ok,0.03792065382003784,0.035071153193712234,0.03140987828373909,0.033838916569948196,0.03614908084273338,0.03521409630775452,0.03327838331460953,0.03812466189265251,0.03386349976062775,0.03171297535300255,0.03465832993388176
2025-12-11,risk_on,-0.029722330856472468,ok,-0.011745992116630077,-0.009973905980587006,-0.012756486423313618,-0.01931063085794449,-0.014743348583579063,-0.019364450126886368,-0.010868694633245468,-0.017418015748262405,-0.011671919375658035,-0.010009828954935074,-0.01378632728010416
2025-12-12,risk_on,-0.010882708585247869,ok,-0.008855429477989674,-0.010496929287910461,-0.013359497301280499,-0.010368322022259235,-0.006918988190591335,-0.010344414040446281,-0.009363158605992794,-0.006591475568711758,-0.007912345230579376,-0.007490562275052071,-0.009170112200081348
2025-12-15,risk_on,-0.015077424612876977,ok,0.002707273932173848,0.006221015937626362,0.015024757944047451,0.012561975046992302,0.012082534842193127,0.013896624557673931,0.0070062968879938126,0.01089092530310154,0.013243421912193298,0.011665832251310349,0.010530065861530602
2025-12-16,risk_on,-0.02151427389325611,ok,0.0019333113450556993,-0.0025853365659713745,-0.006061074323952198,-0.008599888533353806,-0.011273869313299656,-0.005477319937199354,-0.005182152613997459,-0.0011968102771788836,-0.008984953165054321,-0.006120295263826847,-0.00535483886487782
2025-12-17,risk_on,0.018181818181818077,ok,-0.01917249709367752,-0.019814813509583473,-0.01427648775279522,-0.018661368638277054,-0.014776086434721947,-0.013814118690788746,-0.02053256891667843,-0.021223200485110283,-0.021283503621816635,-0.014443285763263702,-0.0177997930906713
2025-12-18,risk_on,0.02782392026578062,ok,0.0035634529776871204,0.002998568117618561,0.0035848815459758043,0.00017131527420133352,0.00470171682536602,0.005255602300167084,0.004333486780524254,0.011060484685003757,0.003988328389823437,7.267587352544069e-05,0.003973051276989281
2025-12-19,risk_on,0.02020202020202011,ok,0.027990246191620827,0.02702835388481617,0.01676899753510952,0.025178831070661545,0.027658803388476372,0.019184498116374016,0.026298193261027336,0.022476552054286003,0.027133623138070107,0.02531401813030243,0.02450321167707443
2025-12-22,risk_on,0.003960396039603964,ok,0.018706729635596275,0.019550319761037827,0.021051298826932907,0.01819075271487236,0.023183919489383698,0.016171010211110115,0.01921389438211918,0.016917375847697258,0.019100550562143326,0.01442087534815073,0.018650672677904368
2025-12-23,risk_on,0.006706114398422169,ok,-0.037573762238025665,-0.0325993187725544,-0.030809912830591202,-0.030711263418197632,-0.031648896634578705,-0.03148733824491501,-0.03267461806535721,-0.030929461121559143,-0.03698807954788208,-0.031834229826927185,-0.03272568807005882
2025-12-24,risk_on,0.009796238244514033,ok,0.0497424341738224,0.05028992146253586,0.04772882163524628,0.052686650305986404,0.05515298992395401,0.04758137837052345,0.04488314688205719,0.04657536745071411,0.04298064485192299,0.045670632272958755,0.048329198732972145
2025-12-25,risk_on,0.012805587892898762,ok,-0.06508515775203705,-0.06127215921878815,-0.05257079377770424,-0.06360936909914017,-0.05878237262368202,-0.055344581604003906,-0.057996999472379684,-0.05331544205546379,-0.05500994622707367,-0.05667603015899658,-0.05796628519892692
2025-12-26,risk_on,-0.016091954022988464,ok,-0.03216741234064102,-0.028076831251382828,-0.028025109320878983,-0.024893775582313538,-0.02628759667277336,-0.02799452282488346,-0.026786116883158684,-0.027650337666273117,-0.025879498571157455,-0.0308321975171566,-0.027859339863061904
2025-12-29,risk_on,0.02414330218068539,ok,-0.01792735606431961,-0.020781822502613068,-0.016982104629278183,-0.01922433078289032,-0.0173118244856596,-0.019438687711954117,-0.01833723857998848,-0.018017003312706947,-0.017066147178411484,-0.022822344675660133,-0.018790885992348193
2025-12-30,risk_on,0.04524714828897336,ok,-0.03789803758263588,-0.03538186475634575,-0.033205896615982056,-0.03630603849887848,-0.03469602391123772,-0.032438669353723526,-0.031404685229063034,-0.029382577165961266,-0.034281227737665176,-0.03474278002977371,-0.03397378008812666
2025-12-31,,,not_session,,,,,,,,,,,
2026-01-01,,,not_session,,,,,,,,,,,
2026-01-02,,,not_session,,,,,,,,,,,
2026-01-05,risk_on,0.017097126227719084,ok,-0.008072985336184502,-0.003514928976073861,0.0013207191368564963,0.00224794982932508,0.00034062948543578386,-0.0013750098878517747,-0.004734773188829422,0.00018006199388764799,-0.005335434339940548,-0.006983719766139984,-0.0025927491049515085
2026-01-06,risk_on,-0.0103719599427754,ok,-0.020909836515784264,-0.011256322264671326,-0.006817142479121685,-0.010723081417381763,-0.014842287637293339,-0.011656560003757477,-0.007040470372885466,-0.010181834921240807,-0.011278032325208187,-0.009146839380264282,-0.01138524073176086
2026-01-07,risk_on,-0.016263100831225175,ok,0.018952706828713417,0.01954345405101776,0.019015375524759293,0.017879249528050423,0.02317057177424431,0.014426658861339092,0.021999217569828033,0.021696969866752625,0.015365051105618477,0.022440066561102867,0.019448932167142628
2026-01-08,risk_on,0.05914768552534899,ok,-0.04558884724974632,-0.0456593856215477,-0.04421461746096611,-0.05014393851161003,-0.04813305661082268,-0.046639684587717056,-0.04452890157699585,-0.04865829646587372,-0.045118823647499084,-0.04939885810017586,-0.04680844098329544
2026-01-09,risk_on,0.00589663544918495,ok,-0.009910731576383114,-0.006215706467628479,-0.00836853962391615,-0.010166790336370468,-0.005684321746230125,-0.0046521020121872425,-0.0028119829948991537,-0.007799853105098009,-0.005809854716062546,-0.006220526061952114,-0.00676404086407274
2026-01-12,,,not_session,,,,,,,,,,,
2026-01-13,risk_on,0.008620689655172376,ok,0.0005575567483901978,-0.007046958897262812,-0.005894457455724478,-0.009850408881902695,-0.001959818648174405,-0.003933994099497795,-0.0042566233314573765,-0.0026218441780656576,-0.008306730538606644,-0.0035719373263418674,-0.004688521660864353
2026-01-14,risk_on,0.03076923076923066,ok,0.004889355506747961,0.007893993519246578,0.0059018805623054504,0.00945453904569149,0.01032197754830122,0.010337167419493198,0.007965059019625187,0.007336599286645651,0.010988665744662285,0.01300780288875103,0.008809704054147004
2026-01-15,risk_on,-0.008955223880596996,ok,0.01724710687994957,0.021746333688497543,0.017470819875597954,0.020341703668236732,0.01747397892177105,0.018176402896642685,0.017256656661629677,0.016197221353650093,0.017152586951851845,0.02105076238512993,0.018411357328295706
2026-01-16,risk_on,0.0053547523427042165,ok,-0.0073385643772780895,-0.01575183868408203,-0.007861703634262085,-0.01285422220826149,-0.010189411230385303,-0.013057258911430836,-0.010761384852230549,-0.014911392703652382,-0.012781337834894657,-0.014456155709922314,-0.011996327014639974
2026-01-19,risk_on,-0.03728362183754996,ok,0.004437186289578676,0.004198641516268253,0.009685298427939415,0.010032066144049168,0.005479468032717705,0.008133670315146446,0.006852489430457354,0.010761676356196404,0.007750087417662144,0.006045007612556219,0.007337559154257179
2026-01-20,risk_on,0.07434301521438447,ok,0.022566860541701317,0.028324879705905914,0.02645074389874935,0.029455868527293205,0.02411649189889431,0.02166200429201126,0.030153386294841766,0.021372506394982338,0.028151189908385277,0.024973653256893158,0.02572275847196579
2026-01-21,risk_on,0.027035725780495623,ok,-0.023969728499650955,-0.021019453182816505,-0.02154754102230072,-0.018673986196517944,-0.01769399829208851,-0.018997034057974815,-0.020940177142620087,-0.018253851681947708,-0.021239018067717552,-0.022829286754131317,-0.020516407489776612
2026-01-22,risk_off,-0.03447195236602951,ok,-0.11308326572179794,-0.251703143119812,0.14869485795497894,0.1549595296382904,-0.25356045365333557,-0.05076190456748009,0.36735233664512634,-0.02938845567405224,-0.21824996173381805,-0.20617054402828217,-0.04519110042601824
2026-01-23,risk_on,0.0019474196689386325,ok,-0.016439182683825493,-0.018118929117918015,-0.018977759405970573,-0.018796272575855255,-0.01792296953499317,-0.015268685296177864,-0.012006756849586964,-0.017619995400309563,-0.014645520597696304,-0.021576670929789543,-0.017137274239212276
2026-01-26,risk_on,0.03660511823777135,ok,-0.04302147030830383,-0.046664685010910034,-0.0480387806892395,-0.04692040756344795,-0.04691614210605621,-0.04586997628211975,-0.04492916166782379,-0.04893800616264343,-0.04009505733847618,-0.04572705924510956,-0.045712074637413024
2026-01-27,risk_on,0.0396875000000001,ok,-0.02827892266213894,-0.028197109699249268,-0.030430901795625687,-0.02815478853881359,-0.027353238314390182,-0.024052893742918968,-0.029784614220261574,-0.027011005207896233,-0.026837270706892014,-0.029743731021881104,-0.027984447591006757
2026-01-28,risk_on,-0.05290051097084458,ok,-0.006566718686372042,-0.010773824527859688,-0.005396664142608643,-0.01495521143078804,-0.008746800012886524,-0.010970554314553738,-0.009085345081984997,-0.008371162228286266,-0.007668660022318363,-0.006900819484144449,-0.008943575993180275
2026-01-29,risk_on,-0.021897810218978075,ok,-0.0023027595598250628,-0.006064767017960548,-0.0032776796724647284,-0.008690017275512218,0.0007663756841793656,-0.0007261497084982693,-0.0030152027029544115,-0.0012927702628076077,-0.0014911983162164688,0.0007059115450829268,-0.002538825728697702
2026-01-30,risk_on,0.015898767034393302,ok,-0.014117160812020302,-0.007460540160536766,-0.007882112637162209,-0.01089586690068245,-0.010114720091223717,-0.009342379868030548,-0.008889266289770603,-0.002700570970773697,-0.007654800545424223,-0.0102525744587183,-0.00893099927343428
2026-02-02,risk_on,-0.011497923985946956,ok,0.015138205140829086,0.011265488341450691,0.015048733912408352,0.013541368767619133,0.016148565337061882,0.014969543553888798,0.01933297887444496,0.0146992988884449,0.016241172328591347,0.012922325171530247,0.01493076803162694
2026-02-03,risk_off,-0.011954765751211682,ok,0.06688369810581207,-0.0017927244771271944,-0.03772766888141632,-0.07003892958164215,-0.2739505469799042,-0.019326407462358475,0.033440276980400085,0.11841022223234177,0.12270988523960114,0.07684653252363205,0.0015454337699338794
2026-02-04,risk_on,-0.0065402223675604665,ok,-0.0027022866997867823,-0.005878913216292858,-0.002684682607650757,-0.0036672987043857574,0.0016615375643596053,0.0015906003536656499,-0.004214041400700808,-0.007128146942704916,-0.00027823931304737926,-0.0006099783931858838,-0.0023911449359729888
2026-02-05,risk_off,0.09545753785385114,ok,0.005014603491872549,-0.013800244778394699,-0.0016217716038227081,-0.06657123565673828,0.18924525380134583,-0.0824163556098938,0.14846090972423553,0.24304498732089996,0.17851456999778748,0.16323813796043396,0.07631088546477258
2026-02-06,risk_off,-0.0078125,ok,0.03860415890812874,-0.14607730507850647,0.21791347861289978,0.08591968566179276,0.08720724284648895,-0.008757052011787891,0.02670993283390999,0.12909933924674988,0.2096702754497528,0.08079025149345398,0.07210800079628825
2026-02-09,risk_off,0.017565112053301135,ok,0.06065882369875908,0.14897730946540833,0.3312262296676636,0.0859338566660881,0.013417966663837433,0.12880320847034454,-0.014950540848076344,0.4414246082305908,0.04052574187517166,-0.2071533203125,0.10288638835772872
2026-02-10,risk_off,-0.020535714285714324,ok,0.23345060646533966,0.22188925743103027,0.10348357260227203,-0.04045453295111656,-0.19199801981449127,0.13134968280792236,-0.08661270141601562,0.22402323782444,0.23697005212306976,0.14699687063694,0.09790980257093906
2026-02-11,,,not_session,,,,,,,,,,,
2026-02-12,risk_off,0.010027347310847867,ok,0.03281796723604202,-0.03907518461346626,0.05186469852924347,-0.11031989008188248,-0.11143794655799866,0.4423772990703583,0.1874813437461853,0.3701983690261841,0.008627551607787609,0.2181338369846344,0.10506680449470877
2026-02-13,risk_off,-0.017749699157641352,ok,0.061215657740831375,-0.0637999027967453,0.33755436539649963,0.005525609944015741,0.13721923530101776,0.3755868673324585,-0.08270169794559479,0.14837005734443665,-0.09005040675401688,0.13525986671447754,0.09641796522773802
2026-02-16,risk_off,0.010719754977029039,ok,0.016932709142565727,0.17420202493667603,0.062458038330078125,0.0070252553559839725,0.11836819350719452,0.2593875229358673,0.029026605188846588,0.15973013639450073,-0.17256157100200653,-0.3217543363571167,0.03328145784325898
2026-02-17,risk_off,0.01848484848484855,ok,-0.072667196393013,-0.16039323806762695,-0.0441274419426918,0.21869443356990814,-0.12305530905723572,0.14158675074577332,0.25458788871765137,0.16863563656806946,0.26788172125816345,-0.18402017652988434,0.046712306886911394
2026-02-18,risk_off,-0.016066646831300213,ok,0.015688234940171242,-0.01278467383235693,-0.21545004844665527,0.2225566953420639,-0.0025108992122113705,0.29677921533584595,0.002137935720384121,0.06949347257614136,0.24170440435409546,0.08328821510076523,0.07009025518782437
2026-02-19,risk_off,0.008164499546416737,ok,0.1912173181772232,-0.21163567900657654,-0.04447709023952484,0.19577933847904205,-0.14404794573783875,-0.11165053397417068,-0.18088091909885406,0.1876017451286316,-0.07947755604982376,0.010128777474164963,-0.018744254484772682
2026-02-20,risk_off,0.034493101379724056,ok,-0.16909262537956238,0.17023861408233643,0.08865808695554733,0.0902026817202568,0.03652813285589218,0.5807301998138428,0.010793625377118587,0.20042784512043,0.2952350378036499,-0.48371052742004395,0.08200110709294677
2026-02-23,,,not_session,,,,,,,,,,,
2026-02-24,risk_off,0.03624238909828925,ok,-0.2562903165817261,-0.004238124005496502,0.12826044857501984,0.29374366998672485,-0.5152221322059631,0.4870677888393402,0.01230622734874487,0.025322183966636658,0.24658679962158203,0.09768163412809372,0.051521817967295644
2026-02-25,risk_off,-0.040290990486849476,ok,0.22349169850349426,0.07623521983623505,-0.08519566804170609,0.08814404159784317,-0.12602756917476654,0.10240182280540466,0.12916937470436096,0.009263498708605766,-0.03153926134109497,0.020488688722252846,0.040643184632062915
2026-02-26,risk_off,-0.017492711370262426,ok,0.11373726278543472,-0.15222416818141937,-0.2744106352329254,-0.11310901492834091,-0.12386535108089447,0.14797396957874298,0.13047420978546143,0.050483644008636475,-0.24234963953495026,-0.18318256735801697,-0.06464722901582717
2026-02-27,risk_off,0.013649851632047572,ok,0.2652227580547333,0.058282602578401566,0.07213636487722397,0.2696598768234253,-0.08909720927476883,0.2901379466056824,0.262906014919281,0.015788009390234947,-0.046254150569438934,0.1769367903470993,0.1275719003751874
2026-03-02,risk_off,-0.06001170960187352,ok,0.2884572446346283,-0.03960860148072243,-0.21434107422828674,0.260549396276474,0.2229023426771164,0.19522441923618317,0.0880742073059082,0.15093573927879333,-0.01705470308661461,-0.07091835141181946,0.08642206192016602
2026-03-03,risk_off,0.02211149174711924,ok,0.24075177311897278,-0.2572808563709259,-0.027496561408042908,0.3884866237640381,-0.20256362855434418,-0.04989873617887497,-0.1316276639699936,-0.07424479722976685,-0.05630463361740112,-0.0750410333275795,-0.024521951377391816
2026-03-04,risk_off,-0.031078610603290646,ok,-0.10508903861045837,-0.04085102677345276,0.031693294644355774,0.3210921883583069,0.0607953816652298,0.0691847950220108,0.0936427116394043,0.2575702667236328,0.08277498185634613,-0.22784152626991272,0.054297202825546266
2026-03-05,risk_off,-0.04968553459119496,ok,-0.18093344569206238,0.09304801374673843,0.041497260332107544,-0.06282367557287216,-0.13957415521144867,0.11309999227523804,0.16111992299556732,0.07329028844833374,0.0797499269247055,0.1577553004026413,0.03362294286489487
2026-03-06,risk_off,0.06055592322964931,ok,0.16529950499534607,-0.04684054106473923,-0.06460335105657578,0.07376066595315933,0.04782361537218094,0.22890830039978027,0.12444213032722473,-0.1440238654613495,0.1695955991744995,-0.08697919547557831,0.0467382863163948
2026-03-09,risk_off,0.01372854914196564,ok,0.3865737318992615,0.1906714141368866,0.019653312861919403,0.008240288123488426,0.08270648866891861,0.09247628599405289,-0.2220720797777176,-0.04180245101451874,-0.08826156705617905,-0.028454279527068138,0.039973114430904386
2026-03-10,risk_off,-0.011080332409972304,ok,0.25229954719543457,0.19391697645187378,-0.10668353736400604,0.3820652961730957,-0.010591264814138412,0.15007708966732025,-0.18771642446517944,0.09065145254135132,0.1359674334526062,0.05975959822535515,0.09597461670637131
2026-03-11,risk_off,-0.031434796140678456,ok,-0.07886708527803421,-0.0741218626499176,-0.0279400534927845,0.11248968541622162,-0.050410930067300797,0.02826913446187973,0.012590710073709488,0.17340293526649475,-0.16305813193321228,0.045300647616386414,-0.0022344950586557387
2026-03-12,risk_off,0.009640102827763508,ok,-0.2204694300889969,0.06939630210399628,-0.03829013183712959,0.27125832438468933,-0.030834898352622986,0.08602885901927948,0.006471909582614899,-0.03308643028140068,-0.17527087032794952,0.5281162858009338,0.04633199200034142
2026-03-13,risk_off,0.03309993634627628,ok,0.10287263989448547,0.06385952979326248,-0.18197153508663177,0.2150912582874298,-0.2167237550020218,0.041312020272016525,0.08968411386013031,-0.059487245976924896,0.009856034070253372,0.18876485526561737,0.02532579153776169
2026-03-16,risk_off,-0.021256931608133134,ok,0.198919415473938,-0.19504542648792267,-0.20604072511196136,-0.045808348804712296,-0.1920429915189743,0.08862301707267761,0.00820400845259428,0.11759699881076813,-0.20399628579616547,-0.15830649435520172,-0.058789683226495984
2026-03-17,risk_off,-0.018885741265344702,ok,-0.00547929760068655,0.08136765658855438,-0.023493651300668716,0.2821788489818573,-0.08437565714120865,0.06605424731969833,0.06224866211414337,0.26833903789520264,0.35154375433921814,0.03776759281754494,0.10361511940136552
2026-03-18,risk_off,-0.043631697144690396,ok,-0.14846371114253998,0.026034008711576462,0.19281631708145142,0.03515348583459854,0.12138041108846664,0.005232557654380798,-0.01687810942530632,0.13140495121479034,0.14374342560768127,-0.11192392557859421,0.037849941104650495
2026-03-19,risk_off,0.03857765850385775,ok,-0.022469770163297653,-0.08219011127948761,0.05858498439192772,0.2534227669239044,0.007768161594867706,-0.11238119006156921,0.26713597774505615,-0.002110809087753296,0.0924326702952385,-0.18378329277038574,0.027640938758850098
2026-03-20,,,not_session,,,,,,,,,,,
2026-03-23,risk_off,0.007751937984496138,ok,-0.13238002359867096,0.15215907990932465,0.16892477869987488,0.046760641038417816,-0.09249304234981537,-0.34220635890960693,-0.09669432044029236,0.19654273986816406,-0.1519792079925537,-0.09580722451210022,-0.03471729382872581
2026-03-24,risk_off,0.01057692307692304,ok,0.08692348003387451,0.17611542344093323,-0.066978320479393,0.12804289162158966,-0.011463116854429245,0.1240479126572609,0.05067842826247215,0.05317919701337814,-0.016318392008543015,0.3010222017765045,0.08252497054636479
2026-03-25,risk_off,-0.027592768791626976,ok,0.32543718814849854,0.1024358719587326,-0.0633443221449852,-0.2053566873073578,0.0630773976445198,0.11488672345876694,0.15785527229309082,-0.03821562975645065,-0.20050674676895142,0.06639965623617172,0.032266872376203536
2026-03-26,risk_off,-0.04761904761904767,ok,0.13169367611408234,-0.3800940215587616,0.010898084379732609,0.2201814502477646,-0.10708976536989212,0.2539293169975281,0.05783168971538544,0.24409052729606628,-0.22586610913276672,0.20619723200798035,0.041177208069711924
2026-03-27,risk_off,-0.006506849315068508,ok,-0.055648136883974075,-0.0019076131284236908,-0.0037916325964033604,0.17320096492767334,-0.11190953105688095,0.002554254839196801,-0.03339580446481705,0.20382511615753174,0.024410469457507133,0.0035936404019594193,0.020093172765336932
2026-03-30,risk_off,0.06135815236125475,ok,0.012136424891650677,-0.18778997659683228,0.06085655838251114,-0.01690218225121498,-0.0029996484518051147,-0.08107583224773407,-0.01568177156150341,0.022480027750134468,-0.055659640580415726,-0.02564951218664646,-0.029028555285185574
2026-03-31,risk_off,0.018837284832737833,ok,-0.15820574760437012,0.009930241852998734,-0.03662652522325516,0.1365504115819931,-0.036812156438827515,-0.067472904920578,0.14545366168022156,0.01994168758392334,0.21124882996082306,0.011580472812056541,0.023558797128498555
2026-04-01,risk_off,-0.021357985336308616,ok,-0.1005621999502182,0.13763359189033508,0.15757201611995697,-0.006521251983940601,0.04225426912307739,0.037706200033426285,0.13294030725955963,0.16078880429267883,-0.117577463388443,-0.13226714730262756,0.031196712609380485
2026-04-02,risk_off,0.0013029315960912946,ok,0.16771160066127777,-0.023675160482525826,0.03281044214963913,0.08588743954896927,0.16584110260009766,-0.07835283875465393,0.06743951886892319,0.04583054035902023,0.07170853018760681,0.18707183003425598,0.07222730051726103
2026-04-03,risk_off,0.014964216005205033,ok,-0.13007234036922455,-0.13055260479450226,-0.15823262929916382,0.10475478321313858,-0.015124456956982613,-0.16483119130134583,-0.02993810549378395,-0.03472273051738739,-0.04599424824118614,-0.0747695341706276,-0.06794830579310655
2026-04-06,risk_off,0.05128205128205132,ok,0.131181538105011,-0.06779389083385468,-0.03658077120780945,0.10053424537181854,-0.07286237180233002,0.06297361105680466,-0.20529592037200928,-0.04262217879295349,-0.12105225026607513,-0.09718607366085052,-0.03487040624022484
2026-04-07,risk_off,0.02103658536585362,ok,-0.00398856308311224,-0.14568324387073517,-0.17241105437278748,0.2177271842956543,-0.1353188306093216,-0.04859410971403122,-0.015084827318787575,-0.0878547877073288,-0.08747123181819916,0.029195576906204224,-0.04494838872924447
2026-04-08,risk_off,0.006270528515974982,ok,-0.06431032717227936,-0.028197169303894043,-0.12192679196596146,0.16956403851509094,0.04548797011375427,0.06329181790351868,0.2792704999446869,0.2291983962059021,-0.07408329844474792,-0.10911177843809128,0.03891833573579788
2026-04-09,risk_off,0.018694362017804167,ok,0.014310785569250584,-0.10410746932029724,0.1422920674085617,-0.3413471579551697,-0.0015325602144002914,0.24739210307598114,-0.1622086763381958,-0.0535159558057785,-0.2431635856628418,-0.023416778072714806,-0.052529722731560466
2026-04-10,risk_off,0.03495484998543552,ok,0.04318362846970558,-0.07007399201393127,0.0027715228497982025,-0.0021020295098423958,-0.26260897517204285,-0.05920225381851196,-0.1463526487350464,-0.10725923627614975,0.18402574956417084,-0.008783452212810516,-0.04264016868546605
2026-04-13,risk_off,0.039684773430903375,ok,-0.016524935141205788,0.01879936084151268,0.09672822058200836,0.1763835847377777,-0.08702761679887772,-0.07371674478054047,-0.07496124505996704,0.09138518571853638,-0.148122638463974,-0.057891517877578735,-0.007494834624230862
2026-04-14,risk_off,-0.022739577693557167,ok,-0.031897302716970444,0.013471413403749466,-0.03593253344297409,0.11124237626791,0.018186191096901894,0.04503675550222397,0.10708869248628616,0.00793808326125145,0.10223367810249329,-0.08480889350175858,0.02525584604591131
2026-04-15,risk_off,0.007756232686980669,ok,-0.27266401052474976,0.15334434807300568,0.014181813225150108,-0.10511992126703262,0.03879312425851822,0.10417220741510391,0.10893061012029648,0.23901048302650452,-0.05046297237277031,0.048623956739902496,0.027880963869392872
2026-04-16,risk_on,-0.01676745464540952,ok,-0.038160499185323715,-0.025649137794971466,-0.026108063757419586,-0.03158244863152504,-0.03804779052734375,-0.019111238420009613,-0.030300620943307877,-0.029511582106351852,-0.02287389151751995,-0.03628994897007942,-0.02976352218538523
2026-04-17,risk_off,0.010902991333519685,ok,-0.013296596705913544,0.18671643733978271,-0.09981235861778259,-0.04559139162302017,-0.12748871743679047,-0.03663964942097664,-0.1625739485025406,-0.11147722601890564,0.11408117413520813,-0.016693804413080215,-0.0312776081264019
2026-04-20,risk_off,0.014380530973451267,ok,0.2322729378938675,-0.10999298095703125,0.09690573811531067,0.1512605845928192,-0.16267713904380798,-0.10647890716791153,-0.2287897765636444,-0.2407441884279251,-0.021604331210255623,-0.06419306248426437,-0.04540411252528429
2026-04-21,risk_on,0.013086150490730697,ok,-0.030502863228321075,-0.03498202562332153,-0.03438464179635048,-0.0281105674803257,-0.024799715727567673,-0.026995494961738586,-0.02621954306960106,-0.02755565196275711,-0.028452526777982712,-0.032604482024908066,-0.0294607512652874
2026-04-22,risk_off,-0.0121097954790097,ok,-0.12124360352754593,0.12482939660549164,0.0759042352437973,0.10671469569206238,-0.1634301096200943,0.04451167210936546,0.14353853464126587,0.057999059557914734,0.11491371691226959,0.17863909900188446,0.05623766966164112
2026-04-23,risk_off,0.02696812857532005,ok,0.09751950204372406,-0.047828443348407745,0.047426678240299225,0.004827155731618404,0.06425665318965912,0.04059296101331711,-0.2695416510105133,-0.11008614301681519,-0.13614070415496826,-0.07349301874637604,-0.03824670100584626
2026-04-24,risk_off,-0.0071618037135278145,ok,0.13804534077644348,-0.028769947588443756,0.028060447424650192,-0.062023963779211044,-0.05902918428182602,-0.2740287482738495,-0.08916738629341125,-0.02331649139523506,0.1251816749572754,-0.06260649859905243,-0.030765475705266
2026-04-27,risk_off,-0.016831418648143193,ok,-0.0493319146335125,-0.1280890256166458,0.0903242751955986,-0.0037794439122080803,-0.08559878915548325,-0.2393735647201538,0.01870771311223507,0.0017073974013328552,-0.029052235186100006,-0.01868392713367939,-0.04431695146486163
2026-04-28,risk_off,0.0013586956521738358,ok,-0.10775525122880936,-0.15490886569023132,0.13390564918518066,0.013762177899479866,0.19662781059741974,-0.06282300502061844,0.16596217453479767,0.04937470331788063,0.14449146389961243,0.056500986218452454,0.043513784371316436
2026-04-29,,,not_session,,,,,,,,,,,
2026-04-30,risk_off,0.06757123473541382,ok,-0.016281913965940475,-0.28956595063209534,0.01764351688325405,0.04392619431018829,-0.0059631397016346455,-0.08061238378286362,0.02121422439813614,-0.10123630613088608,0.029639873653650284,0.03997839242219925,-0.034125749254599214
2026-05-01,risk_off,-0.005846466700559216,ok,0.08389712125062943,-0.15905918180942535,0.011990079656243324,0.030146397650241852,0.14386969804763794,-0.04343012720346451,0.07169559597969055,-0.08838938921689987,0.12876401841640472,0.12842054665088654,0.030790475942194463
2026-05-04,,,not_session,,,,,,,,,,,
2026-05-05,,,not_session,,,,,,,,,,,
2026-05-06,,,not_session,,,,,,,,,,,
2026-05-07,risk_off,0.044234211199181805,ok,-0.0036382293328642845,-0.21710318326950073,-0.1711944341659546,-0.01673015207052231,-0.047033149749040604,0.1070246547460556,-0.013981102034449577,0.01115200761705637,-0.07423583418130875,0.019933557137846947,-0.04058058653026819
2026-05-08,risk_off,-0.003428011753183191,ok,0.036372508853673935,0.17086614668369293,-0.4568670988082886,-0.1392461061477661,-0.00979421753436327,0.3629913628101349,0.08080729842185974,0.14161092042922974,0.1599130630493164,0.08945588022470474,0.043610975798219445
2026-05-11,risk_off,-0.03980343980343981,ok,0.024864988401532173,-0.07873864471912384,-0.4176338016986847,0.1458636224269867,0.06614813208580017,0.41188758611679077,0.05832325667142868,0.04188212752342224,-0.00012833531945943832,0.14433126151561737,0.03968001930043101
2026-05-12,risk_off,0.04938587512794279,ok,0.08450426161289215,-0.14965564012527466,-0.21110841631889343,0.08979418873786926,-0.002675098367035389,0.433734267950058,-0.01128064189106226,0.21897533535957336,0.02939101681113243,0.10737855732440948,0.058905783109366894
2026-05-13,risk_off,0.000731528895391298,ok,-0.11307854950428009,0.24465113878250122,-0.31080734729766846,0.09942255914211273,-0.17754195630550385,0.45981162786483765,-0.08355262875556946,0.12179369479417801,-0.08819404989480972,-0.008587947115302086,0.014391654171049595
2026-05-14,risk_off,-0.06164717348927873,ok,-0.018773091956973076,-0.008435827679932117,-0.14583656191825867,-0.04525652155280113,-0.02594221755862236,0.22634227573871613,0.1550481766462326,-0.017497487366199493,-0.04733504727482796,0.26444825530052185,0.033676195237785575
2026-05-15,risk_off,-0.014801350298623728,ok,0.0688553899526596,-0.15389472246170044,-0.12968620657920837,0.22937597334384918,-0.030563658103346825,0.08900459855794907,0.05218113958835602,-0.08599834889173508,-0.1186404600739479,0.03284943476319313,-0.004651685990393162
2026-05-18,risk_off,-0.041117554032683135,ok,0.028986018151044846,0.15344323217868805,-0.09737592190504074,0.23737043142318726,0.22173313796520233,0.18847055733203888,-0.40533262491226196,0.15286317467689514,-0.3794231712818146,-0.14500702917575836,-0.004427219554781914
2026-05-19,risk_off,0.022539857064321156,ok,0.02983205020427704,-0.04174939543008804,-0.40380343794822693,0.25608593225479126,0.08918452262878418,0.08733848482370377,-0.282287061214447,-0.18410757184028625,0.05556399002671242,-0.46536216139793396,-0.08593046478927135
2026-05-20,risk_off,0.03924731182795704,ok,0.31033778190612793,-0.04379747062921524,-0.122849240899086,0.08509397506713867,-0.006066147703677416,-0.09472847729921341,0.08632956445217133,0.17867138981819153,-0.1719633787870407,-0.19488729536533356,0.0026140700560063125
2026-05-21,risk_off,0.04345576823590269,ok,0.08956952393054962,-0.221703439950943,-0.1150115504860878,0.42260149121284485,0.1343252956867218,-0.17338982224464417,0.1748453974723816,-0.09870746731758118,0.04391619935631752,0.11196553707122803,0.03684111647307873
2026-05-22,risk_off,0.03544868616757557,ok,0.1598861962556839,-0.32484161853790283,-0.11405885964632034,0.07893094420433044,-0.03898090496659279,0.05447867885231972,-0.05060747265815735,-0.035627271980047226,0.14171740412712097,0.18057145178318024,0.005146854743361473
2026-05-25,risk_off,0.002872875269332109,ok,0.013270469382405281,-0.1807587742805481,0.03383069857954979,0.2308826595544815,-0.024192925542593002,-0.19195294380187988,-0.23814529180526733,-0.13276952505111694,0.14683017134666443,-0.24846649169921875,-0.0591471953317523
2026-05-26,risk_off,-0.03962759608498445,ok,0.07907205075025558,-0.2964947521686554,0.040953513234853745,0.36523354053497314,-0.1384536325931549,-0.2955913245677948,0.008945897221565247,-0.09259945154190063,0.023743901401758194,-0.0180126391351223,-0.03232028968632221
2026-05-27,risk_off,0.036539895600298244,ok,-0.14620450139045715,-0.3333938717842102,-0.17260617017745972,0.11963868141174316,-0.05776496231555939,-0.004796785768121481,-0.07410994917154312,0.1265455037355423,0.006141569931060076,0.059680525213479996,-0.047686996031552555
2026-05-28,risk_off,0.0057553956834532904,ok,0.06097881495952606,-0.043342623859643936,-0.048128288239240646,-0.022471338510513306,0.08868101984262466,0.13904370367527008,0.05136959254741669,0.016429375857114792,0.171210378408432,0.3444400131702423,0.07582106478512288
2026-05-29,risk_off,-0.030758226037196024,ok,0.07972033321857452,-0.03330999240279198,-0.07400663197040558,0.03858345001935959,0.15285789966583252,-0.03445793688297272,0.00715991947799921,-0.1006699949502945,-0.04774639755487442,-0.10575570911169052,-0.011762506049126386
2026-06-01,risk_off,0.04674046740467408,ok,0.0227267537266016,0.020947476848959923,0.06556124240159988,-0.0006442992016673088,0.19286084175109863,0.18475382030010223,-0.04037705808877945,0.2558017373085022,0.13359850645065308,0.03176840394735336,0.08669974254444242
2026-06-02,risk_off,0.0230317273795535,ok,0.07492758333683014,0.05093645304441452,-0.18859323859214783,-0.082919642329216,0.018638234585523605,0.15267367660999298,-0.1348515748977661,-0.09206916391849518,0.09327675402164459,-0.0054368688724935055,-0.01134177870117128
2026-06-03,risk_off,0.006202618883528688,ok,0.10464634746313095,-0.03689998388290405,-0.24901896715164185,-0.04810241609811783,0.25841280817985535,-0.17871923744678497,-0.25060001015663147,-0.232737198472023,0.1287587583065033,0.026683660224080086,-0.04775762390345335
2026-06-04,risk_off,-0.10319634703196345,ok,0.02791322022676468,0.015388024039566517,-0.0564478263258934,-0.1338476687669754,0.22395792603492737,0.3106881380081177,-0.030603479593992233,0.2140904664993286,0.11815180629491806,0.23763278126716614,0.0926923387683928
2026-06-05,risk_off,0.04200610997963339,ok,0.05744573473930359,0.03752114251255989,-0.05483902618288994,-0.010740126483142376,0.03488318622112274,0.1775379627943039,-0.10980477929115295,-0.019776007160544395,0.13387936353683472,-0.0925637036561966,0.015354374703019858
2026-06-08,risk_off,-0.00513071096994866,ok,-0.1269882768392563,0.22210921347141266,0.1124664917588234,0.09484753012657166,-0.014396047219634056,0.035665109753608704,-0.21081265807151794,-0.10971245169639587,-0.11425067484378815,0.06001689285039902,-0.005105487070977688
2026-06-09,risk_off,-0.03831041257367385,ok,-0.3461456596851349,-0.12038450688123703,0.11873085051774979,0.10807216912508011,-0.05410308390855789,-0.011794613674283028,-0.3167095184326172,-0.03517357259988785,0.06581701338291168,-0.15848469734191895,-0.07501756194978952
2026-06-10,risk_off,0.10469867211440254,ok,-0.08086822926998138,-0.14958082139492035,-0.01749553717672825,-0.09693748503923416,0.1906389445066452,-0.008365217596292496,-0.11773469299077988,0.13494455814361572,0.09254147857427597,-0.2634064257144928,-0.03162634279578924
2026-06-11,risk_off,0.0598705501618122,ok,-0.33174970746040344,0.04372676461935043,0.22378818690776825,0.05904440954327583,0.18590450286865234,0.20525863766670227,-0.059648748487234116,-0.2203807532787323,-0.10278920829296112,0.15269051492214203,0.015584459900856018
2026-06-12,risk_off,0.025517993456924737,ok,-0.23509566485881805,-0.0025431092362850904,-0.1445247381925583,0.024443699046969414,-0.031018706038594246,-0.1087835505604744,-0.06585235893726349,-0.25054606795310974,0.18543820083141327,0.048683468252420425,-0.05797988276463002
2026-06-15,risk_off,-0.036580178647384054,ok,0.27354493737220764,-0.19529293477535248,0.1228288933634758,0.25596120953559875,0.1360335350036621,-0.17905643582344055,-0.01723279431462288,-0.13539721071720123,-0.10276897251605988,0.0034960575867444277,0.01621162847150117
2026-06-16,risk_off,0.0587196467991169,ok,-0.2351873368024826,0.21077552437782288,-0.11058872938156128,-0.02168520912528038,0.058500226587057114,-0.1723790317773819,0.25351664423942566,-0.01971990056335926,0.01652233488857746,0.1019131988286972,0.00816677212715149
2026-06-17,risk_off,0.06088407005838192,ok,-0.04510127380490303,-0.09752627462148666,-0.13212919235229492,-0.021816235035657883,-0.05970205366611481,-0.02535986341536045,0.001229302491992712,0.1367451697587967,0.04245785251259804,0.26577046513557434,0.006456789700314403
2026-06-18,risk_off,-0.022209119496855334,ok,-0.10374832898378372,-0.35318025946617126,-0.04888008162379265,-0.10631946474313736,0.20792225003242493,0.20320738852024078,-0.07074259221553802,0.13298900425434113,0.04133850708603859,0.14306196570396423,0.004564838856458664
2026-06-19,risk_off,0.0410050251256282,ok,0.10386386513710022,-0.19688580930233002,0.24948756396770477,-0.37674668431282043,0.06430307030677795,-0.14881746470928192,-0.034460678696632385,0.1321934014558792,-0.10423808544874191,-0.1789604276418686,-0.04902612492442131
2026-06-22,risk_off,-0.07800733732380771,ok,0.20762693881988525,0.09427206963300705,-0.03444211930036545,0.1863139569759369,-0.1775185614824295,0.06059334799647331,0.06905916333198547,0.09544625133275986,0.12772388756275177,0.03471990302205086,0.06637948378920555
2026-06-23,risk_off,0.043979057591623016,ok,-0.06564009934663773,0.03563598915934563,-0.19790306687355042,0.15419477224349976,0.11595723032951355,0.11593549698591232,-0.06851024180650711,0.07633058726787567,0.37558382749557495,0.14475055038928986,0.06863350458443165
2026-06-24,risk_off,-0.012036108324974926,ok,-0.017189763486385345,-0.18492169678211212,-0.012600782327353954,-0.2503752112388611,0.1425114870071411,-0.03162223845720291,-0.030815094709396362,0.24871622025966644,-0.11586666852235794,0.1899646669626236,-0.006219908129423857
2026-06-25,risk_off,-0.017664974619289286,ok,-0.12803058326244354,0.19989199936389923,-0.031214911490678787,-0.08300987631082535,0.10118147730827332,0.09269349277019501,-0.17370276153087616,0.14282190799713135,-0.08819705992937088,-0.19037051498889923,-0.015793683007359505
2026-06-26,risk_off,0.01736254650682101,ok,0.33605146408081055,-0.029460011050105095,-0.015524892136454582,0.09671614319086075,0.1331544816493988,0.1455056220293045,0.18764148652553558,0.20616504549980164,0.09363997727632523,0.19568943977355957,0.1349578756839037
2026-06-29,risk_off,0.049167005282405585,ok,0.0302994716912508,0.0784144476056099,0.0011334437876939774,0.13296443223953247,0.041979048401117325,-0.13854080438613892,0.08800625801086426,0.011088164523243904,-0.04135379567742348,-0.025857269763946533,0.01781333964318037
2026-06-30,risk_off,-0.05964368706429124,ok,-0.14600495994091034,0.24193941056728363,0.16886617243289948,0.08163130283355713,0.02988617867231369,0.05406653508543968,-0.31310340762138367,0.061305128037929535,-0.075265072286129,0.12255942821502686,0.0225880715996027
2026-07-01,risk_off,-0.01915156507413507,ok,0.0655616968870163,-0.10313098877668381,-0.1338549107313156,-0.03950159251689911,0.05812256038188934,0.0747782364487648,-0.2916305661201477,0.07080565392971039,0.09770266711711884,-0.011774533428251743,-0.02129217768087983
2026-07-02,,,no_future,,,,,,,,,,,
